fms_id,budget_line,total_budget,spend_to_date,managing_agency,sponsor_agency,vendor_ids
ACSPDF,CS-0003,23545000.00,0.00,ACS,,V0490 V0173
CAPC,CS-D002,100000.00,0.00,ACS,,V0274 V0466
CROSSBH,CS-0005,6000000.00,0.00,ACS,,V0736
CROSSHVAC,CS-0005,2756000.00,0.00,ACS,,V0209
CSK002NLC,CS-K999,249900.00,226900.00,ACS,,V0004 V0490 V0248
EMQREN,CS-0005,50000000.00,0.00,ACS,,V0009
HAMMELCOM,CS-Q002,400000.00,0.00,ACS,,V0523
HORIHVAC,CS-0005,2756000.00,0.00,ACS,,V0490
HORIZONBH,CS-0005,6000000.00,0.00,ACS,,V0315 V0006
JJZROSSLB,CS-K001,173058.01,73058.01,ACS,,V0589
NSCC,CS-0003,14833000.00,0.00,ACS,,V0207
SECDETWHC,CS-0005,1250000.00,0.00,ACS,,V0847
SECDETWHH,CS-0005,1250000.00,0.00,ACS,,V0144 V0026
LBC17DRBR,"LB-D104 , LB-K001",1659000.00,0.00,BPL,,V0684 V0087
LBC25UPIF,LB-D104,1300000.00,0.00,BPL,,V0652 V0045 V0169
LBCENPH3,"LB-0104 , LB-D104 , LB-K001",3800000.00,0.00,BPL,,V0887 V0411
LBK26WWIO,LB-K001,169000.00,0.00,BPL,,V0365 V0209 V0119
LBM22PCOH,"LB-0101 , LB-0104 , LB-D104 , LB-K001",40046000.00,0.00,BPL,,V0904 V0247 V0248
LBM25BWAD,LB-0104,2000000.00,0.00,BPL,,V0292
LBM25CTIF,"LB-0104 , LB-0109 , LB-D104",9000000.00,0.00,BPL,,V0686 V0878
LBM25DKHC,LB-0104,4000000.00,0.00,BPL,,V0292 V0365
LBM25HLIF,"LB-0104 , LB-D104 , LB-K001",4230000.00,0.00,BPL,,V0893
LBM25WBHC,LB-0104,6000000.00,0.00,BPL,,V0487
LBM26HCSB,LB-0104,15000000.00,0.00,BPL,,V0176
LBM26SBBR,LB-0104,15000000.00,0.00,BPL,,V0221 V0057 V0332
LBM27MPOH,LB-K001,1000000.00,0.00,BPL,,V0875
ACECUN211,PU-0025,145776.00,5633.71,CUNY,,V0388
ACECUN212,PU-0025,2382881.00,85766.55,CUNY,,V0365
ACECUN213,PU-0025,152667.00,19965.85,CUNY,,V0627
ACECUN214,PU-0025,1383851.00,47948.93,CUNY,,V0207 V0483 V0009
ACECUN215,PU-0025,141849.00,3250.00,CUNY,,V0288 V0155 V0118
ACECUN216,PU-0025,1102154.00,15259.24,CUNY,,V0975 V0074 V0289
ACECUN221,PU-0025,9322739.00,123473.44,CUNY,,V0187 V0393
ACECUN222,PU-0025,29840468.00,376913.67,CUNY,,V0323 V0274
ACECUN223,"HN-0206 , HN-D002 , PU-0025",6304969.00,0.00,CUNY,,V0233 V0146
ACECUN231,PU-0025,12299396.00,222570.00,CUNY,,V0218
ACECUN232,PU-0025,7999640.00,159984.01,CUNY,,V0310
ACECUN233,PU-0025,18426860.00,241705.00,CUNY,,V0009
ACECUN234,PU-0025,13999864.00,214524.07,CUNY,,V0208 V0411
ACECUN507,HN-D002,371600.00,183060.49,CUNY,,V0434 V0540 V0829
ACECUN801,"HN-0206 , PU-0025",8501472.00,3331648.57,CUNY,,V0057 V0797 V0174
ACECUN901,PU-0025,5107698.00,1077401.91,CUNY,,V0486 V0832
BA001-022,HN-0300,1000000.00,0.00,CUNY,,V0026 V0209 V0751
BA001-023,HN-D300,1167000.00,0.00,CUNY,,V0623 V0842 V0347
BA001-024,HN-M300,235000.00,0.00,CUNY,,V0672 V0652
BA001-026,"HN-D300 , HN-M300",2497000.00,0.00,CUNY,,V0490 V0169
BA013-013,HN-D300,568815.64,411815.64,CUNY,,V0312
BA024-018,HN-D300,250000.00,0.00,CUNY,,V0868 V0365 V0144
BA025-018,HN-D300,260000.00,0.00,CUNY,,V0144
BA030-020,"HN-D300 , HN-M300",1950000.00,0.00,CUNY,,V0707 V0774
BX001-024,"HN-D002 , HN-D004 , HN-X002",3758476.00,46331.00,CUNY,,V0511
BX001-025,"HN-D002 , HN-X002",1969000.00,0.00,CUNY,,V0203 V0150
BX001-026,"HN-D002 , HN-X002",2000000.00,0.00,CUNY,,V0209
BX001-027,HN-X002,1000000.00,0.00,CUNY,,V0541
BX006-022,HN-D002,1149904.00,0.00,CUNY,,V0056 V0057
BX024-011,HN-0206,15955109.00,13301041.02,CUNY,,V0540 V0209 V0487
BX027-015,HN-X002,453859.80,28859.80,CUNY,,V0122
BX038-016,"HN-0206 , HN-D002 , HN-D004",1410988.00,0.00,CUNY,,V0094 V0740 V0786
BX040-017,"HN-0206 , HN-D004",10149329.00,3855563.30,CUNY,,V0520 V0026
BX041-017,"HN-D002 , HN-D004",29840.56,24840.56,CUNY,,V0130
BX042-018,"HN-D004 , HN-X002",1250113.00,0.00,CUNY,,V0554 V0022 V0155
BX044-018,HN-D004,500000.00,0.00,CUNY,,V0530
BX046-019,"HN-D002 , HN-X002",2999608.00,0.00,CUNY,,V0939
BX047-020,HN-X002,500000.00,0.00,CUNY,,V0848
BX049-020,HN-D002,2999898.00,0.00,CUNY,,V0561 V0308 V0475
BY024-012,HN-D300,100000.00,0.00,CUNY,,V0547 V0954
BY025-012,HN-D300,100000.00,0.00,CUNY,,V0305 V0659 V0382
BY031-017,HN-K300,500000.00,0.00,CUNY,,V0562 V0155 V0826
BY032-018,HN-D300,2500000.00,0.00,CUNY,,V0682 V0144
CA001-023,HN-M300,100000.00,0.00,CUNY,,V0144 V0761 V0705
CA001-027,HN-0206,50000000.00,0.00,CUNY,,V0890
CA001QB25,"HN-D002 , HN-D004",1500000.00,0.00,CUNY,,V0026 V0562
CA001QC26,HN-D300,3994000.00,0.00,CUNY,,V0189 V0708 V0043
CA002-021,HN-M300,100000.00,0.00,CUNY,,V0045
CA002-022,"HN-0206 , HN-0300",1442000.00,0.00,CUNY,,V0827 V0084
CA002CA01,HN-0206,599552.00,0.00,CUNY,,V0365
CA003-023,HN-D300,350000.00,0.00,CUNY,,V0618
CA004-021,HN-D004,4999500.00,866950.00,CUNY,,V0341 V0289 V0208
CA004-023,HN-D300,1500000.00,0.00,CUNY,,V0411
CA005-021,HN-M300,100000.00,0.00,CUNY,,V0248 V0476
CA005-022,"HN-0300 , HN-M300",900000.00,0.00,CUNY,,V0115 V0006 V0122
CA006-022,HN-0300,50000.00,0.00,CUNY,,V0574
CA007-022,HN-0300,2600000.00,0.00,CUNY,,V0312 V0443 V0371
CA008QB01,"HN-0206 , HN-D004 , HN-Q001",1748579.00,119359.50,CUNY,,V0499
CA022KG01,HN-0206,10000000.00,131614.73,CUNY,,V0476
CA022KG02,HN-0206,2243334.00,1211555.70,CUNY,,V0782 V0652
CA022QB01,HN-0206,1499615.00,139911.49,CUNY,,V0245
CA025BX01,HN-D002,3230000.00,0.00,CUNY,,V0475 V0056 V0595
CA025QB04,HN-D002,2477000.00,0.00,CUNY,,V0604 V0735
CA025QB05,HN-D002,607000.00,0.00,CUNY,,V0573
CA025QB06,HN-D002,683000.00,0.00,CUNY,,V0150
CA026YC01,"HN-0206 , HN-D004 , HN-D300 , HN-Q300",5143000.00,0.00,CUNY,,V0248 V0450 V0289
CA026YC02,"HN-D300 , HN-Q300",650000.00,0.00,CUNY,,V0490 V0056
CA032-013,HN-D300,1611164.00,1398164.00,CUNY,,V0203 V0611 V0351
CA034HS13,"HN-0206 , HN-D002 , HN-D004",8599000.00,4078730.85,CUNY,,V0818
CA034KG13,HN-D005,126360.00,27823.00,CUNY,,V0209 V0440
CA036-014,HN-X002,2003000.00,3630.53,CUNY,,V0208 V0540
CA049-019,HN-D002,3040064.00,2776371.01,CUNY,,V0130 V0041
CA049-022,HN-D002,2500000.00,0.00,CUNY,,V0572 V0649
CA055QB17,"HN-0206 , HN-Q001",4402059.00,2782132.34,CUNY,,V0248 V0475 V0469
CA056-020,HN-D300,250000.00,0.00,CUNY,,V0017 V0004
CA056QB17,HN-Q001,248000.00,0.00,CUNY,,V0169 V0919 V0274
CA091BX23,"HN-0206 , HN-D002",6250247.00,155099.12,CUNY,,V0009 V0488 V0203
CA091HS96,HN-0206,7000000.00,949097.34,CUNY,,V0411 V0933 V0473
CA091KG02,HN-0206,2714101.00,0.00,CUNY,,V0062
CA091KG03,HN-0206,475675.00,0.00,CUNY,,V0351 V0602
CA091LG22,"HN-0206 , HN-D002",5141815.00,217801.78,CUNY,,V0971 V0954 V0945
CA091LG23,HN-0206,16035401.00,164457.34,CUNY,,V0035 V0035 V0540
CA091QB23,HN-0206,2999711.00,111606.68,CUNY,,V0324 V0448 V0647
CA091QB24,HN-0206,917321.00,93305.10,CUNY,,V0169
CA091QB26,HN-0206,325000.00,30049.44,CUNY,,V0056 V0274 V0289
CA200BX04,"HN-0206 , HN-X002",825475.35,742475.35,CUNY,,V0485 V0016 V0864
CA201BX21,"HN-0206 , HN-D002 , HN-D004 , HN-X001 , HN-X002",3257000.00,135650.56,CUNY,,V0887
CA201MC04,HN-D004,1257861.00,946180.50,CUNY,,V0490 V0311
CA201MC25,HN-D002,1215639.00,0.00,CUNY,,V0982 V0248
CA202-006,HN-0206,717031.88,714031.88,CUNY,,V0785
CA202MC01,"HN-0206 , HN-D002 , HN-M001",4084049.99,3899080.90,CUNY,,V0824 V0248
CA234KG13,"HN-0206 , HN-D002 , HN-D004",10375668.00,476701.27,CUNY,,V0179
CC001-024,HN-M300,250000.00,0.00,CUNY,,V0559 V0622 V0761
CC001-025,"HN-D300 , HN-M300",2000000.00,0.00,CUNY,,V0035
CC001-026,"HN-D300 , HN-M300",3200000.00,0.00,CUNY,,V0006 V0057 V0626
CC002-025,HN-D300,200000.00,0.00,CUNY,,V0487
CC022-012,HN-D300,2399999.99,2077999.99,CUNY,,V0443 V0050
CC026-013,"HN-D300 , HN-M300",6646000.00,0.00,CUNY,,V0840 V0410
CC039-017,HN-D300,200000.00,0.00,CUNY,,V0248 V0056
CC041-018,HN-D300,1800000.00,0.00,CUNY,,V0278 V0931 V0248
CC042-018,HN-D300,1252000.00,0.00,CUNY,,V0966 V0684
CC045-019,HN-D300,1200000.00,0.00,CUNY,,V0502 V0231
CL001-024,"HN-0300 , HN-D300 , HN-Q006 , HN-Q300",9697000.00,0.00,CUNY,,V0878
CL001-026,HN-D300,3700000.00,0.00,CUNY,,V0021 V0596
CL001-027,HN-Q300,1000000.00,0.00,CUNY,,V0877 V0652 V0209
GR001-025,"HN-D300 , HN-M300",299500.00,110250.00,CUNY,,V0144 V0619
GR001-026,"HN-D300 , HN-M300",1200000.00,0.00,CUNY,,V0360
GR010-022,HN-D300,120000.00,0.00,CUNY,,V0247 V0650
GR017-014,"HN-D300 , HN-M300",1585332.32,1446275.74,CUNY,,V0580 V0438
GR018-015,HN-D300,500000.00,0.00,CUNY,,V0248 V0617
GR022-017,"HN-D300 , HN-M300",3604000.00,0.00,CUNY,,V0002 V0377
GR023-017,HN-D300,975000.00,0.00,CUNY,,V0056
GR029-020,"HN-D300 , HN-M300",125000.00,0.00,CUNY,,V0009 V0365
GU031-013,HN-D004,1000000.00,0.00,CUNY,,V0213
GU051-015,HN-D002,31000.00,0.00,CUNY,,V0336
HC001-026,"HN-D300 , HN-M003",750000.00,0.00,CUNY,,V0462 V0084
HC002-024,HN-D002,300000.00,0.00,CUNY,,V0562
HC026-011,HN-D300,300311.00,0.00,CUNY,,V0460 V0312 V0742
HC075-098,"HN-0206 , HN-0244",16462727.55,16441727.55,CUNY,,V0174 V0572 V0172
HC999-000,"HN-0206 , HN-0244 , HN-D300 , HN-M300",1274000.00,0.00,CUNY,,V0094
HS001-024,"HN-D002 , HN-X002",6500000.00,41026.85,CUNY,,V0590 V0519
HS001-027,HN-X002,110000.00,0.00,CUNY,,V0889 V0087 V0604
HS007-010,HN-D004,291412.31,118412.31,CUNY,,V0529 V0150
HS007-022,"HN-0206 , HN-D002 , HN-X002",7000000.00,0.00,CUNY,,V0289 V0869
HS033-007,HN-X002,2000000.00,48587.89,CUNY,,V0486
HS034-007,HN-D004,250000.00,0.00,CUNY,,V0564 V0878
HS040-009,HN-0206,1000.00,0.00,CUNY,,V0009
HS041-011,"HN-0206 , HN-X002",5823820.00,5414291.78,CUNY,,V0045
HS043-011,HN-0206,535000.00,0.00,CUNY,,V0520 V0174
HS047-013,HN-D002,887539.28,837539.28,CUNY,,V0433 V0443 V0248
HS048-013,"HN-0206 , HN-D002",3354572.97,99572.97,CUNY,,V0490
HS050-014,HN-D005,4495000.00,7319.47,CUNY,,V0652 V0475
HS055-098,HN-0206,518440.00,507440.00,CUNY,,V0274 V0188
HS057-019,"HN-D002 , HN-X002",1000000.00,0.00,CUNY,,V0877 V0187 V0174
HS059-021,HN-X002,500000.00,0.00,CUNY,,V0208
HU001-023,HN-D300,1000000.00,0.00,CUNY,,V0877 V0227
HU001-026,"HN-D300 , HN-M300",350000.00,0.00,CUNY,,V0365
HU002-022,HN-0300,4000000.00,0.00,CUNY,,V0841 V0243 V0502
HU002-023,HN-D300,100000.00,0.00,CUNY,,V0002 V0896 V0224
HU002-026,HN-D300,1600000.00,0.00,CUNY,,V0652
HU003-021,HN-D300,4000000.00,0.00,CUNY,,V0090 V0679 V0015
HU003-023,HN-D300,150000.00,0.00,CUNY,,V0216 V0026 V0572
HU004-021,HN-M300,100000.00,0.00,CUNY,,V0203 V0485 V0604
HU011-022,HN-D300,150000.00,0.00,CUNY,,V0937 V0146
HU022-009,"HN-D004 , HN-M004",610103.32,570304.62,CUNY,,V0026 V0537
HU027-013,HN-0300,28290000.00,0.00,CUNY,,V0583 V0562
HU028-015,HN-M300,300000.00,0.00,CUNY,,V0412 V0222 V0035
HU029-015,HN-D300,375000.00,0.00,CUNY,,V0122 V0601 V0421
HU035-016,"HN-D300 , HN-M003",612000.00,0.00,CUNY,,V0187 V0080
HU036-017,"HN-D300 , HN-M300",500000.00,0.00,CUNY,,V0640 V0843
HU037-017,HN-D300,5000000.00,0.00,CUNY,,V0145 V0312
HU039-018,HN-D300,3500000.00,0.00,CUNY,,V0877 V0427
HU040-018,HN-D300,1900000.00,0.00,CUNY,,V0096 V0540 V0208
HU040-019,HN-M300,250000.00,0.00,CUNY,,V0411 V0652 V0652
HU041-019,HN-D300,2285000.00,0.00,CUNY,,V0146 V0169 V0086
HU043-020,HN-D300,4000000.00,0.00,CUNY,,V0154
JJ001-021,HN-M300,100000.00,0.00,CUNY,,V0485
JJ024-017,HN-D300,650000.00,0.00,CUNY,,V0542
JJ029-018,HN-D300,1000000.00,0.00,CUNY,,V0289 V0297
KG001-022,HN-K250,450000.00,0.00,CUNY,,V0730 V0475 V0248
KG001-024,HN-K250,3000000.00,44190.77,CUNY,,V0183 V0146 V0350
KG001-025,HN-K250,2000000.00,0.00,CUNY,,V0780
KG001-026,HN-K002,100000.00,0.00,CUNY,,V0859 V0587
KG002-022,"HN-0206 , HN-D004",2995000.00,134221.30,CUNY,,V0540 V0009
KG002-026,HN-D002,2000000.00,0.00,CUNY,,V0056 V0166
KG025-009,HN-K250,2298032.00,2211996.88,CUNY,,V0174
KG030-012,"HN-D002 , HN-D004",4031992.27,3782251.43,CUNY,,V0411 V0800 V0487
KG031-013,"HN-0206 , HN-D002",8897082.00,406668.60,CUNY,,V0009 V0742
KG037-015,HN-0206,7500000.00,0.00,CUNY,,V0130 V0627 V0562
KG206-006,HN-0206,3281981.00,2975054.61,CUNY,,V0618 V0901 V0652
LAGUARDIA,ED-Q384,413164.06,334535.37,CUNY,,V0562 V0824 V0045
LG001-024,"HN-D002 , HN-Q004",5000000.00,0.00,CUNY,,V0247 V0404 V0216
LG001-026,HN-D002,3000000.00,0.00,CUNY,,V0877
LG001-027,HN-Q004,2000000.00,0.00,CUNY,,V0524 V0035 V0283
LG002-021,HN-D003,75000.00,0.00,CUNY,,V0653
LG002-024,HN-D002,2000000.00,0.00,CUNY,,V0086
LG003-023,"HN-D002 , HN-Q004",7000000.00,0.00,CUNY,,V0975
LG020-009,HN-Q004,8563356.15,8000128.81,CUNY,,V0475 V0247
LG036-014,"HN-0206 , HN-D002 , HN-D004 , HN-Q004",11321409.00,678750.26,CUNY,,V0349 V0203
LG041-016,"HN-D002 , HN-Q004 , HN-Q006",6471906.00,643396.97,CUNY,,V0215 V0800
LG043-018,"HN-D002 , HN-D004 , HN-Q004",8217600.00,265264.39,CUNY,,V0150 V0540
LG071-019,"HN-D002 , HN-Q004",3332000.00,0.00,CUNY,,V0746
LG072-019,HN-D002,150000.00,0.00,CUNY,,V0208
LM001-024,"HN-D300 , HN-X300",3000000.00,0.00,CUNY,,V0470
LM001-026,"HN-D300 , HN-X300",1000000.00,0.00,CUNY,,V0553
LM001-027,HN-X300,75000.00,0.00,CUNY,,V0966 V0002
LM002-021,HN-D300,468000.00,0.00,CUNY,,V0517 V0144 V0485
LM002-027,HN-X300,575000.00,0.00,CUNY,,V0144 V0720
LM019-011,HN-X005,848985.58,809985.58,CUNY,,V0487 V0900 V0843
LM021-012,HN-D300,1958315.07,1475954.07,CUNY,,V0009 V0614
LM022-013,"HN-D300 , HN-X300",895244.20,867244.20,CUNY,,V0956
LM025-014,HN-X300,500035.61,493035.61,CUNY,,V0240 V0070 V0209
LM034-018,"HN-X005 , HN-X300",368000.00,0.00,CUNY,,V0751 V0801
LM036-019,HN-D300,1227000.00,1200000.00,CUNY,,V0848 V0893 V0245
LM041-020,"HN-D300 , HN-X300",699884.00,690381.00,CUNY,,V0086
LM043-021,"HN-0206 , HN-D004 , HN-D300 , HN-X004",1071142.00,576450.36,CUNY,,V0351 V0476 V0002
MC001-021,HN-M005,100000.00,0.00,CUNY,,V0652
MC001-022,"HN-0206 , HN-D002 , HN-D004 , HN-M001",7300000.00,74914.55,CUNY,,V0150 V0734 V0150
MC001-023,HN-D002,2000000.00,0.00,CUNY,,V0886
MC001-024,"HN-D002 , HN-M005",350000.00,0.00,CUNY,,V0826 V0710 V0130
MC001-025,"HN-D002 , HN-M001",350000.00,0.00,CUNY,,V0877 V0245
MC028-010,"HN-M001 , PU-0025",11127438.57,10808588.30,CUNY,,V0572 V0706 V0086
MC029-012,HN-D004,1398670.65,998670.65,CUNY,,V0395 V0063
MC036-016,"HN-D002 , HN-M005",649000.00,0.00,CUNY,,V0381
MC040-018,"HN-D002 , HN-D004",535000.00,0.00,CUNY,,V0862
MC042-018,"HN-D002 , HN-D004",2250000.00,115107.29,CUNY,,V0006
MC045-020,"HN-D002 , HN-M005",1300051.00,0.00,CUNY,,V0652
ME001-023,HN-D300,2700000.00,0.00,CUNY,,V0208 V0209 V0130
ME001-024,HN-D300,4500000.00,0.00,CUNY,,V0208 V0528 V0562
ME001-025,HN-K300,1500000.00,0.00,CUNY,,V0116 V0245
ME001-026,HN-D300,4500000.00,0.00,CUNY,,V0122 V0208 V0155
ME018-005,HN-0206,9726124.52,9651124.52,CUNY,,V0026 V0443
ME027-011,HN-0206,4463368.74,4244368.74,CUNY,,V0144
ME030-013,HN-0206,1701118.00,1700118.00,CUNY,,V0604
ME031-013,HN-D300,1399889.01,1352889.01,CUNY,,V0411 V0216 V0196
ME038-016,HN-D300,1500000.00,0.00,CUNY,,V0508 V0338 V0563
ME039-017,HN-D300,1500000.00,0.00,CUNY,,V0118
ME041-018,HN-D300,1500000.00,0.00,CUNY,,V0056 V0155
ME042-019,HN-D300,2250000.00,0.00,CUNY,,V0150
ME043-020,HN-K300,1000000.00,0.00,CUNY,,V0043
MH040-014,HN-D300,285000.00,0.00,CUNY,,V0653 V0035
MH053-016,HN-D300,100000.00,0.00,CUNY,,V0074 V0221
MH059-017,HN-D300,450000.00,0.00,CUNY,,V0475 V0488
MH060-020,HN-D300,450000.00,0.00,CUNY,,V0384 V0365 V0921
NY001-027,HN-K300,1000000.00,0.00,CUNY,,V0633 V0074 V0572
NY006-009,HN-K002,821905.72,785027.96,CUNY,,V0245 V0274 V0311
NY024-018,"HN-D300 , HN-K300",5704896.00,5250000.00,CUNY,,V0864 V0013
NY025-018,"HN-D300 , HN-K002",10347107.00,7918079.36,CUNY,,V0231 V0009
OFFSHRWND,ED-0075,3758000.00,0.00,CUNY,,V0490 V0597
QB001-021,HN-D004,4106264.00,0.00,CUNY,,V0333
QB001-022,"HN-0206 , HN-D004 , HN-Q001",3423000.00,111242.03,CUNY,,V0208 V0722
QB001-023,"HN-0206 , HN-D002 , HN-Q001",6747000.00,172938.25,CUNY,,V0074 V0208 V0476
QB001-026,HN-Q001,3000000.00,0.00,CUNY,,V0916 V0729
QB002-024,HN-D002,21000.00,0.00,CUNY,,V0009
QB002-025,HN-Q001,232000.00,0.00,CUNY,,V0063
QB002-026,"HN-0206 , HN-D002",7000000.00,0.00,CUNY,,V0144
QB023-004,HN-0206,2500602.88,2342602.88,CUNY,,V0035 V0950
QB031-007,HN-0206,17549653.65,11525642.17,CUNY,,V0174 V0878
QB040-011,"HN-0206 , HN-D004",2299736.76,1181736.76,CUNY,,V0057 V0006
QB041-011,HN-0206,2350350.00,1484054.32,CUNY,,V0707
QB054-016,"HN-D002 , HN-D005",1430832.00,152629.12,CUNY,,V0183 V0115
QB062-020,HN-D002,7317452.00,120446.50,CUNY,,V0652
QB063-020,HN-D002,3000.00,0.00,CUNY,,V0035 V0575
QC001-022,"HN-0206 , HN-D300 , HN-Q300",7763600.00,538362.00,CUNY,,V0187 V0035 V0661
QC001-023,"HN-0300 , HN-D300 , HN-Q300",8657800.00,347547.00,CUNY,,V0926
QC001-025,HN-Q300,500000.00,0.00,CUNY,,V0144 V0210
QC001-027,HN-Q300,700000.00,0.00,CUNY,,V0915
QC002-024,HN-D300,1600000.00,0.00,CUNY,,V0176 V0357
QC002-026,HN-D300,874000.00,0.00,CUNY,,V0169 V0961
QC003-024,HN-D300,200000.00,0.00,CUNY,,V0009 V0035 V0507
QC004-013,HN-Q300,5322768.60,236768.60,CUNY,,V0737
QC006-022,HN-D300,1150000.00,0.00,CUNY,,V0312 V0869 V0485
QC039-011,HN-D300,50000.00,0.00,CUNY,,V0956 V0556
QC047-013,HN-Q300,227000.00,0.00,CUNY,,V0057
QC054-015,HN-D300,3099666.58,3050473.13,CUNY,,V0561 V0269 V0411
QC061-016,"HN-D300 , HN-Q300",1500000.00,0.00,CUNY,,V0057 V0145
QC061-017,HN-D300,1326000.00,0.00,CUNY,,V0527 V0203 V0130
QC065-017,HN-Q300,1000175.00,161175.00,CUNY,,V0045
QC066-017,HN-D300,1999500.00,245500.00,CUNY,,V0203 V0074 V0423
QC070-018,HN-D300,1900000.00,0.00,CUNY,,V0925 V0443
QC074-019,HN-D300,1450000.00,0.00,CUNY,,V0009 V0045
QC075-020,HN-Q300,1000000.00,0.00,CUNY,,V0752 V0263 V0247
QC076-020,HN-D300,1000000.00,0.00,CUNY,,V0652 V0046 V0540
QC078-020,HN-D300,2500000.00,0.00,CUNY,,V0006 V0942
QC079-020,HN-Q300,500433.00,0.00,CUNY,,V0146 V0118 V0878
SAND-KG02,HN-0206,512743.92,26743.92,CUNY,,V0056
SAND-KG03,HN-0206,11064000.00,3019760.88,CUNY,,V0122
SAND-MC01,HN-0206,110000.00,0.00,CUNY,,V0150 V0206 V0520
SEED-YC27,HN-0300,5800000.00,0.00,CUNY,,V0562 V0152 V0644
SJ002-025,HN-D300,216000.00,0.00,CUNY,,V0035
ST001-021,HN-D300,615000.00,0.00,CUNY,,V0367 V0168 V0045
ST001-023,HN-D300,1200000.00,0.00,CUNY,,V0146 V0453 V0056
ST001-025,"HN-D300 , HN-R300",2450000.00,0.00,CUNY,,V0702 V0022
ST002-024,HN-D300,4932000.00,0.00,CUNY,,V0365
ST039-019,"HN-D300 , HN-R001",300160.00,202160.00,CUNY,,V0596
ST041-020,"HN-D300 , HN-R001",1250070.00,53722.00,CUNY,,V0532 V0186 V0443
YC001-010,HN-D300,448000.00,0.00,CUNY,,V0848
YC001-021,HN-D300,1035000.00,0.00,CUNY,,V0572 V0201
YC001-022,HN-Q300,1000000.00,0.00,CUNY,,V0409
YC001-026,"HN-D300 , HN-Q300",2840000.00,0.00,CUNY,,V0386
YC002-024,HN-D300,6000000.00,0.00,CUNY,,V0604 V0035
YC002-025,HN-Q300,1000000.00,0.00,CUNY,,V0146 V0923 V0910
YC008-022,HN-D300,1248000.00,0.00,CUNY,,V0964
YC022-007,HN-D300,411000.00,0.00,CUNY,,V0485 V0498 V0289
YC027-008,HN-Q006,199000.00,0.00,CUNY,,V0951
YC028-008,HN-Q300,145000.00,0.00,CUNY,,V0607
YC049-014,HN-D300,200000.00,0.00,CUNY,,V0138 V0357
YC051-015,HN-D300,484000.00,0.00,CUNY,,V0045 V0189
YC054-017,HN-Q300,640000.00,0.00,CUNY,,V0485
YC055-017,HN-D300,2000000.00,0.00,CUNY,,V0028
YC059-019,HN-D300,4563450.00,2867635.00,CUNY,,V0044
YC061-020,"HN-D300 , HN-Q300",8126785.00,7027785.00,CUNY,,V0130 V0245 V0974
YC062-020,HN-D300,978000.00,0.00,CUNY,,V0379 V0463 V0289
YC063-020,HN-D300,2000000.00,0.00,CUNY,,V0009 V0795 V0009
CA202HS04,"HN-0206 , HN-D002",1403848.61,636848.61,CUNY,CUNY,V0480 V0068
MC024-008,HN-D002,1592955.31,71955.31,CUNY,CUNY,V0056 V0978 V0708
CA019HS01,HN-D005,325188.78,284048.66,CUNY,CUNY,V0006 V0485
BX031-009,,2380779.36,2380779.36,CUNY,CUNY,V0716
CA054BX18,,6973000.00,4229239.94,CUNY,CUNY,V0562 V0804
CA091LG19,,0.00,0.00,CUNY,CUNY,V0540 V0033 V0289
HS054-017,HN-D002,7648339.00,7186468.98,CUNY,CUNY,V0245 V0289 V0144
CA022BX01,"HN-0206 , HN-D002 , HN-D003 , HN-D004",31444193.00,710300.46,CUNY,CUNY,V0056 V0487
CA200BX21,HN-0206,22499871.00,19426869.82,CUNY,CUNY,V0443
YC002-023,HN-D300,1500000.00,0.00,CUNY,CUNY,V0009 V0655
CA034QB13,HN-0206,1540263.00,570804.12,CUNY,CUNY,V0274 V0132 V0046
CA091QB25,HN-0206,650359.00,132454.04,CUNY,CUNY,V0248 V0026
KG045-020,HN-0206,7963208.00,0.00,CUNY,CUNY,V0411 V0878
CC001-022,HN-0300,2499500.00,477950.47,CUNY,CUNY,V0534 V0619
GU001-012,HN-D002,392594.00,282178.94,CUNY,CUNY,V0891
29202604,"HO-0214 , PU-0025",22920000.00,0.00,DCAS,,V0652
34202601,PU-0025,2700000.00,0.00,DCAS,,V0448 V0209
52CHAMELV,PW-0077,25908000.00,0.00,DCAS,,V0272 V0485
ACEDCA214,PU-0025,22297000.00,0.00,DCAS,,V0411 V0351
ACEDCA222,PU-0025,877000.00,0.00,DCAS,,V0411 V0169
ACEDCA501,PU-0025,9746000.00,0.00,DCAS,,V0786
ACEDEP211,PU-0025,31625000.00,0.00,DCAS,,V0252 V0247
ACEDEP213,PU-0025,10000000.00,0.00,DCAS,,V0655 V0644 V0453
ACEDPR704,PU-0025,0.00,0.00,DCAS,,V0540 V0174
ACEFIT211,PU-0025,2665877.00,0.00,DCAS,,V0475 V0401 V0045
ACEFIT241,PU-0025,1010291.00,0.00,DCAS,,V0604 V0259
C114ACADY,PU-0025,2031000.00,0.00,DCAS,,V0562 V0636 V0877
C75BULOVA,C -0075,1016000.00,0.00,DCAS,,V0074
CO264CADA,CO-0264,13000.00,0.00,DCAS,,V0843
CO264DCAS,CO-0264,91801000.00,0.00,DCAS,,V0002
CO264MN60,CO-0264,390404000.00,0.00,DCAS,,V0866 V0377 V0940
CO264SIMP,CO-0264,370064000.00,0.00,DCAS,,V0476 V0245 V0302
CO278CELL,CO-0278,5910000.00,0.00,DCAS,,V0183 V0443
CO278CRT,CO-0278,3392000.00,0.00,DCAS,,V0672 V0617 V0548
CO278ELV,CO-0278,23963000.00,0.00,DCAS,,V0045
CO283DANY,"CO-0283 , PW-0077 , PW-0324",2000000.00,0.00,DCAS,,V0122
CO283FIRE,"CO-0283 , PW-0077",39349037.03,9112128.53,DCAS,,V0392
CO284OCA,CO-0284,5943000.00,0.00,DCAS,,V0463 V0859
CO288MS4,CO-0288,1310000.00,0.00,DCAS,,V0933
CO293FMBO,CO-0264,600000.00,0.00,DCAS,,V0208 V0208 V0503
CO294BACK,"CO-0264 , CO-0294 , CO-0294",1943040.89,1857040.89,DCAS,,V0382
CO296EV1,CO-0296,38347000.00,0.00,DCAS,,V0009 V0189
CO298HEAR,CO-0298,6855000.00,0.00,DCAS,,V0324
CO299RF,CO-0299,12461000.00,0.00,DCAS,,V0049
CO300FIRE,CO-0300,16044000.00,0.00,DCAS,,V0056 V0411 V0963
CO300RF,"CO-0300 , PW-D078",6185000.00,0.00,DCAS,,V0208 V0487
CO304RF1,CO-0264,10127000.00,0.00,DCAS,,V0056
CO305REHB,"CO-0264 , CO-0305",32682408.77,31249038.31,DCAS,,V0247
CO306FASP,CO-0306,13450000.00,0.00,DCAS,,V0118 V0130 V0363
CO306MHCB,"CO-0306 , PU-0025",18477000.00,0.00,DCAS,,V0086
COD294CBG,CO-D294,50000.00,0.00,DCAS,,V0878 V0189 V0673
CO-HVAC,CO-0264,7088000.00,0.00,DCAS,,V0572 V0289
CO-LL5,CO-0264,6081000.00,0.00,DCAS,,V0974 V0892
CO-LL5FS,CO-0264,1328000.00,0.00,DCAS,,V0334
CS5YFJX,CS-0003,5440351.00,208351.00,DCAS,,V0026
DAVIDCC,PW-D005,750000.00,0.00,DCAS,,V0056 V0443 V0490
E13-0002,PU-0025,15783664.80,15783897.89,DCAS,,V0487 V0474
E22-0001,PU-0025,667785847.93,26933172.84,DCAS,,V0057 V0189
E23-0010,PU-0025,6561080.96,0.00,DCAS,,V0554
E24-0002,PU-0025,9991231.00,0.00,DCAS,,V0312
E24-0009,PU-0025,23004000.00,0.00,DCAS,,V0135
E24-DSNY1,PU-0025,17104665.73,0.00,DCAS,,V0130
E26-0002,PU-0025,6501000.00,0.00,DCAS,,V0312 V0940 V0213
E26-DB01,PU-0025,40000000.00,0.00,DCAS,,V0245 V0122
HL82WAREH,HL-0082,2205179.00,150000.00,DCAS,,V0947 V0289
HWHARPERG,PU-0025,336000.00,0.00,DCAS,,V0312
HWQFHUB,HW-0003,18108000.00,0.00,DCAS,,V0006
LBC22KBIF,PU-0025,123000.00,0.00,DCAS,,V0208 V0961 V0550
LL97SOLR,PU-0025,295000000.00,0.00,DCAS,,V0791
LQBW-EXP,PU-0025,0.00,0.00,DCAS,,V0544 V0130
LQD122LAE,PU-0025,0.00,0.00,DCAS,,V0969 V0216
LQMARN-23,PU-0025,308000.00,0.00,DCAS,,V0035 V0056 V0518
LQSHRN-23,PU-0025,426000.00,0.00,DCAS,,V0118 V0014 V0144
LQSZ-RENO,PU-0025,240000.00,0.00,DCAS,,V0006 V0468 V0056
MICROH M,PU-0025,3028000.00,0.00,DCAS,,V0684 V0348 V0009
P-1SDVREC,PU-0025,0.00,0.00,DCAS,,V0604 V0057 V0547
P-404HOPK,PU-0025,0.00,0.00,DCAS,,V0918
PO79189M,PO-0079,2893147.52,2892179.94,DCAS,,V0511 V0601
PO79-375P,PO-0079,14890349.50,14706537.58,DCAS,,V0150
PO79IAB,,4950690.25,4950690.25,DCAS,,V0954
PO79QNTE,PO-0079,4501000.00,0.00,DCAS,,V0475
PT195-VAR,RE-0025,5085713.80,1778713.80,DCAS,,V0813
PW077QBHH,"PW-0077 , PW-Q077",4000000.00,0.00,DCAS,,V0878 V0878
PW193TOW,PW-0193,25678000.00,0.00,DCAS,,V0074
PW195GARB,PW-0195,2321000.00,0.00,DCAS,,V0562 V0504
PW195RF,PW-0195,12212000.00,0.00,DCAS,,V0533 V0686
PW195WATP,PW-0195,3476000.00,0.00,DCAS,,V0183 V0208
PW266DER,"PU-0025 , PW-0077 , PW-0266",28096410.00,0.00,DCAS,,V0960 V0541 V0718
PW266TOIL,"PW-0077 , PW-0077",19578000.00,0.00,DCAS,,V0130 V0529 V0459
PW266WORT,PW-0266,8584000.00,0.00,DCAS,,V0086 V0086 V0044
PW282WADA,PW-0282,9755000.00,0.00,DCAS,,V0677 V0470
PW291ADA,"PW-0282 , PW-0291",1625000.00,0.00,DCAS,,V0009
PW291HVAC,"PU-0025 , PW-0291",6517000.00,0.00,DCAS,,V0006 V0603
PW293125D,PW-0293,67262000.00,0.00,DCAS,,V0057 V0289
PW293198X,PW-0293,23798000.00,0.00,DCAS,,V0006
PW293280A,PW-0293,1495284.00,0.00,DCAS,,V0057
PW293VETH,PW-0077,4796000.00,0.00,DCAS,,V0540 V0540 V0006
PW308PS1,PW-0308,1091010.00,418010.00,DCAS,,V0604 V0540
PW310COOL,"PW-0077 , PW-0310",370481.10,5481.10,DCAS,,V0009 V0056 V0059
PW316CT,PW-0316,14844000.00,0.00,DCAS,,V0529
PW324ASTR,PW-0324,2422000.00,0.00,DCAS,,V0314 V0042 V0014
PW324CLIP,PW-0324,10468000.00,0.00,DCAS,,V0594 V0554 V0487
PW324CMGT,PW-0324,68000.00,0.00,DCAS,,V0057 V0086
PW324IVR3,PW-0324,862000.00,0.00,DCAS,,V0289 V0146
PW324MAIN,PW-0324,13418000.00,0.00,DCAS,,V0540
PW324OMIS,PW-0324,5702331.44,798331.44,DCAS,,V0767 V0462
PW324QBH,PW-Q077,474279.48,407439.48,DCAS,,V0247 V0086
PW324SERR,PW-0324,1432000.00,0.00,DCAS,,V0274 V0954 V0007
PW326DOFR,PW-0326,1591000.00,0.00,DCAS,,V0559 V0439 V0535
PW326LAWX,PW-0326,1843824.72,1843601.38,DCAS,,V0389
PW326RAQ,PW-0326,4500000.00,0.00,DCAS,,V0780 V0070 V0086
PW326TLQ5,PW-0326,13841000.00,12685750.00,DCAS,,V0286 V0294 V0360
PW326ZM03,PW-0326,226000.00,0.00,DCAS,,V0845 V0683 V0202
PW335ASB4,PW-0335,9540461.49,7236258.21,DCAS,,V0900 V0146
PW357EXTR,PW-0077,31442711.15,30829832.23,DCAS,,V0384 V0769 V0169
PW77115CH,PW-0077,3362000.00,0.00,DCAS,,V0045 V0365 V0525
PW77125BO,PW-0077,79769000.00,0.00,DCAS,,V0035 V0688
PW77198HV,PW-0077,26090000.00,0.00,DCAS,,V0885 V0126 V0796
PW771C14,PW-0077,20000000.00,0.00,DCAS,,V0487 V0208
PW771C21,PW-0077,10500000.00,0.00,DCAS,,V0085
PW771CEAD,"PW-0077 , PW-0282",7227000.00,0.00,DCAS,,V0588
PW77207EL,PW-0077,8949000.00,0.00,DCAS,,V0485 V0645
PW77207HV,PW-0077,11246000.00,0.00,DCAS,,V0130 V0074 V0504
PW77208EL,PW-0077,9487000.00,0.00,DCAS,,V0423
PW7722R5,PW-0077,9028000.00,0.00,DCAS,,V0035
PW77417RF,PW-0077,15126000.00,0.00,DCAS,,V0026 V0485
PW77417SW,PW-0077,5649183.38,88900.78,DCAS,,V0877
PW77417TU,"PW-0077 , PW-0077",4400000.00,0.00,DCAS,,V0006 V0490
PW77501AD,PW-0077,7700000.00,0.00,DCAS,,V0318 V0706 V0826
PW77CADRF,PW-0077,5364000.00,0.00,DCAS,,V0309 V0668
PW77CHVAC,PW-0077,16618000.00,0.00,DCAS,,V0983 V0006 V0951
PW77CJC,PW-0077,5000000.00,0.00,DCAS,,V0147
PW77CTCX4,PW-0077,30201000.00,0.00,DCAS,,V0416 V0351 V0477
PW77CTYAD,"PW-0077 , PW-0282",4639000.00,0.00,DCAS,,V0183 V0485 V0740
PW77DAK01,"PW-0077 , PW-0293",443999.63,406999.63,DCAS,,V0475 V0634 V0117
PW77DATU,PW-0077,2283000.00,0.00,DCAS,,V0312
PW77DOPRD,PW-0077,2387000.00,0.00,DCAS,,V0026
PW77MBAC,PW-0077,118000.00,0.00,DCAS,,V0708 V0002 V0532
PW77NG911,PW-0326,4919232.49,4391857.95,DCAS,,V0026
PW77OPER,PW-0077,5257000.00,0.00,DCAS,,V0418 V0146 V0247
PW77QPLNT,PW-0077,25153000.00,0.00,DCAS,,V0136
PW77REHAB,PW-0077,114100382.76,8382.76,DCAS,,V0146
PW77SC14,"PW-0077 , PW-0077",405000.00,1522.67,DCAS,,V0475
PW77SECAM,PW-0077,497967.51,108967.51,DCAS,,V0144
PW77SICJC,PW-0077,5000000.00,0.00,DCAS,,V0098
PW77WSHP,PW-0077,5769000.00,0.00,DCAS,,V0208 V0130 V0417
PW77X215,PW-0077,2494000.00,0.00,DCAS,,V0872 V0122 V0700
PW77ZK07,"PW-0077 , PW-0077",473000.00,0.00,DCAS,,V0365 V0400 V0286
PW80CT1,PW-0080,558000.00,0.00,DCAS,,V0519
PW80DHWH,PW-0080,2269000.00,0.00,DCAS,,V0540
PW80ELEC,PW-0080,13000000.00,0.00,DCAS,,V0248 V0366 V0209
PWBKBP,PW-K002,1000000.00,0.00,DCAS,,V0786 V0084
PWCN001,PW-D077,68000.00,0.00,DCAS,,V0740
PWCOMP13,PW-0077,200000.00,0.00,DCAS,,V0160 V0485 V0411
PWCOMP14,PW-0077,5951799.84,5734204.88,DCAS,,V0203
PWD007HPD,PW-D007,550000.00,0.00,DCAS,,V0411
PWD05CYBR,PW-D005,3721757.90,3629757.90,DCAS,,V0054 V0353
PWD05DAHV,PW-D005,479000.00,0.00,DCAS,,V0209 V0572
PWD30BENC,PW-D308,100000.00,0.00,DCAS,,V0443 V0187
PWD5HSCHR,PW-D005,1000000.00,0.00,DCAS,,V0169 V0055 V0700
PWD78BLL,PW-D078,300000.00,0.00,DCAS,,V0877 V0122
PWD78SSCT,PW-D078,200000.00,0.00,DCAS,,V0351
PWDNIBO1,PW-D077,250000.00,0.00,DCAS,,V0443
PWDNTEW,PW-D005,800000.00,0.00,DCAS,,V0487 V0850
PWDPALWB,PW-D005,5000000.00,0.00,DCAS,,V0135 V0216 V0183
PWDPLONG,PW-D005,500000.00,0.00,DCAS,,V0487
PWDPLONG2,"PW-0077 , PW-D005",6100000.00,0.00,DCAS,,V0127 V0589
PWK2LEED,PW-K002,200000.00,0.00,DCAS,,V0150
PWM77FJC,"PW-0077 , PW-D077 , PW-M077",8665946.72,8318569.79,DCAS,,V0624
PWMOCSIT1,"PW-0077 , PW-0077",622000.00,0.00,DCAS,,V0338
PWQ77QBH2,PW-Q077,186000.00,0.00,DCAS,,V0365
PWR077MUR,PW-R077,50000.00,0.00,DCAS,,V0169 V0060 V0274
PWR77GRGE,"PW-0077 , PW-R077",780000.00,0.00,DCAS,,V0245 V0366
PWR77SICC,PW-R077,1000000.00,0.00,DCAS,,V0245 V0702 V0476
PWSTORCCT,PW-0077,550000.00,0.00,DCAS,,V0885 V0243
PWXGLASS,PW-X078,500000.00,0.00,DCAS,,V0351
PWXPALHV,PW-X078,1000000.00,0.00,DCAS,,V0878 V0183
RE25-162,PU-0200,1500000.00,0.00,DCAS,,V0144
RE25LL,RE-0025,1406000.00,0.00,DCAS,,V0309 V0604 V0671
RE25QR,RE-0025,3822000.00,0.00,DCAS,,V0487 V0256 V0741
RE25VERN,RE-0025,492000.00,0.00,DCAS,,V0122 V0346
S136-423B,S -0136,1185000.00,0.00,DCAS,,V0461 V0540
SCA24X039,PU-0025,162754.00,151072.00,DCAS,,V0209 V0485
SCA28ELE,PU-0025,95311000.00,0.00,DCAS,,V0216
SCA29ELE,PU-0025,183226000.00,0.00,DCAS,,V0351 V0084 V0878
SCA30ELE,PU-0025,221417000.00,0.00,DCAS,,V0086
SCAELK250,PU-0025,62000000.00,0.00,DCAS,,V0891
SCAELK256,PU-0025,59000000.00,0.00,DCAS,,V0760 V0035 V0086
SCAELQ008,PU-0025,67821860.00,1188708.00,DCAS,,V0008 V0216 V0074
SCAELQ107,PU-0025,56676493.00,400092.00,DCAS,,V0407
SCAELR027,PU-0025,82600000.00,0.00,DCAS,,V0039 V0312
SCASJVPV1,PU-0025,6372000.00,0.00,DCAS,,V0864
SCASJVPV2,PU-0025,252000.00,0.00,DCAS,,V0026 V0825 V0108
SOLARDB2,PU-0025,65000000.00,0.00,DCAS,,V0168
STGESPLND,PW-R077,4120123.42,3277703.42,DCAS,,V0208 V0351
WD77STAR,PW-D077,350000.00,0.00,DCAS,,V0110
CO264BKCV,CO-0264,285680645.19,207188113.12,DCAS,DCAS,V0538 V0145
CO293EV,CO-0293,58908000.00,7682533.88,DCAS,DCAS,V0139 V0289 V0476
PW266FE,PW-0266,1130000.00,29677.20,DCAS,DCAS,V0150 V0206 V0917
PW322PLAN,"PW-0077 , PW-0322",123384432.98,118550804.15,DCAS,DCAS,V0756
PW291EV,PW-0291,4817000.00,1416143.57,DCAS,DCAS,V0086
PW325EV,PW-0325,2445505.28,234555.55,DCAS,DCAS,V0035
PW77198EV,PW-0077,16025300.00,674048.72,DCAS,DCAS,V0155 V0771 V0525
PW77GLDEV,PW-0077,20954000.00,893104.02,DCAS,DCAS,V0636
PW77GLDFA,"PW-0077 , PW-0077",16030482.00,6378533.68,DCAS,DCAS,V0343 V0071 V0126
CO298CHIL,"CO-0264 , CO-0298 , PU-0025",37214053.00,642716.09,DCAS,DCAS,V0379
E09-0006A,PU-0025,901972.00,0.00,DCAS,DPR,V0246
E10-00004,PU-0025,20357898.44,12848071.03,DCAS,DCLA,V0248 V0006 V0485
E21-0001,PU-0025,277778.00,0.00,DCAS,NYPD,V0878
E21-0005,PU-0025,954235.00,0.00,DCAS,DCAS,V0655 V0196 V0122
E21-0006,PU-0025,8701626.81,707588.31,DCAS,NYPL,V0933 V0334
E23-0004,PU-0025,27903286.00,487742.60,DCAS,DCAS,V0509
E23-0005,PU-0025,29309317.00,476776.32,DCAS,DCAS,V0776 V0100 V0274
EO26-0018,PU-0025,4200000.00,0.00,DCAS,DCLA,V0045 V0136 V0118
EO26-0019,PU-0025,3069889.00,2282991.00,DCAS,DCLA,V0214
EO26-0020,PU-0025,318105.00,251014.11,DCAS,NYPD,V0709
EO26-0026,PU-0025,4548000.00,0.00,DCAS,NYPL,V0441 V0964
EO26-0027,PU-0025,500360.00,345151.72,DCAS,DSNY,V0545 V0365
EO26-0032,PU-0025,389975.00,311668.48,DCAS,DSNY,V0562 V0411
EO26-0035,PU-0025,217136.00,0.00,DCAS,DPR,V0216 V0965 V0150
EO26-0037,PU-0025,642163.00,475459.59,DCAS,DOHMH,V0377 V0713 V0652
EO26-0042,PU-0025,9800275.00,750150.70,DCAS,CUNY,V0595 V0012
EO26-0046,PU-0025,5424072.08,0.00,DCAS,CUNY,V0009 V0325
EO26-0054,PU-0025,5437000.00,0.00,DCAS,DCLA,V0118 V0848 V0213
EO26-0055,PU-0025,341100.00,0.00,DCAS,DCAS,V0352
EO26-0056,PU-0025,216865.00,0.00,DCAS,NYPD,V0877 V0436 V0840
EO26-0057,PU-0025,2150399.66,374867.74,DCAS,NYPD,V0248
EO26-0058,PU-0025,120313.00,64054.77,DCAS,NYPD,V0026 V0419 V0322
EO26-0059,PU-0025,133938.00,82193.71,DCAS,NYPD,V0116
EO26-0061,PU-0025,183499.00,0.00,DCAS,NYPD,V0208
EO26-0064,PU-0025,349884.00,0.00,DCAS,NYPD,V0443 V0130 V0248
EO26-0065,PU-0025,127298.00,0.00,DCAS,NYPD,V0010 V0327
EO26-0066,PU-0025,275061.00,0.00,DCAS,NYPD,V0476
EO26-0067,PU-0025,202847.00,147215.94,DCAS,NYPD,V0237
EO26-0068,PU-0025,229451.00,178294.67,DCAS,NYPD,V0621 V0453
EO26-0074,PU-0025,392619.00,0.00,DCAS,NYPD,V0596 V0132
EO26-0075,PU-0025,307065.00,236737.16,DCAS,NYPD,V0209
EO26-0076,PU-0025,403782.00,247022.22,DCAS,NYPD,V0652 V0030 V0085
EO26-0078,PU-0025,387990.00,0.00,DCAS,DHS,V0026
EO26-0079,PU-0025,718063.00,589491.75,DCAS,"HHC, DHS",V0835 V0323
EO26-0080,PU-0025,414609.00,0.00,DCAS,DHS,V0801 V0785
EO26-0081,PU-0025,1440930.00,0.00,DCAS,DHS,V0496 V0485 V0482
EO26-0082,PU-0025,76716.00,0.00,DCAS,DHS,V0559 V0623 V0174
EO26-0083,PU-0025,362240.00,0.00,DCAS,DHS,V0589
EO26-0085,PU-0025,133004.00,93800.04,DCAS,DHS,V0411 V0174
EO26-0088,PU-0025,429570.00,319194.09,DCAS,DPR,V0187 V0045
EO26-0089,PU-0025,286910.00,0.00,DCAS,DPR,V0518
EO26-0090,PU-0025,153911.00,0.00,DCAS,QPL,V0005 V0345
EO26-0091,PU-0025,84545.00,0.00,DCAS,QPL,V0935 V0851 V0248
EO26-0093,PU-0025,18790001.00,0.00,DCAS,DCLA,V0144 V0208
EO26-0094,PU-0025,3111554.06,0.00,DCAS,NYPD,V0055 V0174 V0796
PW77GLD2F,"PU-0025 , PW-0077",16310959.44,8737242.62,DCAS,MOCS,V0518
SOLARPQL1,PU-0025,4105000.00,2328449.99,DCAS,DCAS,V0572 V0877 V0312
SOLARPQL2,PU-0025,5196000.00,2549194.25,DCAS,DCAS,V0187 V0146
BXCONSOL,CS-0003,7764074.15,6153319.45,DCAS,ACS,V0146 V0026 V0289
HWKF2514,HW-0003,15000378.57,12766018.10,DCAS,DOT,V0183
P0950DPR,P -1018,8468706.44,4202032.89,DCAS,DPR,V0009
PO79WTC,PO-0079,4410472.96,3687895.00,DCAS,NYPD,V0956 V0247 V0940
PW19325A,"PU-0025 , PW-0193",41120201.00,1566936.18,DCAS,DCAS,V0844 V0471
PW326DAK1,PW-0326,16712681.49,1459837.48,DCAS,DA Brooklyn,V0247 V0335 V0692
PW340KEXP,PW-0340,1492000.00,0.00,DCAS,BOE,V0274
PW771C09,PW-0077,0.00,0.00,DCAS,DOT,V0080 V0604 V0443
PW77DFTAR,PW-0077,79600000.00,0.00,DCAS,DCAS,V0026 V0272 V0947
PO79-QSVD,PO-0079,3750790.00,0.00,DCAS,NYPD,V0174 V0045 V0581
110WLM,CS-0003,42993887.00,33016184.00,DCAS,ACS,V0118 V0289
HL82RELOC,HL-0082,2514850.00,0.00,DCAS,DOHMH,V0420 V0485
PW326NYCC,PW-D005,8880572.70,2030618.13,DCAS,City Council,V0122 V0476 V0245
HWKFVAR,HW-0003,8728099.00,3491754.12,DCAS,DOT,V0155
PW326RAR,PW-0326,2423808.21,270389.45,DCAS,DCAS,V0939
HWMFCNTR,"HW-0003 , PW-0077",57811000.00,736350.00,DCAS,DCAS,V0483
APINYPD01,PU-0025,2246000.00,0.00,DCAS,DCAS,V0603 V0130
E21-0002,PU-0025,16539033.02,3832888.51,DCAS,DCAS,V0912 V0418 V0475
E21-0003,PU-0025,86821035.00,2983606.02,DCAS,DCAS,V0410 V0183 V0216
E23-0001,PU-0025,48170642.00,413346.36,DCAS,DCAS,V0183 V0476
EO26-0022,PU-0025,471820.00,0.00,DCAS,DCAS,V0086
EO26-0023,PU-0025,320393.81,0.00,DCAS,DCAS,V0572
EO26-0036,PU-0025,117681.20,80982.11,DCAS,DCAS,V0973
EO26-0041,PU-0025,1459582.00,1195700.89,DCAS,DCAS,V0318 V0183 V0476
EO26-0084,PU-0025,118381.00,0.00,DCAS,DCAS,V0041 V0208
SCACIP08,PU-0025,4950000.00,4016831.00,DCAS,DCAS,V0921
SOLARGR4,PU-0025,12989815.00,2023669.49,DCAS,DCAS,V0289 V0652
E24-DOE01,PU-0025,33237663.87,22777117.75,DCAS,DCAS,V0009
SOLARCSB2,PU-0025,20400321.12,2360650.82,DCAS,DCAS,V0854
SOLARFDN3,PU-0025,1507000.00,241300.00,DCAS,DCAS,V0207 V0853
SOLARFDN4,PU-0025,1235000.00,141531.95,DCAS,DCAS,V0984
SOLARFDN8,PU-0025,370000.00,23750.00,DCAS,DCAS,V0770
SOLARFDN9,PU-0025,825000.00,275004.10,DCAS,DCAS,V0565 V0189
E21-0007,PU-0025,27960198.00,2956941.62,DCAS,DCAS,V0485 V0572
E21-0008,PU-0025,18143355.00,1414193.22,DCAS,DCAS,V0155 V0297
E21-0009,"HL-0083 , PU-0025",11916751.00,0.00,DCAS,DCAS,V0187 V0216 V0146
E21-0010,PU-0025,116621172.00,597507.00,DCAS,DCAS,V0056
E23-0003,"PO-0079 , PU-0025",27536237.00,3096450.33,DCAS,DCAS,V0443
CO278ADA1,CO-0278,22911000.00,774718.27,DCAS,DCAS,V0410 V0741 V0216
CO293GCON,CO-0293,25102000.00,521299.89,DCAS,DCAS,V0189
CO294CTRC,CO-0294,2900003.00,946668.33,DCAS,DCAS,V0411 V0248
CO295ROOF,CO-0295,1755000.00,3240.65,DCAS,DCAS,V0572
CO296EV,CO-0296,25677518.00,737493.68,DCAS,DCAS,V0485 V0026 V0227
CO298RF,"CO-0264 , CO-0298",16151000.00,415063.20,DCAS,DCAS,V0785 V0209
CO81ADA1,CO-0081,2070000.00,21000.00,DCAS,DCAS,V0130 V0788 V0369
HR25QCRT,HR-0025,3365478.27,182993.50,DCAS,DCAS,V0323 V0189
PW193CP,PW-0193,5133000.00,0.00,DCAS,DCAS,V0475 V0411 V0006
PW193ELV,PW-0193,84557000.00,2597830.00,DCAS,DCAS,V0208 V0411 V0026
PW195ADA,"PW-0282 , PW-0282",3945921.12,63875.00,DCAS,DCAS,V0440 V0279 V0074
PW282253B,PW-0282,1500084.32,328598.62,DCAS,DCAS,V0216
PW282-2L,PW-0282,13500000.00,298814.00,DCAS,DCAS,V0330 V0652 V0006
PW28280C,PW-0282,9752000.00,227652.00,DCAS,DCAS,V0006 V0835 V0929
PW293GLDS,"PW-0077 , PW-0293",7830927.53,203832.53,DCAS,DCAS,V0624 V0006 V0423
PW322X7R,PW-0322,1898000.00,0.00,DCAS,DCAS,V0274 V0057 V0220
PW77136A,PW-0077,8314642.00,230739.00,DCAS,DCAS,V0383 V0878
PW77501DB,PW-0077,7445421.00,0.00,DCAS,DCAS,V0655 V0035 V0686
PW77GLDBR,PW-0077,17403000.00,677152.50,DCAS,DCAS,V0203 V0656 V0723
PW77MU8EL,PW-0293,14434405.08,14198991.63,DCAS,DCAS,V0073 V0187 V0877
PW80ELEV,PW-0080,29351000.00,1099768.52,DCAS,DCAS,V0909
PWBXDHVAC,PW-0077,8365370.00,636689.56,DCAS,DCAS,V0651
PWXBP78,PW-X078,75351.95,53539.71,DCAS,DCAS,V0146 V0463 V0203
CO281ADA,CO-0281,499297.76,109532.87,DCAS,DCAS,V0485 V0635
CO283RF,CO-0283,13900800.00,494325.00,DCAS,DCAS,V0169 V0149
850THRD,CS-0003,3065000.00,0.00,DCAS,DCAS,V0441 V0144
HWRFPATH,HW-0003,3239000.00,0.00,DCAS,DCAS,V0539
AG01NELS,AG-0001,1090000.00,0.00,DCAS,DCAS,V0548 V0877
PW326BKDA,PW-0326,8889000.00,0.00,DCAS,DCAS,V0155
E25-DOE01,PU-0025,58282498.74,9710110.45,DCAS,DCAS,V0581 V0144 V0393
S136-434,S -0136,3213700.00,0.00,DCAS,DCAS,V0342 V0074
PW326DCP1,PW-0326,800000.00,0.00,DCAS,DCAS,V0440 V0391
AGHQ,AG-0001,30874000.00,0.00,DCAS,DCAS,V0209 V0042
PW326CB17,PW-0326,465000.00,0.00,DCAS,DCAS,V0187
PW326LAW7,PW-0326,13182000.00,0.00,DCAS,DCAS,V0351
S136-365,S -0136,1302000.00,0.00,DCAS,DCAS,V0079 V0006
PW77SC280,"PW-0077 , PW-0077",1766134.00,761397.83,DCAS,DCAS,V0652 V0375 V0873
PW77QHVAC,PW-0077,13286000.00,337099.40,DCAS,DCAS,V0652 V0219
HR258AVEC,HR-0025,8098000.00,0.00,DCAS,HRA,V0411 V0155 V0014
PW77NYCAP,PW-0077,6590000.00,0.00,DCAS,DCAS,V0490 V0189
DEP-LAB,EP-0006,126601000.00,0.00,DCAS,DEP,V0871
PWDORIS,PW-0326,12940000.00,0.00,DCAS,DORIS,V0490 V0962 V0290
HWQF3108,HW-0003,6493000.00,0.00,DCAS,DOT,V0296
E23-0007,PU-0025,11498443.00,0.00,DCAS,CUNY,V0322
E23-0008,PU-0025,8152453.43,0.00,DCAS,CUNY,V0938 V0485
E24-DCAS1,PU-0025,57196980.43,0.00,DCAS,DCAS,V0248 V0048
E24-NYPD1,PU-0025,5850000.00,0.00,DCAS,NYPD,V0572 V0092
E25-DOE02,PU-0025,59984548.00,0.00,DCAS,DOE,V0392 V0476
E25-DOE03,PU-0025,70800000.00,0.00,DCAS,DOE,V0351
EO26-0092,PU-0025,24764613.38,6150733.02,DCAS,CIG-MMA,V0086 V0604 V0490
E26-DHS01,PU-0025,5316000.00,0.00,DCAS,DHS,V0174 V0155 V0293
E26-DOE01,PU-0025,75000000.00,0.00,DCAS,DOE,V0884
E26-DOE02,PU-0025,75268000.00,0.00,DCAS,DOE,V0006 V0477 V0505
E26-DOE03,PU-0025,100000000.00,0.00,DCAS,DOE,V0600 V0595
E26-DOT01,PU-0025,2750000.00,0.00,DCAS,DOT,V0035 V0867
SOLARDB1,PU-0025,25559000.00,0.00,DCAS,DOE,V0074
E24-0003,PU-0025,2526000.00,0.00,DCAS,DPR,V0074 V0280 V0572
E24-DOE02,PU-0025,77025565.36,28002349.00,DCAS,DOE,V0572 V0476
PW327PLZ2,PW-0077,11727000.00,585626.15,DCAS,DCAS,V0900 V0558 V0169
PW77CCEX,PW-0077,2904000.00,167900.00,DCAS,DCAS,V0459 V0490 V0026
PWCOMPD12,PW-0077,8117315.63,641722.07,DCAS,DCAS,V0365
E24-0001,PU-0025,14900000.00,0.00,DCAS,DCAS,V0980
E24-0007,"HL-0082 , PU-0025",7877000.00,0.00,DCAS,DOHMH,V0204 V0009
E24-0008,PU-0025,3233000.00,0.00,DCAS,DOHMH,V0744 V0475
ACEDFM241,"CO-0264 , PU-0025",40278000.00,0.00,DCAS,DCAS FM,V0146 V0216 V0189
ACEDEP901,PU-0025,36102000.00,0.00,DCAS,DEP,V0475 V0150 V0006
ACEDEP212,PU-0025,4777000.00,0.00,DCAS,DEP,V0037
ACEDOE211,PU-0025,7696472.00,1642707.00,DCAS,DOE,V0312
ACEDPR223,PU-0025,700000.00,0.00,DCAS,DPR,V0860 V0411 V0877
ACEDOS251,PU-0025,951000.00,0.00,DCAS,DSNY,V0479 V0873
ACEFDN251,PU-0025,1409000.00,0.00,DCAS,FDNY,V0543
ACEFDN212,PU-0025,2392000.00,0.00,DCAS,FDNY,V0043 V0562 V0613
ACEDEP231,PU-0025,14201000.00,0.00,DCAS,DEP,V0013 V0289
PW77DAYC,"PW-0077 , PW-0324",8481000.00,0.00,DCAS,DCAS,V0118 V0155
PW77TOWER,PW-0077,6000000.00,0.00,DCAS,DCAS,V0145 V0729 V0717
PW326C104,PW-0326,88000.00,0.00,DCAS,CB104,V0009
PO79SS48,PO-0079,8131000.00,0.00,DCAS,NYPD,V0130
PWDORIS2,PW-0326,27534000.00,0.00,DCAS,DORIS,V0354
PO79SIDB,PO-0079,2289000.00,0.00,DCAS,NYPD,V0881 V0472 V0926
PV022ANEG,"PV-0022 , PV-0467 , PV-D022 , PV-M022",18360000.00,0.00,DCLA,,V0245
PV022-BOL,PV-D022,263000.00,0.00,DCLA,,V0387 V0209 V0476
PV022ENTR,PV-M022,1000000.00,0.00,DCLA,,V0086 V0604
PV022NSCH,"PV-0022 , PV-D022 , PV-M022",17250000.00,0.00,DCLA,,V0289
PV034BIRD,PV-M034,2000000.00,0.00,DCLA,,V0698 V0572
PV034RR26,"PV-0034 , PV-D034",9600000.00,0.00,DCLA,,V0572 V0107
PV034-VID,PV-M034,591000.00,0.00,DCLA,,V0247
PV040BTH1,"PV-0040 , PV-D040 , PV-Q040",397000.00,0.00,DCLA,,V0332
PV040PORT,"PV-0040 , PV-D040 , PV-Q040",2363000.00,0.00,DCLA,,V0604
PV050CORE,"PV-0050 , PV-D050 , PV-Q050",16984000.00,0.00,DCLA,,V0057
PV050CYLT,"PV-D050 , PV-Q050",957000.00,0.00,DCLA,,V0087 V0009
PV101HVAC,"PV-0101 , PV-D101 , PV-M101",13491000.00,0.00,DCLA,,V0199
PV175EDUC,"PV-0175 , PV-D175 , PV-R175",13300000.00,0.00,DCLA,,V0289 V0155 V0490
PV176AVRY,"PV-D176 , PV-X176",2000000.00,0.00,DCLA,,V0351
PV176-BLR,"PU-0025 , PV-0176 , PV-D176 , PV-X176",10687000.00,0.00,DCLA,,V0873 V0144
PV176GELA,"PV-D176 , PV-X176",1500000.00,0.00,DCLA,,V0852
PV176MONK,"PV-0176 , PV-D176 , PV-X176",35509000.00,0.00,DCLA,,V0247 V0642 V0230
PV176WILD,"PV-D176 , PV-X176",10600000.00,0.00,DCLA,,V0006 V0677
PV205MOSH,"PV-0205 , PV-D205 , PV-X205",12000000.00,0.00,DCLA,,V0045
PV205NBGM,PV-D205,150000.00,0.00,DCLA,,V0245 V0045 V0247
PV205PAIR,PV-X205,300000.00,0.00,DCLA,,V0935
PV205-RET,PV-D205,39000.00,0.00,DCLA,,V0165 V0203 V0487
PV205TRM3,PV-D205,2000000.00,0.00,DCLA,,V0333 V0689
PV230GLOV,"PV-0230 , PV-D230 , PV-K230",4985000.00,0.00,DCLA,,V0856 V0143
PV230-SEA,"PV-0230 , PV-D230 , PV-D467 , PV-K230",29404000.00,0.00,DCLA,,V0280 V0209 V0883
PV230TENS,PV-K230,582000.00,0.00,DCLA,,V0960 V0274 V0088
PV235AFAR,"PV-0235 , PV-D235 , PV-K235",10512000.00,0.00,DCLA,,V0572 V0118 V0540
PV235AMER,"PV-0235 , PV-K235",51234000.00,0.00,DCLA,,V0414
PV236AUDI,"PV-0236 , PV-D236 , PV-K236",5489000.00,0.00,DCLA,,V0071 V0878 V0026
PV236BCSG,"PV-D236 , PV-K236",5284000.00,0.00,DCLA,,V0685
PV236JHPG,"PV-0236 , PV-D236 , PV-K236",8000000.00,0.00,DCLA,,V0312
PV236-NSY,"PV-D236 , PV-K236",5900000.00,0.00,DCLA,,V0831
PV236PERG,PV-D236,3000000.00,0.00,DCLA,,V0057
PV236ROSE,PV-D236,2000000.00,0.00,DCLA,,V0384 V0564
PV241COOL,"PV-0241 , PV-M241",3500000.00,0.00,DCLA,,V0096 V0209
PV262-GEO,"PV-D262 , PV-K262",3000000.00,0.00,DCLA,,V0894 V0485
PV264-PJS,"PV-0264 , PV-0467 , PV-D264 , PV-D467",626000.00,0.00,DCLA,,V0878 V0248 V0604
PV264ROSE,"PV-D264 , PV-K264",7000000.00,0.00,DCLA,,V0652
PV264RRHT,"PV-0264 , PV-0467 , PV-D264",1727000.00,0.00,DCLA,,V0896 V0209 V0086
PV272QUAD,"PV-0272 , PV-D272 , PV-Q272",6699000.00,0.00,DCLA,,V0208 V0697
PV274-AH2,PV-0274,3950000.00,0.00,DCLA,,V0808 V0312
PV274FMLI,"PV-0274 , PV-D274 , PV-Q274",6900000.00,0.00,DCLA,,V0876
PV274NWRF,"PV-0274 , PV-D274 , PV-Q274",9886000.00,0.00,DCLA,,V0974
PV274PERI,"PV-D274 , PV-Q274",3186000.00,0.00,DCLA,,V0666 V0216 V0443
PV274THTR,PV-Q274,500000.00,0.00,DCLA,,V0412 V0652 V0130
PV279CCU1,PV-M279,1500000.00,0.00,DCLA,,V0625 V0130
PV279ELV2,"PV-0279 , PV-D279 , PV-M279",5209000.00,0.00,DCLA,,V0174
PV289ANSP,"PV-0289 , PV-D289 , PV-M289",12150000.00,0.00,DCLA,,V0186 V0228 V0663
PV291QM2E,PV-0291,1500000.00,0.00,DCLA,,V0880 V0035 V0580
PV291ROOF,PV-Q291,1000000.00,0.00,DCLA,,V0247 V0074
PV293-ADD,"PV-D467 , PV-X293",2462000.00,0.00,DCLA,,V0216 V0540 V0312
PV293-EXT,"PV-D467 , PV-X293",198295.63,193295.63,DCLA,,V0226
PV341CAR2,"PV-0341 , PV-D341 , PV-D467",4387000.00,0.00,DCLA,,V0456
PV341GALL,PV-D341,845000.00,0.00,DCLA,,V0247 V0056
PV341-RES,"PV-0341 , PV-D341 , PV-R341",3673000.00,0.00,DCLA,,V0983 V0411 V0251
PV375HLD,PV-0467,123000.00,0.00,DCLA,,V0144 V0177 V0035
PV464-ARM,"PV-0464 , PV-D464",2808000.00,0.00,DCLA,,V0237 V0880
PV464GLYN,"PV-0464 , PV-D464 , PV-X464",378000.00,0.00,DCLA,,V0353
PV464-PAV,"P -D021 , PV-D464 , PV-X464",1600000.00,0.00,DCLA,,V0208 V0443
PV464QUAD,"PV-0464 , PV-D464",6200000.00,0.00,DCLA,,V0968 V0468
PV464ROOF,PV-X464,250000.00,0.00,DCLA,,V0715 V0249
PV464SITE,"PV-0464 , PV-D464",3699000.00,0.00,DCLA,,V0446 V0531 V0387
PV466LIGH,"PV-D466 , PV-Q466",2880000.00,0.00,DCLA,,V0441
PV466QTP,"PV-0466 , PV-D466 , PV-Q466",22028000.00,0.00,DCLA,,V0620
PV466VEH1,PV-D466,100000.00,0.00,DCLA,,V0365
PV467BKLN,PV-0467,1700000.00,0.00,DCLA,,V0045 V0832
PV467DBCD,PV-0467,839000.00,0.00,DCLA,,V0276
PV467NEWC,"PV-0103 , PV-D018 , PV-M467",20835000.00,0.00,DCLA,,V0312
PV475-SND,"PV-0475 , PV-D475 , PV-D475 , PV-M475",902000.00,0.00,DCLA,,V0208 V0493
PV489CRN1,"PV-0489 , PV-D489 , PV-M489",1749000.00,0.00,DCLA,,V0150 V0146
PV489CRNR,"PV-0489 , PV-M489",7649000.00,0.00,DCLA,,V0183 V0289
PV489DAMP,"PV-0489 , PV-D489 , PV-M489",7330000.00,0.00,DCLA,,V0485 V0035
PV490CPSD,"PV-0490 , PV-D490 , PV-R490",12487000.00,0.00,DCLA,,V0768
PV490-GOV,PV-0490,1000000.00,0.00,DCLA,,V0572 V0818
PV490INSR,"PV-0490 , PV-D490 , PV-R490",13849000.00,0.00,DCLA,,V0907
PV490INT,"PV-0490 , PV-R490",3429000.00,0.00,DCLA,,V0187 V0045
PV490SWTG,"PV-0490 , PV-D490 , PV-R490",2289000.00,0.00,DCLA,,V0065 V0289 V0187
PV501CRTY,"PV-0501 , PV-D467 , PV-D501 , PV-Q501",13379000.00,0.00,DCLA,,V0466
PV501-LSI,"PV-0501 , PV-Q501",1937000.00,0.00,DCLA,,V0169 V0035
PV501RPH1,"PV-0501 , PV-D501 , PV-Q501",9287000.00,0.00,DCLA,,V0009 V0717
PV502ELEV,"PV-0502 , PV-D502 , PV-Q502",9097000.00,0.00,DCLA,,V0462 V0208
PV503-CAT,PV-M503,1000000.00,0.00,DCLA,,V0006
PV503-RET,PV-D503,31000.00,0.00,DCLA,,V0265
PV520LNS,"PV-0520 , PV-D520",1750000.00,0.00,DCLA,,V0183
PV520ROOF,"PV-0520 , PV-D520 , PV-K520",750000.00,0.00,DCLA,,V0304
PVCPRBLDG,PV-0467,1760000.00,0.00,DCLA,,V0144
BED-778,"TF-0002 , TF-0502",19938011.22,19087619.22,DDC,,V0151 V0476
BED-792,"EP-0007 , WM-0001 , WP-0169",2217746.73,1824500.73,DDC,,V0144 V0592 V0122
BED-796,"SE-0002K, WM-0001 , WM-0006",14272282.63,13717806.10,DDC,,V0425
BED-809,WM-0001,35076015.73,30744864.07,DDC,,V0443 V0572 V0026
BXELEVFAR,CS-0005,6102000.00,0.00,DDC,,V0422 V0209
CC253B,PW-0077,16852370.96,16412203.44,DDC,,V0815
CJCREN,CS-0005,64618750.48,58747454.41,DDC,,V0344 V0189 V0257
CO272BLR,CO-0272,18300000.00,0.00,DDC,,V0604
CO277ELV2,"CO-0264 , CO-0277",4593137.51,4321025.10,DDC,,V0443
CO290BCHJ,CO-0290,46437854.12,44376598.03,DDC,,V0704
CO293CTR,CO-0293,10420000.00,0.00,DDC,,V0086
CO293SP,CO-0293,78089293.53,3911515.75,DDC,,V0875 V0679
CO80ROOF2,CO-0080,15602215.51,15247333.50,DDC,,V0305 V0475
CONEYINF,"TF-0002 , TF-0502",2165935.19,980047.32,DDC,,V0323 V0248
CV19COEBU,HO-0214,67536386.09,67170556.71,DDC,,V0677 V0002 V0187
CV19COERO,HO-0214,27145085.42,27110057.08,DDC,,V0815
DOTSEQ01,"SE-0002Q, SE-0200Q, WM-0001",16789218.97,6384487.38,DDC,,V0216 V0499
DOTSEQ02,"SE-0002Q, SE-0200Q, WM-0001",15957724.62,822019.22,DDC,,V0652 V0971 V0578
E12-0043,PO-0079,4280707.58,4107261.62,DDC,,V0878
EC-GUN24,SE-0758,12614625.00,11902785.28,DDC,,V0183 V0502
EC-LC24,"SE-0002K, SE-0002M, SE-0002Q, SE-0002R, SE-0002X",7153342.29,6615708.08,DDC,,V0086 V0002
EC-SEC24,"EP-0007 , SE-0002K, SE-0002M, SE-0002Q, SE-0002R, SE-0002X, SE-0200K, SE-0200Q, SE-0200R, SE-0200X",60466439.21,45441435.80,DDC,,V0130
EC-SEC25,"EP-0007 , SE-0002K, SE-0002M, SE-0002Q, SE-0002R, SE-0002X, SE-0200K, SE-0200Q, SE-0200R, SE-0200X",28340000.00,22905814.56,DDC,,V0575 V0425 V0118
EC-SEKN23,"EP-0007 , SE-0002K",6884260.83,5461100.16,DDC,,V0652 V0503
EC-SEKS23,SE-0002K,11973660.32,11342564.22,DDC,,V0130 V0035
EC-SEQN22,"EP-0007 , SE-0002Q",7376455.40,6406780.82,DDC,,V0689
EC-SEQN23,"EP-0007 , SE-0002Q",11774293.62,8864879.50,DDC,,V0443
EC-SEQN24,SE-0002Q,10141657.73,8087386.30,DDC,,V0045
EC-SER24,"EP-0007 , SE-0002R",13448185.30,12701522.36,DDC,,V0821
EC-SEX22,"EP-0007 , SE-0002X",12722175.91,12562675.38,DDC,,V0476 V0289
EC-SEX23,SE-0002X,9949409.50,9413411.36,DDC,,V0753
EC-SEX24,"EP-0007 , SE-0002X",9542227.50,9042712.90,DDC,,V0849 V0086 V0634
EC-WMC25,"EP-0007 , WM-0001 , WM-0006",17397000.00,14834595.32,DDC,,V0444 V0878
GE-359,HW-0200,18036189.15,17982804.24,DDC,,V0573 V0961 V0130
HAM17MRCC,"HA-0001 , HA-D001 , HA-K001",14245335.32,12306724.20,DDC,,V0312 V0696 V0510
HD-161D,TF-0002,14326819.97,14281357.10,DDC,,V0476
HED-568,"HW-0001X, WM-0001",42084381.77,37501203.25,DDC,,V0494 V0572
HED580,"SE-0002X, WM-0001",11550775.75,577055.64,DDC,,V0218
HEDA-003,WM-0001,24787146.22,23799452.89,DDC,,V0086
HH112AAFS,HH-0112,551699.00,538803.66,DDC,,V0490 V0396 V0245
HH112BLEL,HH-0112,7886689.76,7835291.87,DDC,,V0285 V0350
HH115BWFA,HH-0115,1742389.26,1606187.89,DDC,,V0118 V0604 V0529
HH115SGFA,HH-0115,1442774.76,1363942.91,DDC,,V0755
HL82CHNWH,HL-D999,1000000.00,0.00,DDC,,V0208 V0753 V0342
HL82SIABE,"HL-0082 , HL-0082",15451649.32,15102911.92,DDC,,V0189
HW2CR12C,HW-0002Q,4180538.86,3912195.96,DDC,,V0009 V0966 V0604
HW2CR13CW,HW-0001Q,10712626.31,10016224.65,DDC,,V0050
HWCRWALLC,HW-1677,3480121.62,3480385.05,DDC,,V0485
HWCSCH2,HW-0988,24103864.99,24044703.79,DDC,,V0640
HWCSCH3B3,HW-D103,4470467.05,4107397.57,DDC,,V0614 V0100
HWCSCH3E,"HW-0988 , HW-D103",11570449.62,11045152.05,DDC,,V0365 V0312
HWCSCH4B1,"HW-0944 , HW-0988",9128471.91,8616487.15,DDC,,V0495
HWCSCH98,HW-0001K,56469000.00,0.00,DDC,,V0216 V0002
HWD005K01,HW-D101,4360197.48,3502324.54,DDC,,V0365 V0967 V0652
HWK002394,HW-0001K,936000.00,0.00,DDC,,V0414
HWK1153,HW-1153,9865839.12,9763631.97,DDC,,V0006 V0746
HWK1153A,TF-K001,11150068.42,11096348.90,DDC,,V0056 V0121 V0203
HWK20072,HW-0001K,5370000.00,0.00,DDC,,V0652
HWK973,HW-0973,7524661.61,7524664.52,DDC,,V0652
HWKC061,HW-0200,3708643.84,3709120.76,DDC,,V0183
HWKP2003,HW-0001K,2485797.74,2446786.92,DDC,,V0837 V0126
HWM1048,HW-0001,159229000.00,0.00,DDC,,V0980 V0228 V0959
HWM1157,"EP-0007 , HW-1157 , SE-087HW, WM-0001 , WM-0006",15352391.23,15234205.81,DDC,,V0476 V0267 V0877
HWM1689,HW-0001M,7599000.00,0.00,DDC,,V0485 V0122
HWMM006,HW-M002,3686817.81,3580817.81,DDC,,V0150
HWMM008,"HW-0001M, HW-M002",11638601.39,10613166.19,DDC,,V0540 V0595 V0209
HWMP2012,"HW-0001 , HW-0944 , HW-1666",84719075.74,80791997.04,DDC,,V0629 V0150 V0338
HWMWTCA1D,HW-0001M,3119723.80,3120153.80,DDC,,V0296
HWMWTCA4,HW-0001M,7405538.52,7174372.79,DDC,,V0561 V0784
HWP2001Q,HW-0200,3322504.78,3254583.63,DDC,,V0006 V0365 V0282
HWPEDSF4A,"HW-1684 , HW-D103",7212145.57,4244863.02,DDC,,V0298
HWPLZ003M,"HW-1684 , SE-0002M",21884406.41,19763903.18,DDC,,V0678 V0248
HWPLZ012M,"HW-1684 , TF-0002",10755959.77,10531105.76,DDC,,V0499 V0490 V0045
HWPR20Q1,HW-0200,15284469.73,13027068.33,DDC,,V0187 V0810 V0274
HWQ1027,HW-1027,11078130.07,11043507.04,DDC,,V0057 V0021
HWQ1184A,HW-D103,4247982.84,3339910.87,DDC,,V0241
HWQ1195,"HW-0001Q, TF-0002",13491138.35,2261891.20,DDC,,V0443
HWQ1204,"HW-0001Q, HW-Q001",36225000.00,0.00,DDC,,V0217
HWQ274F,HW-0274,5862148.11,5761026.61,DDC,,V0563 V0651 V0878
HWQ631B-1,"HW-0631 , SE-087HW",27758664.40,27419664.40,DDC,,V0187 V0860 V0150
HWQ631B-3,SE-087HW,1309402.39,25402.39,DDC,,V0823
HWQ724W,SE-087HW,7866617.10,7445675.10,DDC,,V0274 V0144 V0382
HWQ787B,"HW-0787 , SE-087HW, WM-0001",14195659.80,13618793.40,DDC,,V0118 V0490 V0665
HWR00505,"HW-0061 , HW-D104",19579393.74,1750397.20,DDC,,V0274 V0169 V0262
HWR00510,"HW-0001R, HW-R005",2284335.51,913302.02,DDC,,V0050
HWR1160,HW-0001R,22045452.05,171880.33,DDC,,V0189 V0923 V0632
HWR300-03,"HW-0061 , HW-D104 , HW-R061",6510198.81,5014604.03,DDC,,V0187 V0189
HWS2014X,HA-D001,4172248.83,3966566.95,DDC,,V0961
HWS2020X,"HW-0200 , HW-0200 , P -1018",5759389.35,4869855.20,DDC,,V0940
HWX410,HW-0001X,90634000.00,0.00,DDC,,V0203
HWX421B1,HW-0421,24435686.07,23777486.95,DDC,,V0968
HWX709,HW-0709,17007557.41,16994434.06,DDC,,V0146 V0459
HWX969A,HW-0969,20289264.92,20039142.23,DDC,,V0172 V0252 V0203
HWXP136C,"HW-0001X, HW-0001X, TF-0002 , TF-0002",81869717.64,73743428.52,DDC,,V0652
HWXS211V2,HW-0211,6235496.03,6166650.21,DDC,,V0948 V0272 V0683
JJ1FACREN,CS-0005,72380129.82,64759847.21,DDC,,V0130 V0289 V0187
LBC17MRAD,"LB-0104 , LB-D104",640981.85,641350.25,DDC,,V0509
LBC21MNRF,"LB-0104 , LB-D104 , LB-K001",10504000.00,0.00,DDC,,V0443 V0589
LBC22JBIF,"LB-0104 , LB-D104 , LB-K001",6202000.00,0.00,DDC,,V0868 V0359
LBCENP2B,LB-0104,27119000.00,0.00,DDC,,V0174 V0009 V0564
LBCENPH1,LB-0104,34592771.00,34503464.66,DDC,,V0169
LBCENPH2,"LB-0104 , LB-D104 , LB-K001",56438166.00,2511047.51,DDC,,V0485 V0176
LBK16SCRF,"LB-0104 , LB-D104 , LB-K001 , PW-I001",12294000.00,240152.85,DDC,,V0189 V0376 V0365
LBM18NLOH,"LB-0104 , LB-D104 , LB-K001",55336000.00,0.00,DDC,,V0209
LBM19CAOH,"LB-0104 , LB-D104 , LB-K001 , PU-0025",26747000.00,0.00,DDC,,V0540 V0485
LBM22WWBR,"LB-0101 , LB-0104 , LB-0108 , LB-D104",12968000.00,0.00,DDC,,V0365 V0443
LN25WTSNB,"LN-0008 , LN-D004 , LN-D008 , LN-X001 , PU-0025",32020000.00,0.00,DDC,,V0245 V0183
LNBXA08LS,"LN-0101X, LN-D004 , LN-D008 , LN-I001 , LN-X001",2356484.38,2012400.86,DDC,,V0009 V0602 V0083
LNC2STAPL,"LN-0008 , LN-0008",13083429.27,13064148.33,DDC,,V0900
LNCA08BEL,"LN-D004 , LN-D008",1795054.50,1791540.97,DDC,,V0659 V0476 V0169
LNCA10JMB,"LN-0008 , LN-0101M",14746458.77,14032639.42,DDC,,V0035 V0540 V0248
LNCA10YRK,LN-D008,692818.15,691618.08,DDC,,V0476
LNCA12SWP,LN-D008,278743.05,219113.56,DDC,,V0005
LNCA13TRE,"LN-0008 , LN-X001",1028184.81,895114.04,DDC,,V0877
LNCM12CPT,LN-D008,1185583.01,1183583.01,DDC,,V0458
LNCM12NDP,"LN-0008 , LN-D008 , LN-D008",332966.01,328998.69,DDC,,V0319 V0540
LNEMA08WS,LN-D008,9483131.01,9360150.74,DDC,,V0740
LNLCGAGLR,"LN-0008 , LN-I001",4436000.00,0.00,DDC,,V0006 V0026 V0006
LNMA12TOT,LN-D002,299135.16,295091.78,DDC,,V0581 V0836 V0443
LQ122-W,"LQ-0122 , LQ-D122",595256.72,592350.30,DDC,,V0247 V0872 V0150
LQBTRENOV,"LQ-0122 , LQ-D122 , LQ-Q122",3423127.00,2088502.80,DDC,,V0253
LQC122-GK,"LQ-0122 , LQ-D122",17083398.79,16989142.20,DDC,,V0489 V0208 V0026
LQCA19QVB,"LQ-0122 , LQ-D122",28394000.00,0.00,DDC,,V0612
LQCA19WSD,"LQ-0122 , LQ-D122",14856000.00,0.00,DDC,,V0077 V0214
LQCH-RES,LQ-D122,8459000.00,0.00,DDC,,V0463 V0562
LQCORENOV,"LQ-0122 , LQ-0122 , LQ-D001 , LQ-D122 , LQ-D122 , LQ-Q122",42702000.00,0.00,DDC,,V0411 V0713 V0253
LQD122-RO,LQ-Q122,5008751.52,4924185.55,DDC,,V0547
LQLI-ROOF,"LQ-0122 , LQ-Q003",3953000.00,0.00,DDC,,V0411 V0443 V0604
LQMARN-23,"LQ-0122 , LQ-D122",13065000.00,0.00,DDC,,V0035 V0056 V0518
LQQ122-1E,"LQ-0122 , LQ-Q122",39525020.33,39456844.35,DDC,,V0653 V0057 V0365
LQSHRN-23,"LQ-0122 , LQ-D122",20387000.00,0.00,DDC,,V0118 V0014 V0144
LQSJ-INT,"LQ-0122 , LQ-D122 , LQ-Q122",19305000.00,0.00,DDC,,V0490 V0917
LQSZ-RENO,"LQ-0122 , LQ-D122 , LQ-Q122",20687000.00,0.00,DDC,,V0006 V0468 V0056
MED-610,HW-D102,29081903.19,10421682.04,DDC,,V0203 V0122 V0245
MED-611,"WM-0001 , WM-0006",4158000.00,0.00,DDC,,V0187
MIBBNC002,SE-0005,59449785.67,51576908.00,DDC,,V0702 V0946
NDF-BSIMP,ED-0384,11400000.00,0.00,DDC,,V0086 V0310 V0388
NDF-IW10A,ED-0384,26500000.00,0.00,DDC,,V0485 V0130 V0210
P-1STARLP,P -1018,47708582.15,41428623.01,DDC,,V0118 V0007 V0144
P1YANK15A,"P -0245X, P -0245X, P -1018 , P -1018 , P -D021 , PV-0467 , PV-D467 , PV-X467",16689311.29,16210112.24,DDC,,V0216 V0525
P-216BVRC,"P -0506 , P -1018 , P -I001",191300000.00,0.00,DDC,,V0057 V0476
P-303ERP4,"P -1018 , P -I001 , RE-0025",730000.00,0.00,DDC,,V0057 V0540 V0096
P-407BHV4,"P -1018 , P -1018 , P -D019 , P -Q245 , P -Q245",7154746.49,3930.99,DDC,,V0557 V0835
P-5PNYC06,"P -0245R, P -0504 , P -1018 , P -R245",112267442.23,108740638.48,DDC,,V0122 V0230
PDWTC2013,"HW-0944 , PO-0079 , TF-0002",33723784.46,32988784.46,DDC,,V0189
PO79BMAHE,PO-0079,1778915.21,1593593.62,DDC,,V0703
PO79BMAHJ,PO-0079,2763649.15,1717464.18,DDC,,V0203 V0806
PO79FDESK,PO-0079,1625225.10,1515340.27,DDC,,V0562 V0080 V0696
PO79WNDWS,PO-0079,8677217.04,2408890.31,DDC,,V0042 V0021
PS-348A,WP-0269,1194000.00,0.00,DDC,,V0783
PU272BLR,PU-0025,7425000.00,0.00,DDC,,V0411 V0961
PV022AAOA,"PV-0022 , PV-0467 , PV-D022 , PV-M022",13647000.00,0.00,DDC,,V0137 V0411 V0351
PV022-SKY,"PU-0025 , PV-0022 , PV-D022 , PV-M022",37924009.69,31752202.48,DDC,,V0865 V0659 V0015
PV034BELN,"PV-0034 , PV-D034",16426000.00,0.00,DDC,,V0183 V0878
PV034RR77,"PV-0034 , PV-D034 , PV-M034",20863000.00,0.00,DDC,,V0431 V0147 V0929
PV175HVAC,"PV-0175 , PV-D175 , PV-R175",7200000.00,0.00,DDC,,V0312 V0002
PV175ROOF,"PV-0175 , PV-D175 , PV-R175",3079943.05,3077177.00,DDC,,V0006 V0174
PV176ITF1,"PV-0176 , PV-0545 , PV-D176",12578739.34,11521043.08,DDC,,V0058
PV205GLIB,"PV-0205 , PV-D205",9979000.00,0.00,DDC,,V0045
PV205LIEL,"PV-D205 , PV-X205",2395392.00,35000.00,DDC,,V0683
PV235EDUC,"PV-0235 , PV-D235 , PV-K235",6156980.00,6105815.59,DDC,,V0155
PV241BOIL,"PU-0025 , PU-0025 , PV-0241 , PV-0467 , PV-D241 , PV-D467 , PV-I001 , PV-M241",5645000.00,0.00,DDC,,V0103
PV262-AUD,"PV-0262 , PV-0467 , PV-D262",9831454.77,8981611.23,DDC,,V0546
PV274CHLL,"PV-0274 , PV-D274",3817867.02,3699326.60,DDC,,V0490 V0411 V0007
PV302BPH2,"PV-0302 , PV-0467 , PV-D302 , PV-R302",35465000.00,0.00,DDC,,V0150 V0497
PV467BRAC,PV-X467,15510212.83,15320453.59,DDC,,V0247
PV490-C,"PV-0490 , PV-D490",4051901.43,3559497.30,DDC,,V0245 V0023
PV490ELEC,"PV-0490 , PV-D490",5875157.20,4262387.48,DDC,,V0074 V0516 V0041
PV525STU2,"PV-0467 , PV-0525",3668000.00,0.00,DDC,,V0912
PW3171C,PW-0317,24820000.00,9000.00,DDC,,V0035
PW335A28,PW-0335,3866905.80,3866654.71,DDC,,V0767 V0009 V0540
PW335A29,PW-0335,4116925.00,1844566.55,DDC,,V0082 V0572
PW335A30,PW-0335,3795140.00,691129.02,DDC,,V0681 V0859
PW348-51,PW-0348,28993611.96,28932714.41,DDC,,V0364 V0592
PW77102S3,PW-0077,6612732.92,6337130.13,DDC,,V0329 V0766 V0248
PW7722R,PW-0077,31350000.00,243146.21,DDC,,V0155
PW77GLDA2,"PW-0077 , PW-0293",4632498.43,4258543.72,DDC,,V0216
PWBXCRC,PW-X078,750000.00,0.00,DDC,,V0086
PWQ077AT2,"PW-0077 , PW-Q077",19311331.03,18834269.65,DDC,,V0086 V0104 V0328
PWX78BXP,PW-X078,175000.00,0.00,DDC,,V0517 V0118
PWXFITWEL,PW-X078,100000.00,0.00,DDC,,V0023
PWXTNLLS,"PW-D005 , PW-X078",1561000.00,0.00,DDC,,V0485 V0114 V0130
QED-1023B,"TF-0002 , WM-0001",56114158.52,49718360.07,DDC,,V0340 V0652 V0026
QED-976,"HW-0001Q, TF-0502 , TF-0502 , WM-0006",64641662.26,57010353.22,DDC,,V0174 V0667 V0169
RED-392,"SE-0002R, WM-0001 , WP-0169",8981000.00,0.00,DDC,,V0238 V0086 V0289
RWQ005,"TF-0002 , TF-0502",8729377.35,8559628.40,DDC,,V0690 V0475
S195-227S,S -0195,22100254.64,21848095.09,DDC,,V0197
SAND349F2,HW-0001Q,7344178.44,6644858.09,DDC,,V0187 V0753
SAND350FM,HW-0002K,3093696.28,1496678.21,DDC,,V0412 V0513 V0009
SAND669C,HW-0001R,7933891.20,6932514.18,DDC,,V0927
SANDELEC4,PO-0079,6586390.12,5606723.60,DDC,,V0808 V0361
SANDELEC5,PO-0079,4376163.07,4079671.90,DDC,,V0310 V0187 V0163
SANDHW06,"HW-0001M, HW-0200 , TF-0002 , TF-0502",7766021.65,6107027.88,DDC,,V0030 V0208
SANDHW19,HW-0001K,1123506.17,506.17,DDC,,V0189
SANDHW24,"HW-0001Q, HW-D103",16301937.20,13244655.24,DDC,,V0540 V0532
SANDHW26,HW-0001Q,45735.44,1735.44,DDC,,V0276
SANDHWSI,"HW-0001R, HW-0200 , HW-0200",7232203.66,5066645.75,DDC,,V0165 V0877 V0819
SANDLESEC,"PU-0100 , PU-D100",6270000.00,0.00,DDC,,V0259 V0443 V0877
SANDR04,"HW-0001Q, TF-0002 , TF-0502",22808389.38,19410092.20,DDC,,V0929 V0324
SANDSLIP,PO-0079,5174159.00,899420.63,DDC,,V0174
SE-751,"SE-0002R, SE-0002R, SE-0200R, WM-0001 , WM-0001",20326930.70,4702717.05,DDC,,V0822 V0540 V0384
SE-789B-3,"SE-0789 , WM-0001",4600000.00,0.00,DDC,,V0185 V0532 V0144
SE-795,HW-0200,28999912.86,28352450.18,DDC,,V0569
SE-796,"HW-0200 , TF-0002",29349579.25,28648616.10,DDC,,V0877
SE-810,"SE-0002Q, WM-0001",107525189.51,87696351.12,DDC,,V0150 V0056 V0877
SE-812,"HW-0061 , HW-D104 , HW-R005 , SE-0002R, SE-0200R",63465882.73,59230048.49,DDC,,V0741 V0976
SE-813,"SE-0002K, SE-0002Q, SE-0005 , SE-0200K, SE-0200Q, WM-0001",54424209.25,273248.27,DDC,,V0757 V0723
SE-824,"SE-0002Q, SE-0200Q, WM-0001 , WM-0006",143794000.00,1645245.59,DDC,,V0275 V0956 V0177
SE-825,"SE-0002Q, SE-0200Q, WM-0001",112872272.00,15272.00,DDC,,V0006 V0895 V0312
SE-887,"SE-0002Q, SE-0200Q, WM-0001",25268746.11,120746.11,DDC,,V0245 V0058
SECBK1,"HW-0200 , TF-0502",3370696.19,3299696.19,DDC,,V0772 V0459
SECBMTAQ1,TF-0002,1864774.28,1862774.28,DDC,,V0525 V0806 V0040
SECBX1,HW-0200,4630745.26,4543735.26,DDC,,V0144 V0002 V0607
SEK002394,"SE-0002K, SE-0002K, WM-0001",131739000.00,0.00,DDC,,V0546
SEK20069,SE-0200K,16709419.15,15124135.70,DDC,,V0985 V0021 V0937
SEK20072,"SE-0002K, SE-0200K, WM-0001",8433000.00,0.00,DDC,,V0035
SEN002157,SE-0002M,22248542.68,20103058.99,DDC,,V0274
SEQ002611,"SE-0002Q, WM-0001",816901.38,760509.67,DDC,,V0778
SEQ002642,SE-0002Q,1123005.11,1036005.11,DDC,,V0161
SEQ002699,HW-0200,1950945.78,1696089.34,DDC,,V0216
SEQ002700,"SE-0002Q, WM-0001",8683698.64,17230.04,DDC,,V0934
SEQ002709,TF-0502,2840258.22,2634196.98,DDC,,V0762
SEQ002717,"SE-0002Q, WM-0001 , WM-0006",142518000.00,0.00,DDC,,V0247 V0351
SEQ200329,"EP-0007 , SE-0200Q, WM-0001",4877153.61,4877120.12,DDC,,V0853 V0081
SEQ200332,HW-0200,6692381.53,6552621.70,DDC,,V0079 V0305 V0102
SEQ200341,"HW-0200 , TF-0502",12095636.84,11862636.84,DDC,,V0176 V0274
SEQ200367,"EP-0007 , SE-0200Q",1638156.67,1638155.10,DDC,,V0704 V0187
SEQ200398,SE-0200Q,1524854.26,1504854.26,DDC,,V0189 V0230 V0002
SEQ200442,EP-0007,1569927.15,1566927.15,DDC,,V0443
SEQ200467,"SE-0002Q, SE-0004 , SE-0200Q, WM-0001",55083655.88,85655.88,DDC,,V0966 V0687 V0476
SEQ200473,HW-0200,12153055.65,11497990.17,DDC,,V0967
SEQ200475,HW-0200,9825639.02,9772639.02,DDC,,V0863
SEQ200508,HW-0200,16299644.43,16184453.94,DDC,,V0074 V0074 V0086
SEQ200509,"EP-0007 , SE-0200Q, WM-0001",2264552.87,2119005.86,DDC,,V0010
SEQ200523,TF-0502,7679066.56,7520871.51,DDC,,V0086
SEQ200524,TF-0502,19488562.64,19372121.13,DDC,,V0877 V0540
SEQ200534,HW-0200,9907138.51,9825355.29,DDC,,V0174 V0411
SEQ200545,TF-0502,4606498.17,4525394.33,DDC,,V0590 V0652
SEQ200548,HW-0200,2236693.77,2179693.77,DDC,,V0105
SEQ200574,TF-0502,3189857.16,3184857.16,DDC,,V0764 V0025
SEQ200584,HW-0200,13846563.53,13729563.53,DDC,,V0002 V0756 V0572
SEQ200613,"SE-0200Q, WM-0001",19272000.00,0.00,DDC,,V0232 V0216 V0073
SER002166,"EP-0007 , SE-0002R",3643496.41,3384447.26,DDC,,V0794
SER002204,"EP-0007 , SE-0002R, WM-0001",1522325.97,1490103.53,DDC,,V0890 V0351 V0878
SER002248,SE-0002R,394832.47,395226.77,DDC,,V0208
SER002316,HW-0200,14241973.63,14144614.68,DDC,,V0411
SER002334,"SE-0002R, SE-0200R, WM-0001",37688870.68,168044.53,DDC,,V0890 V0554
SER200103,SE-0200R,1801324.02,1759389.26,DDC,,V0118 V0045
SER200196,"HW-0200 , SE-0200R",11634311.02,11314038.36,DDC,,V0122 V0282 V0009
SER200232,"HW-0200 , SE-0200R, WM-0001",7412871.44,6948207.74,DDC,,V0074 V0534 V0168
SER200241,HW-0200,18235009.36,17396272.42,DDC,,V0877
SER200261,"SE-0200R, WM-0001",2812000.00,488068.65,DDC,,V0155 V0002
SER200272,HW-0200,10297830.23,10244830.23,DDC,,V0895
SER200290,"SE-0002R, SE-0200R, WM-0001",4718764.00,418764.00,DDC,,V0538 V0056 V0661
SER200292,"SE-0002R, SE-0200R, WM-0001",15147657.58,409657.58,DDC,,V0290 V0247 V0208
SER200552,"SE-0002R, SE-0200R, WM-0001",10863179.37,198179.37,DDC,,V0208 V0289 V0382
HWP19QRC,"HW-0200 , TF-0002",8556005.60,6023623.45,DDC,DOT,V0796
HWP2020TA,"HW-0200 , HW-0944 , TF-0002 , TF-0502",38979363.00,2930113.00,DDC,DOT,V0086
HWP2021RC,"HW-0200 , HW-0944",8952673.00,1512841.88,DDC,DOT,V0052 V0397
HWPR19QRC,"HW-0200 , HW-0944 , TF-0002 , TF-0002 , TF-0502",12187744.55,8414675.15,DDC,DOT,V0924
HWPR20QC,"HW-0200 , HW-0944 , TF-0002 , TF-0502",16932483.82,8335397.25,DDC,DOT,V0566 V0877
HWPR21Q1,HW-0200,18921853.80,17772072.92,DDC,DOT,V0572 V0013 V0296
HWPR22KR,"HW-0200 , TF-0002",19102022.60,15401849.00,DDC,DOT,V0877 V0877 V0572
HWPR22MXC,"HW-0200 , TF-0001",20470039.00,1375146.05,DDC,DOT,V0904 V0009 V0877
HWPR23KR,HW-0200,22292379.40,10573518.37,DDC,DOT,V0947
HWQ1198,"HW-0001Q, TF-0002",40655680.00,1422805.00,DDC,DOT,V0831 V0056 V0657
HWR700,"HW-0001R, HW-D104 , HW-R001 , HW-R005",25599550.00,1350003.75,DDC,DOT,V0869 V0203 V0130
RED390,"SE-0002R, WM-0001",4729000.00,0.00,DDC,DOT,V0520 V0561
HWS2021R,"HW-0200 , HW-0200 , P -1331",4699924.20,4395739.57,DDC,DOT,V0346
HWS2023R,"HW-0200 , HW-0200 , P -1018 , P -1018",5315962.50,2476697.20,DDC,DOT,V0035 V0819 V0375
MIBBNC04B,"SE-0002R, SE-0200R, WM-0001",53125823.00,1642413.48,DDC,DEP,V0490 V0595
QED-1054,"TF-0502 , WM-0001",22370995.05,13726560.40,DDC,DEP,V0344
RED394,WM-0001,22617046.94,11933719.14,DDC,DEP,V0144 V0183 V0476
RED395AC,"WM-0001 , WM-0944",29235413.18,10442126.61,DDC,DEP,V0169 V0312
SE885AVWE,SE-0200Q,135348575.34,135348575.34,DDC,DEP,V0487 V0247
SER0201ZB,"EP-0007 , SE-0002R",10604000.00,10592240.97,DDC,DEP,V0798 V0527
HWR200309,HW-0001,250000.00,0.00,DDC,DEP,V0140
SER200309,"SE-0002R, SE-0200R, WM-0001",8652980.39,1376980.39,DDC,DEP,V0209 V0483
70MULBREC,"PU-0025 , PW-0077",198365085.77,13609044.30,DDC,DCAS,V0493 V0132
BBJ-K,C -0114,3345921022.35,1376623723.01,DDC,DOC,V0608 V0681
BBJ-K,C -0114,3345921022.35,1376623723.01,DDC,DOC,V0608 V0681
BBJ-M,C -0114,4319068194.91,330892444.69,DDC,DOC,V0665 V0443
BBJ-Q,C -0114,4474638690.85,235524193.71,DDC,DOC,V0057
BBJ-X,C -0114,3417845885.92,485372627.70,DDC,DOC,V0026
C75EWRMSC,C -0075,87711556.72,84182380.41,DDC,DOC,V0835 V0607 V0150
C75EWRNDC,C -0075,35369257.48,34444990.43,DDC,DOC,V0002 V0498 V0348
C75EWNIC,C -0075,21574514.40,21138086.43,DDC,DOC,V0443 V0975
C75EWAMKC,C -0075,22726280.00,22307895.13,DDC,DOC,V0056
C75EWRMSC,C -0075,87711556.72,84182380.41,DDC,DOC,V0835 V0607 V0150
C75EWRNDC,C -0075,35369257.48,34444990.43,DDC,DOC,V0002 V0498 V0348
F175EC268,F -0175,45541223.54,5587968.11,DDC,FDNY,V0690 V0392
F175EMS17,F -0175,46335093.48,15942984.91,DDC,FDNY,V0276
HAM20BVBG,HA-0001,11007719.69,8839912.77,DDC,NYCHA,V0110 V0431 V0853
HAM20BVCC,HA-0001,9441258.89,7874091.70,DDC,NYCHA,V0572 V0312
HH112BLEN,HH-0112,1423981.33,1028154.46,DDC,DHS,V0216
HH112BLFX,HH-0112,1395545.14,538288.20,DDC,DHS,V0562 V0397
HH112PJFC,HH-0112,35378054.81,2644085.28,DDC,DHS,V0490 V0216
HR25BRCS,HR-0025,131757892.94,105795105.82,DDC,HRA,V0208 V0686
LBC17CDOP,"LB-0104 , LB-D104",1093215.58,1040594.28,DDC,BPL,V0187 V0209
LBK16STRF,"LB-0104 , LB-D104 , LB-K001",1162103.13,1116523.13,DDC,BPL,V0892 V0247 V0878
LBM18EPOH,"LB-0104 , LB-D104",37736380.25,6521365.08,DDC,BPL,V0547 V0002 V0877
LBP21WIBR,"LB-0101 , LB-0104 , LB-0108 , LB-D104",14285369.79,2091331.96,DDC,BPL,V0365
LN18ALELE,"LN-0008 , LN-D008 , LN-X001",3138693.77,688454.97,DDC,NYPL,V0277 V0753
LNRA17NDP,"LN-0008 , LN-R001",7197638.32,5231562.59,DDC,NYPL,V0952 V0186 V0566
LNXA20WKF,"LN-0008 , LN-D008 , LN-X001",4701029.00,1086080.09,DDC,NYPL,V0443 V0410 V0904
LQAUB-RG,"LQ-D122 , LQ-Q122",0.00,0.00,DDC,QPL,V0174 V0002
LQBPEXPN,"LQ-0122 , LQ-0122 , LQ-D122 , LQ-D122 , LQ-Q122 , LQ-Q122",16519255.13,4984134.51,DDC,QPL,V0150
LQBW-EXP,"LQ-0122 , LQ-D122 , LQ-Q122 , PU-0025",21660801.65,2474622.70,DDC,QPL,V0544 V0130
LQC122-JH,"LQ-0122 , LQ-0122 , LQ-D122 , LQ-D122 , LQ-Q122 , LQ-Q122",43717722.23,3589580.97,DDC,QPL,V0170
LQD122LAE,"LQ-0122 , LQ-D122 , LQ-Q122 , PU-0025",16956189.29,2475831.71,DDC,QPL,V0969 V0216
LQEM19FFA,LQ-0122,7832312.48,6304173.12,DDC,QPL,V0487 V0693
LQEM19FLU,LQ-0122,2305419.09,1822556.39,DDC,QPL,V0122 V0551 V0312
LQRS-EXTR,"LQ-0122 , LQ-0122 , LQ-D122 , LQ-D122 , LQ-Q122 , LQ-Q122 , LQ-Q122",27314321.00,3169500.70,DDC,QPL,V0475 V0427
NDF-CRLYN,"ED-0384 , P -1018",100148770.52,68477230.46,DDC,DPR,V0122 V0208 V0247
NDF-DAVID,"ED-0384 , PU-0025",15054505.54,1630911.76,DDC,DCAS,V0203
P-1ORCHMO,"P -0715 , P -1018 , P -D021 , TF-0502",46069942.14,40801584.40,DDC,DPR,V0289 V0118 V0365
P-217SCRC,"P -0245K, P -0506 , P -I001",145438450.50,130965292.40,DDC,DPR,V0026
P-2CIB1HQ,"P -0704 , P -0704 , P -1018",60890249.50,5755085.90,DDC,DPR,V0648
P-412RWR1,"P -0245Q, P -0506 , P -0506 , P -I001",131849694.96,9870226.40,DDC,DPR,V0155
PO79-77FA,PO-0079,4531533.36,3787131.46,DDC,NYPD,V0312 V0411 V0800
PO79BMAJU,"PO-0002 , PO-0079 , PU-0025",17540303.98,13812281.87,DDC,NYPD,V0749 V0289
PO79ROD,PO-0079,316933957.39,29071561.00,DDC,NYPD,V0018
PV040HVAC,"PV-0040 , PV-D040 , PV-D467 , PV-Q040",5758726.47,2687163.65,DDC,DCLA,V0422
PV175CLOV,"PV-0175 , PV-D175 , PV-I001 , PV-R175 , PW-I001",19136785.43,2549542.74,DDC,DCLA,V0317
PV235BDEV,"PV-0235 , PV-D235 , PV-K235 , PW-I001",9779765.83,5225216.35,DDC,DCLA,V0475 V0274
PV235ELEV,,2675000.00,2649393.99,DDC,DCLA,V0411
PV466BOIL,"PV-0466 , PV-D466 , PV-Q466",6239128.15,3913370.16,DDC,DCLA,V0872 V0288 V0937
PV656-EXT,"PV-0N656, PV-DN656, PV-I001 , PV-QN656",2113994.00,683820.97,DDC,DCLA,V0169 V0216
PV788-FAC,"PV-0467 , PV-0788 , PV-D467 , PV-D788 , PV-M467 , PV-M788",6909845.00,1089376.11,DDC,DCLA,V0122
PW195SW2,"PW-0077 , PW-0195",17169531.68,4693566.81,DDC,DCAS,V0121
PW77198CT,PW-0077,11220872.25,1212616.25,DDC,DCAS,V0209 V0248 V0810
PW77DDCAC,PW-0077,3368135.91,2522102.25,DDC,DDC,V0488 V0604
PW77ELEV,PW-0077,3838378.77,719753.93,DDC,DCAS,V0844 V0420 V0090
C11421STC,C -0114,433370918.97,195568466.13,DDC,DOC,V0127
P-4RCKGHQ,"P -1018 , P -I001",241077.12,2500.00,DDC,DPR,V0490 V0289
SANDY4-11,,876000.00,876000.00,DDC,DPR,V0594 V0055 V0608
SANDY4-50,"P -1018 , P -I001",30899657.77,27934901.32,DDC,DPR,V0803 V0657 V0039
P-1HARTIS,"P -0245X, P -0245X, P -I001",53244162.70,48384889.89,DDC,DPR,V0245
HWD10311,"HW-0001Q, HW-D103 , HW-I001",102333503.00,1345393.40,DDC,DOT,V0621
QED-1049,"SE-0002Q, WM-0001",6741000.00,128000.00,DDC,DOT,V0489
LNCA10115,"LN-0008 , LN-D008",4821039.26,4399656.40,DDC,NYPL,V0562 V0137
HWM12AVE,"HW-0001M, HW-0200 , HW-0200 , HW-1684 , TF-0002 , TF-0502",10307001.15,1312380.92,DDC,DOT,V0074 V0476 V0118
SEN002183,"EP-0007 , SE-0002M, WM-0001 , WP-0269",14197000.00,0.00,DDC,DOT,V0100 V0365
HWM42PSM,"HW-0001M, TF-0502",54145407.00,2288064.58,DDC,DOT,V0545 V0351 V0660
MED679,"SE-0002M, WM-0001 , WM-0006",20519839.00,544163.07,DDC,DOT,V0245 V0269 V0306
HWMME43ST,HW-0001M,19960878.36,2421732.85,DDC,DOT,V0565 V0333
MED-670,"SE-0002M, WM-0001",3333000.00,313498.34,DDC,DOT,V0118 V0635
HWK1669A,"HW-0001K, TF-0002",70173857.75,54839590.49,DDC,DOT,V0742
LQD122HO1,"LQ-0122 , LQ-D122 , LQ-Q122",9398351.70,5095619.46,DDC,QPL,V0778 V0308 V0493
BED798,"HW-0001K, SE-0002K, WM-0001 , WM-0006",58124325.64,53038944.76,DDC,DEP,V0390 V0260 V0421
PV362STA2,PV-DN362,580549.65,580549.65,DDC,DCLA,V0189 V0335
LNCA10AGL,"LN-0008 , LN-0101M, LN-D003 , LN-D008",3879439.96,2009324.20,DDC,NYPL,V0022 V0928 V0289
HWPR19KC,HW-0200,19983734.26,14649760.96,DDC,DOT,V0002
LQASADA,"LQ-0122 , LQ-D122 , LQ-Q122",19292829.89,4441393.85,DDC,QPL,V0174 V0134
HWQ1205,"HW-0001Q, TF-0502",5182472.00,680126.58,DDC,DOT,V0203 V0294 V0130
LBM17ARBR,"LB-0104 , LB-D104",15761163.59,1979277.59,DDC,BPL,V0270
HWPLZ014M,"HW-0001M, HW-0200 , HW-1684 , HW-D102 , TF-0002",29647035.00,2693698.50,DDC,DOT,V0542 V0150 V0476
MED688,"SE-0002M, WM-0001",3666000.00,0.00,DDC,DOT,V0150 V0839 V0146
LQD122BR2,"LQ-0122 , LQ-D122",6449815.77,6424712.36,DDC,QPL,V0443 V0604 V0709
HL82BRONX,HL-0082,102955160.02,70466809.01,DDC,DOHMH,V0562
CO293LL11,"CO-0264 , CO-0293",83882438.75,27942548.08,DDC,DCAS,V0056 V0452 V0076
CO294RF,CO-0294,23122000.00,934002.23,DDC,DCAS,V0167
CO295EV,CO-0295,22299964.00,1574035.92,DDC,DCAS,V0443
PV176CESU,"PV-0176 , PV-I001",23108965.07,18602327.22,DDC,DCLA,V0858
CO272DW2,CO-0272,3560000.00,807187.67,DDC,DCAS,V0258 V0026
PV262-RTW,"PV-0262 , PV-0467 , PV-D262 , PV-K262",17717064.37,12021490.45,DDC,DCLA,V0515
PV072HVAC,"LB-0104 , LB-0109 , PV-I001",10216770.64,7313980.87,DDC,BPL,V0487 V0476 V0074
CO278EXT2,CO-0278,32642179.23,2440319.73,DDC,DCAS,V0699
CO278FA3,CO-0278,90666791.82,3432349.12,DDC,DCAS,V0140
HWK900,"HW-0001K, HW-D101 , HW-K005 , TF-0502",14660000.00,2104522.82,DDC,DOT,V0026
HED600,"EP-0007 , SE-0200X, WM-0001",1090769.41,111748.53,DDC,DOT,V0406 V0485
HWX402,"HW-0001X, HW-0200 , HW-0944 , TF-0502",18578985.29,1897091.93,DDC,DOT,V0209
HH112BLRR,HH-0112,30961413.34,28914726.27,DDC,DHS,V0318 V0049
HH115BMEP,HH-0115,5205004.15,3773914.79,DDC,DHS,V0035 V0125
HL82BUSHX,HL-0082,19030534.04,16998631.47,DDC,DOH,V0074 V0540
LBM14BWRF,"LB-0104 , LB-D104",2815384.91,418164.15,DDC,BPL,V0540 V0475 V0751
PW348-71,PW-0348,29513750.00,17631337.04,DDC,DCAS,V0162 V0189
PV490-INF,PV-0490,19647345.05,12254763.22,DDC,DCLA,V0130 V0413 V0034
HWX405,"HW-0001X, HW-0200 , TF-0002 , TF-0502",19919328.00,2175780.14,DDC,DOT,V0878
LBC16MPHC,"LB-0104 , LB-D104",6839707.85,6297589.84,DDC,BPL,V0064
EO26-0002,"PU-0025 , PU-0025",2341342.36,1780016.66,DDC,DCAS,V0174 V0872
PW348-81,PW-0348,25788119.59,4603717.95,DDC,DCAS,V0122 V0091 V0156
PW348-82,PW-0348,25945157.10,17535636.92,DDC,DCAS,V0819
PW348-83,PW-0348,25961976.10,10600535.03,DDC,DCAS,V0779
PW348-84,PW-0348,26173923.43,12771956.77,DDC,DCAS,V0002 V0339
HWCRCDB,"HW-0001 , HW-0944",106054059.69,9647397.63,DDC,DOT,V0478 V0235
SETVDDC16,SE-087HW,3375047.16,1181759.43,DDC,DEP,V0529 V0008 V0540
SANDRESPC,"EP-0007 , PU-0100 , SE-0002M, WM-0001",211099240.32,79637897.00,DDC,DPR,V0057 V0742
SE-859,"HW-0200 , SE-0002Q, TF-0002 , TF-0502 , WM-0001",125804248.48,108493759.49,DDC,DEP,V0021 V0146
SEK002383,"HW-0200 , SE-0002K, SE-0944 , WM-0001 , WM-0001",27748689.82,16421346.06,DDC,DEP,V0313 V0035 V0555
SEN002178,"SE-0002M, SE-0944 , TF-0502 , WM-0001",10322430.26,7660782.07,DDC,DEP,V0209 V0669 V0583
SEK002376,"HW-0200 , SE-0002K, TF-0002 , WM-0001",13623880.72,9880400.20,DDC,DEP,V0877 V0057
PV001SELM,"PV-0001 , PV-0467 , PV-D001 , PV-Q001 , PV-Q467",4352615.56,1590316.81,DDC,DCLA,V0411
HWP15XMTA,HW-0200,14261335.85,9758048.33,DDC,DOT,V0275 V0478
HWP19KQTA,"HW-0200 , TF-0002",16776341.16,11062234.98,DDC,DOT,V0782 V0490
HWP19CWLM,"HW-0200 , HW-0944 , TF-0002",17910829.30,6906832.63,DDC,DOT,V0684 V0312
HWP19KC1,"HW-0200 , HW-0944 , TF-0502",11039386.17,7232426.62,DDC,DOT,V0045 V0878
HWP19KC2,"HW-0200 , TF-0002 , TF-0502",8879273.73,5907430.00,DDC,DOT,V0948 V0901
HWP19KC3,"HW-0200 , HW-0944 , HW-0944 , TF-0002 , TF-0502",15140051.80,9699142.50,DDC,DOT,V0002
HWP20MKC,HW-0200,8398000.00,1045000.00,DDC,DOT,V0130 V0652 V0208
HWPR20MCL,"HW-0200 , HW-0944 , TF-0002 , TF-0002 , TF-0502",21439197.83,6495774.14,DDC,DOT,V0074
HWPR19MC1,"HW-0200 , HW-0944 , TF-0001 , TF-0002",28638752.73,8883374.92,DDC,DOT,V0534
HWPR19MXC,"HW-0200 , HW-0944 , TF-0002 , TF-0502",37444845.65,3536304.98,DDC,DOT,V0475
HWPR20MKT,"HW-0200 , HW-0944 , HW-0944 , TF-0002 , TF-0002",19260422.62,9346529.05,DDC,DOT,V0042
HWPR20MQC,"HW-0200 , HW-0944",19235598.79,8368752.14,DDC,DOT,V0207 V0174 V0710
HWPR20MXC,"HW-0200 , HW-0944 , TF-0002",29296896.49,14032011.52,DDC,DOT,V0642 V0203
SANDBHFW,HO-0214,90000000.00,0.00,DDC,HHC,V0002
LQQ122-FA,"LQ-0122 , LQ-D122 , LQ-Q122",35400683.25,30886633.90,DDC,QPL,V0048 V0562
PO002-116,"PO-0002 , PU-0025",99845594.37,94626235.09,DDC,NYPD,V0544 V0703 V0183
MIBBNC04A,"HW-0200 , SE-0002R, SE-0005 , SE-0200R",26984143.83,21489827.12,DDC,DEP,V0124
HWPLZ017K,"HW-0944 , HW-1684 , TF-0502",7649768.31,5450866.88,DDC,DOT,V0877 V0447
HWCSCHPBX,"HW-0944 , HW-0988 , TF-0002",15687860.54,12112880.90,DDC,DOT,V0130
GKCI05-3A,WP-0169,28881398.03,22118822.66,DDC,DEP,V0289 V0283
GKCI05-2A,WP-0169,28709581.14,23366734.59,DDC,DEP,V0351 V0208 V0098
SER002317,"SE-0002R, SE-0005 , SE-0200R, SE-0200R, WM-0001 , WM-0001",19231936.80,4395296.80,DDC,DEP,V0009 V0155 V0513
SER200236,"SE-0200R, WM-0001",9990680.28,8855680.25,DDC,DEP,V0169
HED583,"SE-0002X, WM-0001 , WM-0006",33716958.00,304000.00,DDC,DOT,V0627
HED584,"SE-0002X, WM-0001",30902687.00,376343.72,DDC,DOT,V0289
HED585,"SE-0002X, WM-0001 , WM-0006",16971002.00,255927.90,DDC,DOT,V0396 V0487 V0034
HWXJEROME,HW-0001,11353000.00,0.00,DDC,DOT,V0057
NDF-JEROM,ED-0384,40699425.00,5113425.00,DDC,DOT,V0252
LNCAL15CC,"LN-0008 , LN-D008",9633515.75,8360334.76,DDC,NYPL,V0274 V0411 V0245
BED-806,"SE-0002K, SE-0002K, WM-0001",6559711.11,24590.49,DDC,DOT,V0245 V0190 V0314
HWK1048E,HW-0001K,12005612.00,740654.54,DDC,DOT,V0312 V0443 V0189
SETVDDC17,"SE-0002K, SE-0002Q",3682198.80,2372075.76,DDC,DEP,V0169
SELCDDC11,"SE-0002K, SE-0002M, SE-0002Q, SE-0002R, SE-0002X, SE-0200K, SE-0200M, SE-0200Q, SE-0200R, SE-0200X",10480994.04,3830385.71,DDC,DEP,V0411
HWM2025,"HW-0001 , HW-0001M, HW-0200 , HW-0200 , HW-0944 , HW-0944 , HW-D102 , HW-M002 , TF-0002 , TF-0502",94210388.80,2775007.48,DDC,DOT,V0216 V0490
MED-667,"EP-0007 , SE-0002M, WM-0001 , WM-0006",15893000.00,71319.40,DDC,DOT,V0412
HL82BRKLN,HL-0082,56859978.00,25195283.96,DDC,DOHMH,V0009 V0432
HWHARPER,HW-0003,137650980.59,12271267.98,DDC,DOT,V0877 V0905 V0426
PO141-40P,PO-0141,91753164.99,84077328.63,DDC,NYPD,V0203 V0552 V0303
CS-NC-BAF,WP-0169,69829782.00,3911927.63,DDC,DEP,V0602 V0076
LNC4WLEX,"LN-0008 , LN-D004 , LN-D008 , LN-X001",11660242.33,2061323.46,DDC,NYPL,V0287 V0475
QED1059,WM-0001,25123837.09,14491928.33,DDC,DEP,V0187 V0002
MED669,"EP-0007 , WM-0001 , WM-0944",123482701.59,12548931.75,DDC,DEP,V0581 V0274
RED-388,WM-0001,11789053.95,9902677.22,DDC,DEP,V0289 V0008 V0216
HED-581,"WM-0001 , WM-0944",21373521.47,2681424.05,DDC,DEP,V0122 V0371 V0819
SANDRESM1,"P -0508 , PU-0100 , SE-0002M, TF-0002",1644144729.23,1041276907.98,DDC,DPR,V0247
SANDRESM1,"P -0508 , PU-0100 , SE-0002M, TF-0002",1644144729.23,1041276907.98,DDC,DPR,V0247
PV143INFR,"PV-0N143, PV-DN143, PV-I001 , PV-MN143",4127513.71,865839.62,DDC,DCLA,V0352 V0351
HWK779W,"HW-0001K, HW-0779 , TF-0002",18963211.15,16824096.18,DDC,DOT,V0027
E17-0006,PU-0025,6665384.19,5202582.13,DDC,DCAS,V0499 V0082 V0045
E16-0003,"PU-0025 , PU-0025",7355170.59,4783373.53,DDC,DCAS,V0776 V0187
E16-0002,"PU-0025 , PU-0025",7517625.86,6542651.66,DDC,DCAS,V0526 V0144
HWK639WB,HW-0001K,15385394.00,662084.83,DDC,DOT,V0312 V0653
LNEM12MLB,"LN-0008 , LN-I001",1898881.50,1738728.32,DDC,NYPL,V0572 V0351
LQARVEXPN,"LQ-0122 , LQ-D122 , LQ-Q122",26991076.23,7227436.17,DDC,QPL,V0098 V0340
SER200251,"HW-0200 , HW-0200 , SE-0002R, SE-0200R, TF-0002 , WM-0001",23014631.41,16703510.86,DDC,DEP,V0649
LQSARENOV,"LQ-0122 , LQ-D001 , LQ-D122 , LQ-Q122",12234000.00,66444.24,DDC,QPL,V0187 V0169
HH115REGX,HH-0115,22063077.14,20654754.64,DDC,DHS,V0057 V0351 V0187
LNEA13HGR,"LN-0008 , LN-0101X, LN-D008 , LN-M001",6923658.38,1214483.85,DDC,NYPL,V0207 V0515
HR25FACA4,HR-0025,16906881.00,1930419.19,DDC,HRA,V0487
HH112PJFC,HH-0112,35378054.81,2644085.28,DDC,DHS,V0490 V0216
LQSEHVAC,"LQ-0122 , LQ-D122 , LQ-Q122",3209458.90,2746595.27,DDC,QBPL,V0247
HBPED800Q,"P -0245Q, P -0245Q, P -1018 , P -1018 , TF-0002",60457994.84,16367101.69,DDC,DPR,V0035 V0237 V0567
QED1062,WM-0001,2012132.59,154283.12,DDC,DPR,V0071
SANDY4-30,P -1018,1681772.00,290922.01,DDC,DPR,V0312
SANDY4-31,P -1018,443763.95,283763.95,DDC,DPR,V0749
HD-161DPL,HD-0161,18576352.11,3483420.40,DDC,HPD,V0620
PW29380FC,PW-0293,52086148.16,2559828.55,DDC,DCAS,V0203 V0122
LQFLELV,"LQ-0122 , LQ-D122 , LQ-Q122",11145954.54,10523172.70,DDC,QBPL,V0622 V0045 V0115
PW348-73,PW-0348,21573823.00,17671113.13,DDC,DCAS,V0208 V0424 V0150
LBC13BPRF,"LB-0104 , LB-D104",31897102.25,4319499.63,DDC,BPL,V0508
HWS2021XM,"HW-0200 , P -1331",5098138.59,3579601.34,DDC,DOT,V0877 V0009
HWS2023X,"HW-0200 , HW-0200 , P -1018",7425076.49,2908934.25,DDC,DOT,V0974 V0671
HWS2023M,"HW-0200 , P -1018",7590267.43,5630942.96,DDC,DOT,V0334 V0162
HWP2024S,HW-0200,8586356.05,2158576.23,DDC,DOT,V0026
LNCA13GBR,"LN-0008 , LN-D008",9433407.80,1341570.62,DDC,NYPL,V0651
LNEA08MHV,"LN-0008 , LN-0101M",7974878.24,6296219.21,DDC,NYPL,V0840 V0856 V0574
GQTI03-23,WP-0169,22864041.75,16663130.44,DDC,DEP,V0142 V0216 V0613
PW77GOWAN,,3733074.25,3053469.25,DDC,DCAS,V0130 V0750 V0763
LBM16GSFC,LB-0104,2710660.64,2730864.10,DDC,BPL,V0189
GKOH15-01,"EP-0007 , HW-0001K, SE-0944 , WP-0169 , WP-0170",104155737.92,11397374.13,DDC,DEP,V0277
GKOH15-02,WP-0169,51746188.78,33280490.87,DDC,DEP,V0009
GKOH15-03,"EP-0007 , SE-0944 , WP-0169 , WP-0170",108111182.82,20932334.73,DDC,DEP,V0541 V0537 V0411
GKOH15-04,"EP-0007 , WP-0169 , WP-0170",127266157.00,9831823.72,DDC,DEP,V0712 V0146
HWQ1196,"HW-0001Q, TF-0502",8786560.00,828408.97,DDC,DEP,V0491 V0026 V0877
SEQ-SACBA,SE-0005,2870586.00,869599.16,DDC,DEP,V0289
SEK20070,SE-0200K,10447712.02,8701402.02,DDC,DEP,V0089
C75EWAMKC,C -0075,22726280.00,22307895.13,DDC,DOC,V0056
SEK20067,"EP-0007 , HW-0200 , SE-0004 , TF-0002",43163579.58,38408910.43,DDC,DEP,V0964
LQHIHVAC,,307805.00,307324.18,DDC,QPL,V0208
LQHIROOF,"LQ-0122 , LQ-D122",3539002.42,3461812.97,DDC,QPL,V0877 V0209 V0708
HWQ1201,"HW-0001Q, HW-D103 , HW-Q001 , TF-0002",15989751.17,2414892.67,DDC,DOT,V0487 V0026 V0216
LBC10CDHC,"LB-0104 , LB-D104",4244782.32,3465295.46,DDC,BPL,V0085
LBM13LDHC,"LB-0104 , LB-D104",5004698.56,4823299.83,DDC,BPL,V0334 V0006
LBM13CGHC,"LB-0104 , LB-D104",8394532.08,7277238.52,DDC,BPL,V0565
LQD122RO2,"LQ-0122 , LQ-D122 , LQ-I001",3847816.35,1431512.30,DDC,QPL,V0540
LBK15BDHC,"LB-0104 , LB-K001",5309093.43,4173049.07,DDC,BPL,V0291 V0086 V0209
HWQ100SBB,"HW-1684 , HW-Q001 , TF-0502",56877898.69,4300784.78,DDC,DOT,V0374 V0208 V0173
QED1040B,"SE-0002Q, WM-0001",19513000.00,638000.00,DDC,DOT,V0074
MED-645,WM-0001,22738171.62,14155359.82,DDC,DEP,V0035 V0096 V0248
HH115DSFA,HH-0115,5068729.52,2450595.60,DDC,DHS,V0449 V0815 V0354
SE-811,"HW-0001Q, SE-0002Q, SE-0200Q, SE-0200Q, TF-0002 , WM-0001",74695382.28,58568723.87,DDC,DEP,V0059 V0775 V0621
BBJ-Q,C -0114,4474638690.85,235524193.71,DDC,DEP,V0057
SANDTWOBR,"PU-0100 , TF-0002",460685477.69,246040825.05,DDC,MOR,V0426 V0189
HWP20KRC,HW-0200,8557761.00,1247527.45,DDC,DOT,V0695
HWP2020KC,"HW-0200 , HW-0944 , TF-0002 , TF-0502",21359623.76,5463504.97,DDC,DOT,V0130 V0301
RED-386,WM-0001,10454511.80,6672823.90,DDC,DEP,V0183 V0074 V0449
SANDRESM2,"PU-0100 , SE-0002M, TF-0002",192477509.94,178990401.52,DDC,DPR,V0150
PW357FIRE,"PW-0293 , PW-0293",58595965.48,10721693.75,DDC,DCAS,V0589
PWHLDGFND,PW-0293,2936000.00,0.00,DDC,DCAS,V0557 V0877
HH112BLFS,HH-0112,29012507.21,1720143.86,DDC,DHS,V0043
HH112BVFA,HH-0112,6025911.76,815371.78,DDC,DHS,V0425 V0247
HH112FBFS,HH-0112,6271413.97,693748.70,DDC,DHS,V0086 V0189
HH112KEFA,HH-0112,4051273.73,1050292.72,DDC,DHS,V0231
HH112CTFS,HH-0112,3079495.00,511261.14,DDC,DHS,V0026 V0502 V0403
HH112CWFR,HH-0112,2615178.95,2555804.15,DDC,DHS,V0082
PW293QBLV,PW-0293,13332215.35,12058772.04,DDC,DCAS,V0476
HH115JCFB,HH-0115,3315385.65,981256.57,DDC,DHS,V0518 V0324
HH115SRFA,HH-0115,1322855.02,1216220.37,DDC,DHS,V0122 V0086 V0035
CT2-INTER,WM-0105,15437965.57,13758611.94,DDC,DEP,V0247 V0877
MED-619,"SE-0002M, TF-0502 , WM-0001 , WM-0006",28604983.18,2890698.17,DDC,DEP,V0514
HWP21KRC,"HW-0200 , HW-0944 , SE-0200K, SE-0200R, TF-0002 , TF-0502 , WM-0001 , WM-0001",42556988.00,1999493.17,DDC,DOT,V0251 V0155 V0057
HWP2021TA,"HW-0200 , HW-0944 , TF-0002",8072654.00,1841469.89,DDC,DOT,V0274 V0279 V0208
HWP2021LM,"HW-0200 , HW-0944 , TF-0002 , TF-0502",11147484.00,2310461.93,DDC,DOT,V0828 V0485 V0045
HWP21MXQC,"HW-0200 , HW-0944",9890567.00,1627668.03,DDC,DOT,V0012 V0183
HWP21KQC,"HW-0200 , HW-0944",8688050.00,1300651.60,DDC,DOT,V0535 V0072
SEQ200558,"HW-0200 , SE-0002Q, SE-0200Q, WM-0001",15512426.85,11719763.72,DDC,DEP,V0274 V0602
SE-842A1,"HW-0001Q, SE-0200Q, TF-0502",119394996.20,64548903.66,DDC,DEP,V0633 V0926 V0002
HWR669C,"HW-0001R, HW-0061 , HW-0200 , HW-0669 , SE-0002R, SE-0200R, TF-0502 , WM-0001",90384692.56,75318044.56,DDC,"DOT, DEP",V0006
HWQ1206,HW-0001Q,12677332.00,813279.05,DDC,DEP,V0026 V0203 V0755
SEQ200605,"SE-0002Q, SE-0200Q, WM-0001",9118000.00,784000.00,DDC,DEP,V0476 V0169
HH112HSFA,HH-0112,7470769.68,1085508.94,DDC,DHS,V0134
PW348-72,PW-0348,23220000.00,11373731.37,DDC,DCAS,V0056 V0113
LNCL15CAS,"LN-0008 , LN-D004 , LN-D008",18348296.25,3476826.75,DDC,NYPL,V0247 V0599
CMERECORD,HL-0083,7872250.00,1526537.93,DDC,DOHMH,V0840 V0523 V0542
PW77417DA,"PW-0077 , PW-0293",10673221.14,9384658.02,DDC,DCAS,V0958 V0846 V0767
HWM10INWD,HW-0001,29758558.00,1000000.00,DDC,DOT,V0484 V0690 V0652
SEN20008,"SE-0002M, WM-0001",8221000.00,101000.00,DDC,DOT,V0793 V0485 V0026
BED833,WM-0001,3295485.44,2178938.95,DDC,DOT,V0485
HWK2048,"HW-0001K, HW-0200 , TF-0002",10758871.84,3491101.21,DDC,DOT,V0443
CO281TOIL,"CO-0264 , CO-0281",15483769.76,14090940.66,DDC,DCAS,V0329
HH112KELC,HH-0112,12905749.78,1839190.17,DDC,DHS,V0443 V0365 V0562
LQLAROOF,"LQ-0122 , LQ-D122",2519888.25,2484137.01,DDC,QPL,V0476 V0652
HWMMLEXAV,"HW-0001M, HW-0944",26842704.41,8775204.76,DDC,DOT,V0219 V0515 V0418
MED678,WM-0001,11176944.85,6398196.64,DDC,DOT,V0209 V0169 V0169
PS-349,WP-0269,27063301.44,5579880.87,DDC,DEP,V0443 V0569 V0562
CO277FA,"CO-0264 , CO-0277",14354801.73,1010364.35,DDC,DCAS,V0974
E17-0001,"PU-0025 , PU-0025",14387306.41,7052289.32,DDC,DCAS,V0782 V0604
CO283TOIL,CO-0283,16336720.52,3860192.27,DDC,DCAS,V0144 V0566 V0086
CO283WT,"CO-0264 , CO-0283",6785429.02,5402123.11,DDC,DCAS,V0203 V0155 V0352
CO285FIRE,"CO-0264 , CO-0285",25993265.91,6113240.78,DDC,DCAS,V0056
HAM18MHCC,"HA-0001 , HR-0025",8723911.95,7214171.65,DDC,NYCHA,V0239
CO301LL,"CO-0264 , CO-0301 , PW-0077",10563676.49,9058930.13,DDC,DCAS,V0208 V0877
CO301PD,"CO-0264 , CO-0301 , PW-0077",8436586.18,7257070.71,DDC,DCAS,V0006
HAM17GHSE,"HA-0001 , HA-D001 , HA-K001 , HD-I001",22774250.95,14326973.63,DDC,HPD,V0274 V0931 V0074
LBC16MD2F,"LB-0104 , LB-D104",9690811.72,1379234.44,DDC,BPL,V0194
LNEA13MHU,"LN-0008 , LN-0101M, LN-D008",5065072.98,4202768.27,DDC,NYPL,V0169
LNCA14MBG,"LN-0008 , LN-0101M",4024616.89,3723187.61,DDC,NYPL,V0877 V0191
HWPEDSF4,HW-0988,25145754.91,20745837.74,DDC,DOT,V0411
PV241EXTR,"PV-0241 , PV-0467 , PV-I001",6926495.20,2885934.00,DDC,DCLA,V0443 V0155
HED-562,"EP-0007 , SE-0002X, TF-0002 , WM-0001 , WM-0006 , WM-0006 , WM-0944",59364512.93,3450051.83,DDC,DEP,V0981
SANDBOMB,"PO-0079 , PU-0025",31643094.30,21371276.52,DDC,NYPD,V0585 V0289 V0144
HH112FWFA,HH-0112,14411352.45,1345163.59,DDC,DHS,V0594 V0674 V0904
PV272EDUC,"PU-0025 , PV-0272 , PV-D272 , PV-Q272",38446225.44,6331712.20,DDC,DCLA,V0258 V0364 V0756
HH112SWFA,HH-0112,2859027.44,1702479.79,DDC,DHS,V0174 V0122 V0026
HH115JCFS,HH-0115,2368919.60,2302367.62,DDC,DHS,V0570 V0274
HH115LFAU,"HH-0112 , HH-0112 , HH-0115",2463394.65,373667.05,DDC,DHS,V0289 V0122
HBFDR14BP,"P -0508 , P -0508",182992438.78,2876556.74,DDC,DOT,V0425
LQDL-NEW,"LQ-0122 , LQ-D122 , LQ-Q122 , PU-0025",41985077.48,3308863.85,DDC,QPL,V0544 V0411 V0183
LQQ122-RG,"LQ-0122 , LQ-D122 , LQ-Q122",45723483.68,7827481.68,DDC,QPL,V0248 V0086 V0562
SEQNS005,"SE-0002Q, SE-0200Q, WM-0001",26600000.00,1600000.00,DDC,DEP,V0245 V0526 V0012
SEQNS004,"HW-0200 , SE-0002Q, SE-0200Q, WM-0001",23700372.11,18406347.65,DDC,DEP,V0448 V0411
SER200247,"SE-0002R, SE-0200R, WM-0001 , WM-0006",46265576.15,324503.17,DDC,DEP,V0134 V0487
LBM17NUOH,"LB-0104 , LB-D104",26418478.30,1834565.04,DDC,BPL,V0146
PV385RLP3,PV-0N385,1580768.00,1179874.60,DDC,DCLA,V0411
CO304REHB,CO-0304,67847525.85,5089007.68,DDC,DCAS,V0208
HWMNYPL,"HW-0001M, HW-0200 , HW-0200 , TF-0002 , TF-0502",10354541.23,955442.62,DDC,DOT,V0216 V0122 V0440
SER20079,"SE-0002R, SE-0200R, WM-0001",16987990.86,14407064.98,DDC,DEP,V0216 V0251
GI-BX-PP,"WP-0169 , WP-0170",57151072.00,5325960.85,DDC,DEP,V0577
PV274KITR,"PV-0274 , PV-D274 , PV-D467 , PV-Q274 , PV-Q467",6863339.83,4033386.24,DDC,DCLA,V0822
LNCA13HAM,"LN-0008 , LN-D008 , LN-I001 , PU-0025",19904391.06,15076959.74,DDC,NYPL,V0122
BED-830,"SE-0002K, WM-0001",2588000.00,276044.46,DDC,DOT,V0130
HWD007K03,"HW-0001K, HW-D101 , HW-K005",18591485.67,2390950.61,DDC,DOT,V0130
BED-785B,"SE-0002K, WM-0001",7835791.30,5520727.10,DDC,DOT,V0274
HWD10105A,"HW-0001K, HW-0001Q",36662443.37,19530667.87,DDC,DOT,V0034
HWKDTBK,HW-0001K,10718700.00,974703.20,DDC,DOT,V0037
HWPR20K2,HW-0200,14407472.57,13885322.40,DDC,DOT,V0773 V0026 V0208
HWPR20K3,HW-0200,12426451.51,10166710.10,DDC,DOT,V0696 V0312 V0247
HWPR22MC,"HW-0200 , HW-0944 , TF-0001",17758492.00,1377639.10,DDC,DOT,V0528 V0139
HWPR22KRC,"HW-0200 , HW-0944 , TF-0001",21056160.00,1263948.00,DDC,DOT,V0520 V0126 V0035
HWPR21KR,HW-0200,17915624.55,14976869.72,DDC,DOT,V0604 V0120
HWPEDSF5,"HW-0001K, HW-0001X, HW-D102 , SE-0002M, TF-0002",28545029.76,24251296.77,DDC,DOT,V0189 V0452 V0155
HWCSCHPQN,"HW-0200 , HW-0944 , HW-0988 , HW-D103 , HW-D105 , HW-Q001 , TF-0002 , TF-0502",33273512.99,2824401.01,DDC,DOT,V0935 V0085 V0357
HWK1673,HW-0001K,29938195.00,886325.51,DDC,DOT,V0602 V0539
HWX710A,"HW-0001X, HW-0200 , HW-0200 , HW-0710 , HW-0944 , HW-1684 , TF-0002 , TF-0002 , TF-0502 , WM-0001 , WM-0006",146689505.99,142900294.58,DDC,DOT,V0189 V0066
SEX002247,,4344615.06,4344615.06,DDC,DOT,V0247
LNMNA08LS,"LN-0008 , LN-0101X, LN-D003 , LN-D008",7375620.90,7064504.58,DDC,NYPL,V0411 V0562
HWQ1187,"HW-0001Q, HW-0061",44686055.86,1359262.73,DDC,DOT,V0289 V0093 V0035
SEQ200595,"SE-0002Q, SE-0200Q, WM-0001",550000.00,0.00,DDC,DOT,V0285 V0245
HWS2020XM,"HW-0200 , P -1018",4741035.82,4539307.53,DDC,DOT,V0187 V0289
HWS2021K,"HW-0200 , HW-0200 , P -1331",9351623.00,7875011.56,DDC,DOT,V0130 V0183 V0889
HWS2020K1,"HW-0200 , HW-0200 , P -1018",8187440.84,7083333.13,DDC,DOT,V0530
S216-415A,S -0216,100418866.68,97682604.59,DDC,DSNY,V0242
HH112BEES,HH-0112,27366634.89,24828678.18,DDC,DHS,V0312 V0026 V0878
PV669-NPC,"PV-0467 , PV-0N669, PV-DN669, PV-I001 , PV-MN669",26798527.48,16417977.38,DDC,DCLA,V0941
HH112CGIU,HH-0112,3603580.20,444044.51,DDC,DHS,V0707 V0118
PW29310R,PW-0293,15007365.00,1284855.29,DDC,DCAS,V0130
PV501BOIL,PV-0501,4330523.92,3659582.99,DDC,DCLA,V0082 V0002
CO299FIRE,CO-0299,26224277.68,10686147.65,DDC,DCAS,V0686 V0447
CO296RF,CO-0296,39078502.02,1703584.09,DDC,DCAS,V0150
PV291-QM2,"PU-0025 , PV-0291 , PV-D291 , PV-D467 , PV-Q291",44746043.67,4260354.88,DDC,DCLA,V0405 V0351
LQQBHHVAC,"LQ-0122 , LQ-0122 , LQ-D122",4124924.69,3383750.97,DDC,QPL,V0515
HWQ724B,"HW-0001Q, HW-0061 , HW-0200 , HW-0200 , HW-0724 , TF-0002 , TF-0502",65426117.31,9373068.92,DDC,DOT,V0009 V0189
SEQ200519,"SE-0002Q, SE-0005 , SE-0200Q, WM-0001",84655225.94,1469663.25,DDC,DOT,V0118
BED-794,"SE-0002K, SE-0004 , WM-0001 , WM-0006",55099361.57,44021692.07,DDC,DOT,V0289 V0265
HWKKP005,"HW-0001K, TF-0002",78108635.09,73209107.36,DDC,DOT,V0948 V0172 V0074
HWR1140A,"HW-0061 , HW-0200 , HW-0200 , HW-0944 , HW-1140 , HW-D104 , TF-0002 , TF-0002 , TF-0502 , TF-0502",89354005.83,11588358.95,DDC,DOT,V0617 V0026 V0475
RED-366,"EP-0007 , SE-0002R, SE-0200R, WM-0001",44570093.51,2232127.67,DDC,DOT,V0150 V0248
SANDRDHK,"HW-0001K, PU-0100 , SE-0002K, SE-0200K, SE-087HW, WM-0001 , WP-0170",228962829.75,22310335.92,DDC,DOT,V0178 V0187 V0057
SEK002390,SE-0002K,883300.00,0.00,DDC,DOT,V0475 V0897
HWK614D,"HW-0001K, HW-0614 , TF-0002",37317711.80,32657483.96,DDC,DOT,V0048
HWXS711,"HW-0001X, HW-0200 , HW-0211 , HW-0211 , HW-0944 , TF-0502",13286232.84,2220208.89,DDC,DOT,V0311 V0604
SEX002272,SE-0002X,162000.00,0.00,DDC,DOT,V0208 V0183 V0878
P-102DELV,"HW-0001X, HW-0200 , HW-0944 , HW-1684 , TF-0002",27402979.14,20635813.39,DDC,DOT,V0002 V0351
SEBLQX01,"SE-0002Q, SE-0002X, SE-0944 , WM-0001",20936526.28,2376749.95,DDC,DEP,V0174 V0060 V0877
SANDHW08,"HW-0001M, HW-0944 , SE-0002M",35414429.37,26872343.90,DDC,DOT,V0156 V0465 V0969
BED-805,"SE-0002K, SE-0200K, WM-0001",15875568.95,12803755.49,DDC,HPD,V0073
HD-161E,"ED-0075 , HD-0161 , HD-0161 , HW-0200 , TF-0002 , TF-0502",57155492.86,35005943.32,DDC,HPD,V0174
HWMWTCB2,"HW-0001M, HW-0200 , HW-0944 , WM-0001",46810503.06,20880805.55,DDC,DOT,V0209 V0937
HWMWTCB1,"HW-0001M, HW-0200 , HW-0944 , TF-0002 , TF-0502",17378001.65,9748159.84,DDC,DOT,V0122 V0365
HWPLZ015M,"HW-0001M, SE-0002M",16443708.56,10253146.10,DDC,DOT,V0600
HWR00512,"HW-0001R, HW-0061 , HW-D104 , HW-I001 , HW-R005 , HW-R988",13045416.55,2698280.21,DDC,DOT,V0169
P-3RANDAL,"P -0944 , P -1018",40744618.00,2836240.24,DDC,DPR,V0289 V0622 V0379
BED-803,"SE-0002K, WM-0001 , WP-0169",4665445.37,2486159.17,DDC,DOT,V0006
HWK797W,"HW-0200 , HW-0200 , HW-0796 , TF-0002 , TF-0502",12768142.46,9237338.25,DDC,DOT,V0189 V0411
CONISPH3A,"SE-0002K, SE-0200K, SE-0200R, TF-0002 , TF-0502 , WM-0001 , WM-0006",64247025.43,52326800.75,DDC,DEP,V0059 V0174 V0655
HWQ274F2,"HW-0001Q, HW-0061 , HW-0200 , HW-0274 , HW-0944 , TF-0002 , TF-0002",52829943.27,12692787.90,DDC,DOT,V0203
SEQ200592,"SE-0002Q, SE-0200Q, WM-0001",39943522.14,14245298.15,DDC,DOT,V0667 V0241 V0672
BED-807,"SE-0200K, WM-0001",3777179.82,126134.18,DDC,DOT,V0274 V0150
SAND1048,"HW-0001K, HW-0200 , HW-0944 , TF-0002",27647047.62,4257842.17,DDC,DOT,V0274 V0006
CO306EXT2,CO-0306,23029008.00,765166.83,DDC,DCAS,V0443 V0715
HWX006-01,"HW-0001X, HW-0200 , HW-0211 , HW-0944 , HW-X006 , TF-0502",19231864.00,1751332.06,DDC,DOT,V0565 V0443
HWXS911,HW-0211,14236076.00,1151289.50,DDC,DOT,V0150
HWMWTCB7,"HW-0001M, HW-0200 , HW-0944 , TF-0502",35309416.99,11369984.56,DDC,DOT,V0086 V0216
SEN002182,"SE-0002M, WM-0001",3796528.35,185623.34,DDC,DOT,V0846
HWMWTCB6,"HW-0001M, HW-0944",15204679.30,10613365.22,DDC,DOT,V0485 V0208
MED-668,WM-0001,1454431.66,1096269.42,DDC,DOT,V0002
SEN002169,"HW-0200 , HW-0200 , SE-0002M, TF-0002 , TF-0502 , WM-0001",24888664.45,22561637.22,DDC,DEP,V0208 V0572
HWK876,"HW-0200 , HW-0200 , HW-0876 , HW-0944 , HW-D101 , HW-K005 , TF-0002 , TF-0502",58387416.35,8080800.31,DDC,"DEP, DOT",V0130 V0144
SEK002351,"EP-0007 , SE-0002K, WM-0001",24376119.99,773737.43,DDC,"DEP, DOT",V0889 V0540
BED829,"SE-0002K, WM-0001",69385000.00,5000.00,DDC,DOT,V0572 V0208 V0288
HWK1669B,"HW-0001K, HW-D101 , TF-0502",148984071.40,2167215.39,DDC,DOT,V0121
HWPR23KQ,HW-0200,21199126.00,10198477.94,DDC,DOT,V0203 V0228 V0270
BLCOMPLNT,HW-0200,7037474.40,5916346.77,DDC,DOT,V0874 V0317 V0655
S136-383N,S -0136,36819752.29,31073804.21,DDC,DSNY,V0821 V0385
SOLARDOS1,PU-0025,8751230.42,6472214.20,DDC,DSNY,V0758
P-303ERPK,"P -1018 , RE-0025",16989244.49,10716375.75,DDC,DCAS,V0209 V0144
HWPR23K1,HW-0200,20940785.60,10931611.07,DDC,DOT,V0485 V0741 V0104
HWPR21MQ,HW-0200,18588162.10,14733701.59,DDC,DOT,V0289 V0118 V0201
HWPR21K1,HW-0200,15929464.00,14653970.39,DDC,DOT,V0248
HBMA24662,"HB-001Y , HB-0215 , HB-1012 , HW-0200 , HW-0200 , TF-0002 , TF-0502 , TF-0502",22880613.86,2490740.79,DDC,DOT,V0470 V0165
SEN002184,"SE-0002M, WM-0001",11004000.00,0.00,DDC,DOT,V0144 V0347
PW77417P2,PW-0077,9025511.14,8478307.29,DDC,DCAS,V0312 V0534
PV475ROOF,"PU-0025 , PV-0467 , PV-0475 , PV-D475 , PV-M475",14790657.49,1688216.49,DDC,DCLA,V0118 V0074 V0008
PW77LYA,PW-0077,72260970.69,63118698.36,DDC,DCAS,V0856 V0424
HH112BLBR,HH-0112,23741873.00,3020390.74,DDC,DHS,V0026
HAM14GOCC,"HA-0001 , HA-D001",4920899.17,4618838.14,DDC,NYCHA,V0048 V0208
PW3172L,"PW-0077 , PW-0080 , PW-0317",14544064.44,847422.41,DDC,DCAS,V0427
PV234CSV1,"PV-0234 , PV-0467 , PV-D234 , PV-M234 , PV-M467 , PW-C077",14864854.80,10744624.74,DDC,DCLA,V0784
PS-312MX,WP-0269,32989192.61,30306738.21,DDC,DEP,V0035 V0035
TLCWOOD,PW-0077,159663051.71,58573959.61,DDC,DCAS,V0035
TLCWOOD1,PW-0077,31599849.45,3146298.70,DDC,DCAS,V0522 V0074
LNCA13MLB,"LN-0008 , LN-D008",1010380.91,964884.21,DDC,NYPL,V0831 V0022
HWXF2000B,HW-0003,12156463.06,9996730.69,DDC,DOT,V0524 V0734
LBC15BWHC,"LB-0104 , LB-D104",5344918.16,1246505.57,DDC,BPL,V0389 V0203
LBM15RDHC,LB-0104,3679851.44,3073920.28,DDC,BPL,V0485
SE-860,"EP-0007 , HW-0001Q, HW-0200 , SE-0002Q, TF-0002 , TF-0502 , WM-0001",128362992.00,7800285.20,DDC,DEP,V0007 V0946 V0799
SEK002386,"SE-0002K, WM-0001 , WM-0006",20443977.99,17200372.43,DDC,DEP,V0929 V0352 V0545
HWCURB10,"HW-0200 , HW-0CH1",4069093.82,864798.10,DDC,DOT,V0538 V0211 V0877
HED-578,WM-0001,8724050.06,4774514.21,DDC,DEP,V0009 V0266
S136-383S,S -0136,44814382.21,41364943.46,DDC,DSNY,V0138
SOLARDOS2,"PU-0025 , PU-0025",3528601.74,1426240.35,DDC,DSNY,V0130 V0247 V0130
LNEA14VNT,"LN-0008 , LN-0101X, LN-D008 , LN-I001",5877953.31,2921151.41,DDC,NYPL,V0166 V0289
SER002329,"SE-0002R, SE-0200R, TF-0502 , WM-0001",33454294.22,20514882.99,DDC,DEP,V0045
PW195SW2,"PW-0077 , PW-0195",17169531.68,4693566.81,DDC,DCAS,V0121
HWS2020K2,HW-0200,7453476.91,6931567.45,DDC,DOT,V0216
HWS2021X,"HW-0200 , HW-0200 , P -1331",2816600.69,2669561.41,DDC,DOT,V0873 V0408
HWS2020Q1,"HW-0200 , HW-0200 , P -1018",8268428.00,6674551.74,DDC,DOT,V0242 V0581
HED-569,"HW-0001X, HW-0200 , WM-0006",74003525.92,62348858.42,DDC,DEP,V0487 V0187
SANDELEC8,PO-0079,4596462.10,2793387.97,DDC,NYPD,V0831 V0142
GKCI05-1A,WP-0169,24637275.80,19711526.43,DDC,DEP,V0209
HED-560,"EP-0007 , SE-0002X, WM-0001 , WM-0006",14934139.54,882559.86,DDC,DOT,V0379 V0351 V0849
HWXP2007,"HW-0001X, HW-0200 , HW-0944 , TF-0002 , TF-0502",42225406.58,5775095.53,DDC,DOT,V0487 V0582
BED-768B,"SE-0002K, WM-0001 , WM-0006",60282714.05,160814.86,DDC,DOT,V0872 V0490 V0146
HWK700B,"HW-0001K, HW-0700 , TF-0002",52381845.09,4546931.82,DDC,DOT,V0026 V0086 V0009
HWQ787B3,"HW-0001Q, HW-0061 , HW-0200 , HW-0200 , HW-0787 , TF-0002 , TF-0502",1820497.93,461067.34,DDC,DOT,V0245 V0516 V0173
HWR00508,"HW-0001R, HW-0061 , HW-0200 , HW-0200 , HW-R001 , HW-R005 , TF-0002 , TF-0502",23745079.91,3675412.00,DDC,DOT,V0174
LQRDMASON,"LQ-0122 , LQ-D122 , LQ-Q122",7318598.62,1177934.23,DDC,QPL,V0183
HWRF05R,HW-0003,16514603.23,2492135.10,DDC,DOT,V0006 V0652
LBM15GBRF,LB-0104,3584641.02,3397823.83,DDC,BPL,V0114 V0605
HH112FTRF,HH-0112,20821251.53,2154483.00,DDC,DHS,V0882 V0196
HWCSCHPKR,"HW-0001 , HW-0001K, HW-0001R, HW-0200 , HW-0944 , TF-0002 , TF-0502",27451339.60,17532069.69,DDC,DOT,V0911 V0208 V0554
HWCSCHPMN,"HW-0200 , HW-0988 , HW-D101 , HW-D102 , TF-0002 , TF-0502 , TF-0502",35921712.96,3184416.49,DDC,DOT,V0808 V0896 V0542
MED683,"WM-0001 , WM-0006",6723000.00,219133.77,DDC,DOT,V0108 V0312
BED-828,"SE-0002K, SE-0200K, WM-0001",10671340.00,356000.00,DDC,DOT,V0056 V0208
HWSRT200E,"HW-0001K, HW-0200 , HW-0988 , TF-0002",29352590.65,3297726.24,DDC,DOT,V0023
HWK1674,HW-0001K,34321198.00,594261.66,DDC,DOT,V0625 V0399
HWK002377,"HW-0001K, HW-0061",6397774.98,687381.48,DDC,DEP,V0490 V0829 V0035
SEK002377,"SE-0002K, WM-0001",4787854.95,1093854.95,DDC,DEP,V0652
SELCDDC10,"SE-0002K, SE-0002M, SE-0002Q, SE-0002R, SE-0002X",4800131.96,1921346.21,DDC,DEP,V0260 V0572
SEQNS003,"SE-0002Q, SE-0005 , SE-0200Q, WM-0001",25284584.62,17019489.20,DDC,DEP,V0146
PV477TEMP,"PV-0467 , PV-0477 , PV-D477 , PV-R477",8517629.02,7599700.81,DDC,DCLA,V0391 V0411
HWS2021Q,"HW-0200 , HW-0200 , P -1331 , P -1331",10847357.50,7493879.84,DDC,DOT,V0328
HWS2023K,"HW-0200 , P -1018 , P -1018",11799845.60,8955122.45,DDC,DOT,V0208 V0922 V0803
HWS2023Q,"HW-0200 , HW-0200 , P -1018 , P -1018",13668080.65,9146067.34,DDC,DOT,V0888
PV302BPH1,"PV-0302 , PV-0467 , PV-D302 , PV-R302",3216161.68,2315269.35,DDC,DCLA,V0293
HWPR23MQ,HW-0200,22538220.00,7626584.59,DDC,DOT,V0602
PV490-Q3,"PV-0490 , PV-D490 , PV-R490",23732714.18,22613591.62,DDC,DCLA,V0896
PV490JNFC,"PV-0N954, PV-I001 , PV-R490 , PW-I001",5773899.00,1384089.76,DDC,DCLA,V0475
SE-885,SE-0200Q,153647806.00,4475388.17,DDC,DEP,V0106 V0818
SE-885A,"SE-0002Q, SE-0200Q",51191389.00,8107444.72,DDC,DEP,V0941 V0492
SEQPGRD1,"HW-0001Q, TF-0002 , TF-0502",34895886.50,15714216.33,DDC,DOT,V0312 V0146
SEQPGRD2,"HW-0001Q, HW-0061 , HW-D103",34170181.00,1993699.22,DDC,DOT,V0144 V0849 V0174
HWQ662G,"HW-0001Q, HW-0061 , HW-0200 , HW-0200 , HW-0662 , HW-Q001 , TF-0002 , TF-0502",25694981.58,2474482.47,DDC,DEP,V0049 V0247 V0540
SE-862,"SE-0002Q, SE-0200Q, WM-0001 , WM-0006",87228856.41,3433885.23,DDC,DEP,V0146 V0006 V0485
PV394AMBR,"PV-0N394, PV-DN394, PV-I001 , PV-MN394",13359766.02,2461100.59,DDC,DCLA,V0443
P109STARA,"P -0245X, P -1018 , P -1018",5961701.93,5800739.15,DDC,DPR,V0216 V0540 V0189
CO302ST,CO-0302,8075649.64,7487554.86,DDC,DCAS,V0351
SER200258,"HW-0200 , SE-0002R, SE-0200R",22751055.96,13974187.52,DDC,DEP,V0006 V0779 V0312
SE-807,"SE-0002Q, SE-0004 , SE-0200Q, WM-0001",147468464.46,138749362.37,DDC,DEP,V0374 V0877 V0169
SEX200400,"HW-0001X, HW-0061 , HW-0200 , SE-0002X, SE-0200X, TF-0502",23516413.64,12957640.33,DDC,DEP,V0254
HWTRK883,HW-0001K,5378396.01,106134.30,DDC,DEP,V0746 V0035
SE-889,"SE-0002Q, SE-0200Q, WM-0001 , WM-0006",122036350.47,332543.13,DDC,DEP,V0971 V0200 V0097
CONISPH04,"EP-0007 , HW-0200 , HW-0200 , SE-0002K, SE-0200K, SE-1000 , TF-0002 , TF-0502 , WM-0001 , WM-0006",59279147.97,3520000.00,DDC,DEP,V0446 V0770 V0169
BED-802,"SE-0002K, SE-0200K, WM-0001",18340123.64,13598173.63,DDC,DOT,V0056 V0572
HWK1048D,"HW-0001K, HW-0200 , HW-K005 , TF-0002 , TF-0502",30158285.29,23287515.01,DDC,DOT,V0247 V0955
ACEDCA702,,3080000.00,3066401.92,DDC,DCLA,V0247 V0312 V0420
LBM18BVOH,LB-0104,36883929.78,4870125.22,DDC,BPL,V0035 V0009
PV354HVAC,,2998666.00,2998666.00,DDC,DCLA,V0155 V0490
HWK100SBC,"HW-0200 , HW-0200 , HW-0944 , HW-1684 , HW-D101 , TF-0002",92013720.85,61285291.21,DDC,DOT,V0476
SEK002407,"SE-0002K, WM-0001",4087000.00,0.00,DDC,DOT,V0967 V0174
PV829HVAC,"PV-0467 , PV-0N829, PV-DN829, PV-MN829, PW-I001",11020155.00,1108762.78,DDC,DCLA,V0026 V0685 V0690
P-1TREREC,"P -0245X, P -0506 , P -1018",104422591.00,7619035.01,DDC,DPR,V0877
S136-367,"PU-0025 , S -0136",233777690.38,219679798.80,DDC,DSNY,V0122 V0045 V0370
SOLARGR10,PU-0025,8483056.99,7725424.80,DDC,DSNY,V0900 V0972 V0183
HWXP136D,"HW-0001X, HW-0200 , HW-0200 , HW-0944 , HW-1684 , TF-0002 , TF-0502",57605300.70,14345672.34,DDC,DOT,V0562
SEX002275,SE-0002X,2027212.41,613146.19,DDC,DOT,V0209
HWD105-03,"HW-0001X, HW-0061 , HW-0200 , HW-D105 , WM-0001",9658017.31,1907042.76,DDC,DOT,V0225 V0490 V0053
HWHARPADM,HW-0003,143811620.48,51167080.95,DDC,DOT,V0752
CRO-AGS,WM-0011,90133620.61,86480686.83,DDC,DEP,V0006
HED-CLUB,WM-0011,17531451.39,15583944.21,DDC,DEP,V0014 V0433
P-413QCF1,"P -0245Q, P -0245Q, P -0823 , P -D019 , P -Q245 , PV-0N655",11159436.66,3581158.45,DDC,DPR,V0150
HL82CORHC,HL-0082,15983393.32,11568882.75,DDC,DOHMH,V0923 V0490
PVDTA-PH2,"PV-0467 , PV-0N131, PV-DN031, PV-DN131, PV-M467 , PV-MN131",3565924.12,2895831.06,DDC,DCLA,V0640
SEQ002715,SE-0002Q,10837537.74,8280308.71,DDC,DEP,V0411
HWXPRATT,"HW-0001X, HW-0061 , HW-D105",12957503.53,2353830.42,DDC,DOT,V0274 V0189 V0060
SEX20049,SE-0002X,1567039.94,64688.06,DDC,DOT,V0144 V0888
F204INFRA,F -0204,68517721.07,6196548.43,DDC,FDNY,V0443
HWPR19MC2,"HW-0200 , HW-0944 , TF-0002 , TF-0502",18393527.89,11011507.40,DDC,DOT,V0128 V0963
HWP2020LM,"HW-0200 , HW-0944 , HW-1684 , TF-0002 , TF-0502",32104732.77,7051605.25,DDC,DOT,V0122
HWPR23QX,HW-0200,20798586.80,17113013.41,DDC,DOT,V0289 V0454
HWPR23Q1,HW-0200,21458917.85,10550269.54,DDC,DOT,V0490 V0340
HWPR22Q1,HW-0200,20572126.40,18744312.47,DDC,DOT,V0886
HWPR20Q2,HW-0200,16082798.11,14264380.96,DDC,DOT,V0002 V0174
HWPR20MQX,"HW-0200 , HW-0944 , TF-0001 , TF-0002 , TF-0002 , TF-0502",16654000.00,1036611.30,DDC,DOT,V0828 V0274 V0877
NEWHJC2,"CS-0005 , PU-0025",393112887.07,39523890.03,DDC,ACS,V0419 V0496 V0130
PW348-74,PW-0348,32193581.97,29567283.37,DDC,DCAS,V0169 V0627 V0009
HED582,WM-0001,165815.30,7610.79,DDC,DOT,V0361
HWCSCH4D,"HW-0200 , HW-0944 , HW-0988 , TF-0002 , TF-0002 , TF-0502",28806548.19,4901326.01,DDC,DOT,V0009 V0146 V0982
NDF-SCH4D,ED-0384,3799808.00,0.00,DDC,DOT,V0894 V0289
HWKF488R,HW-0003,4976357.70,4714009.94,DDC,DOT,V0816 V0409 V0439
SEKDSMH23,"EP-0007 , SE-0002K, SE-0944",48287300.00,1016116.90,DDC,DEP,V0248 V0057 V0752
HWX100SBC,"HW-0001X, HW-0200 , HW-0944 , HW-1684 , TF-0002",57611798.46,8931746.00,DDC,DOT,V0819 V0144 V0921
PV791-TNC,"PV-0N791, PV-DN791, PV-I001",4450815.98,2908477.69,DDC,DCLA,V0155
PROCONTRL,"PW-0077 , PW-0077 , PW-0308",9831155.29,4172724.49,DDC,DDC,V0458 V0035 V0379
HWTRR1,"HW-0001R, HW-0061 , HW-0200 , HW-0944 , TF-0002",11430858.73,4391118.88,DDC,DOT,V0150 V0485 V0408
SER002333,"SE-0002R, SE-0200R, WM-0001",13765309.04,6999371.79,DDC,DOT,V0247 V0739 V0208
SE849,"SE-0002X, SE-0200X, WM-0001",37714000.00,0.00,DDC,DEP,V0247 V0763
ACEDCA215,"PU-0025 , PV-0262 , PV-0467 , PV-D262 , PV-K262",19905485.81,2116345.32,DDC,DCLA,V0370
PV957DGRW,"PV-0467 , PV-0N957, PV-DN957, PV-I001 , PV-KN957",17070460.31,2694000.60,DDC,DCLA,V0144 V0539
PV502-SDW,"PV-0467 , PV-0502 , PV-D502 , PV-Q502",5905354.03,1221574.85,DDC,DCLA,V0286
HED593,"C -0114 , WM-0001",15992544.00,1186790.60,DDC,DEP,V0289 V0335
HWQ788CS,"F -0001 , HW-0001Q, TF-0002",18614851.00,2080590.48,DDC,DOT,V0049 V0056
QED1061,"SE-0002Q, WM-0001",7912000.00,0.00,DDC,DOT,V0501
QED-1056,"TF-0502 , WM-0001",21946926.82,9398209.84,DDC,DEP,V0490 V0317
QED-1055,WM-0001,16304375.05,7809508.16,DDC,DEP,V0123
HED605,"SE-0002X, WM-0001",5589000.00,0.00,DDC,DOT,V0002
HWX404,"HW-0001X, HW-D105",9715751.00,2288854.59,DDC,DOT,V0652 V0245 V0411
HWX406,"HW-0061 , HW-0988",13633779.00,2816634.88,DDC,DOT,V0150 V0086 V0157
SEX002274,"SE-0002X, SE-0200X, WM-0001",16107000.00,227000.00,DDC,DOT,V0978 V0475 V0169
PV411ITC2,"PV-0467 , PV-0N411",4537725.71,3947585.78,DDC,DCLA,V0009 V0728 V0209
PO79FDBNX,PO-0079,2906423.70,2655137.52,DDC,NYPD,V0402
PO79SHOPR,PO-0079,12713646.37,1081642.74,DDC,NYPD,V0083 V0094
HWQ121B3,"HW-0001Q, HW-0061 , HW-0121 , HW-0200 , HW-0200 , HW-0944 , HW-D103 , TF-0002 , TF-0502",41031273.94,4924927.77,DDC,DOT,V0279 V0125
SEQ200562,"EP-0007 , SE-0002Q, SE-0200Q, SE-1000 , WM-0001",17865265.00,740055.79,DDC,DOT,V0289
HWR00511,"HW-0001R, HW-D104 , HW-R005",41548351.52,1891768.24,DDC,DOT,V0351 V0183 V0214
RED-372,"SE-0002R, WM-0001 , WM-0006",150000.00,150000.00,DDC,DOT,V0086 V0056 V0351
SER200322,"SE-0002R, SE-0200R, WM-0001 , WM-0006",94308000.00,119857.83,DDC,DOT,V0542 V0041 V0365
HWTRK1,"HW-0001K, HW-0200 , HW-0200 , HW-0944 , HW-D101 , HW-K005 , TF-0002 , TF-0002 , TF-0502",67862831.45,4831778.70,DDC,DOT,V0933
SEK20076,"EP-0007 , SE-0002K, WM-0001",9263000.00,76518.04,DDC,DOT,V0824
HWTRQX1,"HW-0001 , HW-0200 , HW-0944 , TF-0002 , TF-0002 , TF-0502",18420048.38,15003552.84,DDC,DOT,V0742 V0074
MED-607,"HW-0200 , SE-0002M, TF-0002 , TF-0502 , WM-0001 , WM-0006",59121027.15,41866040.82,DDC,DEP,V0195 V0174
BED-778A,"WM-0001 , WM-0006",17101611.91,13421309.97,DDC,DEP,V0701 V0618
BED-776,"HW-0001K, SE-0002K, WM-0001 , WM-0006",99211899.64,66627384.65,DDC,DEP,V0144
SEK002380,"SE-0200K, WM-0001",16434165.04,12489078.16,DDC,DEP,V0245 V0189 V0466
HWQ1193,"HW-0001Q, TF-0002 , TF-0502",12461604.99,10687317.16,DDC,DOT,V0183 V0898 V0974
HL82MANAT,HL-0082,9222177.60,9062730.42,DDC,DOHMH,V0144
HWPR20KC,"HW-0200 , HW-0944 , TF-0001 , TF-0002 , TF-0002 , TF-0502",19894000.00,1381233.50,DDC,DOT,V0351 V0009
HWPR20MKL,"HW-0200 , HW-0944 , TF-0002",20645035.88,7889418.30,DDC,DOT,V0861
HWPR20KMC,"HW-0200 , HW-0944 , TF-0002 , TF-0002",36563452.61,16870146.07,DDC,DOT,V0153 V0107 V0132
HWPR21XC,"HW-0200 , TF-0002",10044984.00,1330101.98,DDC,DOT,V0604
HWPR21KRC,"HW-0200 , HW-0944",10015537.00,1639434.80,DDC,DOT,V0203 V0312
HWPR21QC,"HW-0200 , HW-0944",9334916.00,740518.60,DDC,DOT,V0787 V0010 V0026
HWPR21LMT,"HW-0200 , HW-0944",9704868.50,1183392.79,DDC,DOT,V0801 V0146 V0849
HWPR21MTA,"HW-0200 , HW-0944",11227405.00,1109327.50,DDC,DOT,V0155
NDF-IBZ,"ED-0384 , ED-D075 , HW-0001K, HW-0200 , HW-0200 , HW-0944 , TF-0002 , TF-0502",28024500.91,1978966.61,DDC,DOT,V0312 V0443 V0470
SEK002384,"EP-0007 , SE-0002K, WM-0001",28373891.18,812492.86,DDC,DOT,V0102 V0071
HWQ1190A,"HW-0001Q, HW-0200 , HW-0200 , HW-1684 , HW-D103 , HW-Q001 , TF-0002 , TF-0002 , TF-0502",132155295.60,11757194.58,DDC,DOT,V0664 V0216
QED-1042A,"EP-0007 , SE-0002Q, WM-0001 , WM-0006",105612557.28,240193.79,DDC,DOT,V0148 V0732 V0365
HWQ1190B,HW-0001Q,85483183.50,2642547.29,DDC,DOT,V0572
QED-1042B,"SE-0002Q, WM-0001 , WM-0006",69868701.50,170960.16,DDC,DOT,V0532 V0809
HWQ1190-C,"HW-0001Q, HW-D103",98843642.00,125000.00,DDC,DOT,V0247 V0572 V0344
WM-LC-17,WM-0001,5850148.63,3107404.10,DDC,DEP,V0523 V0118
QED-1027,"SE-0002Q, SE-0200Q, WM-0001",42264672.25,2804948.75,DDC,DEP,V0146 V0189
MED682,"TF-0502 , WM-0001",19665003.64,2597664.87,DDC,DEP,V0986 V0103 V0302
BED-819,"F -0001 , WM-0001",44147069.19,36638430.50,DDC,DEP,V0130 V0008 V0441
HWQ1182B,"HW-0001Q, SE-0200Q, TF-0002 , WM-0001",33304923.98,22640870.69,DDC,DOT,V0002 V0150
SEQ200586,"SE-0002Q, SE-0200Q",48101652.84,40194229.75,DDC,DOT,V0057 V0281
LNXA11WFM,"LN-0008 , LN-D008 , LN-X001",1845729.43,1453881.90,DDC,NYPL,V0009 V0203
WTM4SPRW,SE-0200K,7645108.20,4764049.09,DDC,DEP,V0274
EC-GUN25,SE-0758,9179525.00,738508.17,DDC,DEP,V0543 V0461
EC-LC25KR,"SE-0002K, SE-0002R",0.00,0.00,DDC,DEP,V0174
EC-SEKN25,SE-0002K,7795191.09,98085.72,DDC,DEP,V0933
EC-SEKS25,SE-0002K,10588213.36,3760310.00,DDC,DEP,V0009 V0920 V0907
EC-SER25,"EP-0007 , SE-0002R",12768181.21,8665164.28,DDC,DEP,V0183
HH112BELS,HH-0112,120333541.35,20121510.86,DDC,DHS,V0108
HH112PJPL,HH-0112,7946681.54,2636378.15,DDC,DHS,V0411 V0862
HWM100SNC,"HW-0001M, HW-1684 , HW-D102 , HW-M002",50979760.83,4835910.27,DDC,DOT,V0526 V0727
MED673,"SE-0002M, WM-0001 , WM-0006",35929855.67,514855.67,DDC,DOT,V0060
HWP20MXQC,"HW-0001M, HW-0200 , HW-0944 , TF-0002",17067012.83,6711608.15,DDC,DOT,V0216 V0406
HWPR24KQ,HW-0200,22223618.00,2639193.44,DDC,DOT,V0078 V0430
HWPR24KR,HW-0200,24333330.65,5348777.92,DDC,DOT,V0006
PV028-ISS,"PV-0467 , PV-0N028, PV-D467 , PV-DN028, PV-KN028",13022569.94,3583643.62,DDC,DCLA,V0365 V0944
PW7722V,"PW-0077 , PW-0077",11580885.00,7464387.38,DDC,DCAS,V0146 V0786 V0572
QED1063AC,"EP-0007 , WM-0001 , WM-0944",35055055.00,1115480.43,DDC,DEP,V0006 V0572
EC-SEQN25,SE-0002Q,10577454.31,6798144.37,DDC,DEP,V0562 V0155
EC-SEX25,SE-0002X,7018733.12,5076605.92,DDC,DEP,V0057 V0760
BBJ-M,C -0114,4319068194.91,330892444.69,DDC,DOC,V0665 V0443
BBJ-Q,C -0114,4474638690.85,235524193.71,DDC,DOC,V0057
BBJ-X,C -0114,3417845885.92,485372627.70,DDC,DOC,V0026
CO299EXT2,"CO-0264 , CO-0299",12147799.00,1206109.56,DDC,DCAS,V0604 V0100
HW349TOUR,HW-0CH4,27341186.40,0.00,DDC,DOT,V0230 V0426
HWM1688,HW-0001M,22084700.00,1203852.30,DDC,DOT,V0084 V0485 V0562
MED685,"SE-0002M, WM-0001 , WM-0006",13193000.00,0.00,DDC,DOT,V0118 V0183 V0203
HWP22KRC,"HW-0200 , TF-0001",18714026.00,1181800.00,DDC,DOT,V0877 V0420
HWP22MXQC,"HW-0200 , TF-0001",17284650.00,904036.50,DDC,DOT,V0731 V0056
HWPR22KQC,"HW-0200 , HW-0944 , TF-0001",17749242.00,1148951.80,DDC,DOT,V0196
HWPR24MQ,HW-0200,25387400.00,5130304.26,DDC,DOT,V0086 V0487 V0652
HWPR24QX,HW-0200,24879744.37,130067.88,DDC,DOT,V0017 V0877
HED599,WM-0001,878858.54,0.00,DDC,DOT,V0298 V0351
HWX411,"HW-0001X, P -I001 , TF-0502",5788388.46,745882.65,DDC,DOT,V0035 V0760 V0169
LN18HGHVA,"LN-0008 , LN-0101X, LN-D008 , LN-I001",7582913.00,746709.85,DDC,NYPL,V0697 V0652
P-108VCCS,"P -D021 , P -I001",4830440.00,451900.80,DDC,DPR,V0719
P-308RPCS,"P -D018 , P -I001",4300990.00,335746.76,DDC,DPR,V0476 V0122 V0478
P-413SCS1,"P -D019 , P -I001",5349924.00,514138.48,DDC,DPR,V0247 V0247 V0208
P-4DSTG06,"P -1018 , P -D019 , P -I001",7826927.00,890042.87,DDC,DPR,V0006 V0659 V0339
P-4QNHSR1,"P -D019 , P -D019 , P -I001 , P -Q245",1769272.00,175075.50,DDC,DPR,V0923 V0813 V0411
RWX023,"HW-0001 , HW-0001X, HW-0001X",18387959.00,288748.00,DDC,DOT,V0150
EC-SEQS25,SE-0002Q,13457546.50,5174839.58,DDC,DEP,V0187 V0209 V0487
HWCB25KR,HW-0200,6462000.00,186127.46,DDC,DOT,V0921 V0035
HWCB25QXM,HW-0200,7849277.80,294675.34,DDC,DOT,V0097 V0574
HWHARPER,HW-0003,137650980.59,12271267.98,DDC,DOT,V0877 V0905 V0426
HWHARPER,HW-0003,137650980.59,12271267.98,DDC,DOT,V0877 V0905 V0426
HWK1672,HW-0001K,22241872.00,1899332.43,DDC,DOT,V0652
HWPR24Q1,HW-0200,21677672.74,2828856.34,DDC,DOT,V0476 V0282 V0962
HWS2024K1,"HW-0200 , HW-0200 , P -1018 , P -1018",14684964.47,2201023.73,DDC,DOT,V0351
HWS2024M1,"HW-0200 , P -1018 , P -1018",8619032.16,565171.34,DDC,DOT,V0443
HWS2024Q1,"HW-0200 , HW-0200 , P -1018 , P -1018",18380005.96,150927.08,DDC,DOT,V0204
HWS2024R1,"HW-0200 , HW-0200 , P -1018",6131891.12,145953.70,DDC,DOT,V0437
HWS23QMWB,"HW-0200 , HW-0200",1634525.28,1516514.77,DDC,DOT,V0528 V0203 V0901
LQHP-REM,LQ-0122,1354624.00,1270177.26,DDC,QBPL,V0130 V0704
LBC17MPGD,"LB-0104 , LB-D104",3211667.16,970889.22,DDC,BPL,V0938 V0316 V0572
LBC22SAIF,"LB-0104 , LB-D104",10058426.61,806765.66,DDC,BPL,V0475 V0189
LBM15MPRF,LB-0104,5758752.91,4666103.27,DDC,BPL,V0469 V0713 V0562
LBP18LDIN,"LB-0101 , LB-0104 , LB-D104",6982095.00,711539.28,DDC,BPL,V0009 V0476 V0937
P-1SDVREC,"P -0245X, P -0506 , P -1018 , PU-0025",96089151.00,7269413.37,DDC,DPR,V0604 V0057 V0547
P-407BHI3,"P -0823 , P -D019 , P -Q245 , P -Q245",7667587.36,1520932.03,DDC,DPR,V0248 V0723
SE-842,,16294498.49,15218129.80,DDC,DEP,V0208
EC-LC25,"SE-0002K, SE-0002M, SE-0002Q, SE-0002R, SE-0002X, SE-0200K, SE-0200M, SE-0200Q, SE-0200R, SE-0200X",6093681.06,4509473.17,DDC,DEP,V0122 V0838 V0312
HWKAVEJ81,HW-0001K,18499437.00,677081.75,DDC,DOT,V0187 V0425
SEK002398,"SE-0002K, SE-0200K",5631000.00,0.00,DDC,DOT,V0494
HWKNBP,HW-1684,45104324.00,1177818.50,DDC,DOT,V0365 V0035 V0310
HWS2024X1,"HW-0200 , P -1018 , P -1018",9325955.37,3669865.19,DDC,DOT,V0424 V0148 V0637
HED595,"SE-0002X, WM-0001 , WM-0006",9600000.00,0.00,DDC,DOT,V0568
HWXS1011,"HW-0211 , HW-0211",25316774.00,682373.74,DDC,DOT,V0503 V0186
LBC22KBIF,"LB-0104 , LB-D104",10925809.82,688801.98,DDC,BPL,V0208 V0961 V0550
QED1060,"SE-0002Q, WM-0001 , WM-0006",63359000.00,500000.00,DDC,DEP,V0443 V0203 V0816
SEK200387,SE-0200K,1938596.00,483732.61,DDC,DEP,V0168 V0009
SER002324,"SE-0002R, SE-0200R, WM-0001",6821953.38,1280453.38,DDC,DEP,V0155
TLCWOOD1,PW-0077,31599849.45,3146298.70,DDC,DOT,V0522 V0074
HWCB26KR,HW-0200,4252000.00,0.00,DDC,DOT,V0152
HWKNUAV,HW-0001K,67648657.00,938294.65,DDC,DOT,V0274
HWP22KQC,"HW-0200 , TF-0001",18739127.00,1205606.10,DDC,DOT,V0056 V0877 V0056
HWPLZ020M,"HW-0001M, HW-1684 , TF-0002",124303102.50,1182352.05,DDC,DOT,V0056 V0208
MED644,"SE-0002M, WM-0001 , WM-0006 , WM-0105",80531212.50,0.00,DDC,DOT,V0219
HWPR25KQ,HW-0200,26876000.00,0.00,DDC,DOT,V0162
HWPR25KR,HW-0200,27285000.00,0.00,DDC,DOT,V0538 V0002 V0449
HWPR25Q1,HW-0200,25515000.00,0.00,DDC,DOT,V0002
LN21LBHVA,"LN-0008 , LN-I001 , PU-0025",14165332.53,633587.86,DDC,NYPL,V0183 V0165 V0009
PO79BMAHQ,PO-0079,3051029.12,2778287.01,DDC,NYPD,V0045 V0059
PV279ACON,"PV-0279 , PV-D279 , PV-M279",5790259.82,885782.13,DDC,DCLA,V0587
PW77207RF,"PU-0025 , PW-0077",60248198.61,1015225.19,DDC,DCAS,V0802
HWQSE877,HW-0988,62085094.00,973479.54,DDC,DEP,V0146 V0490
SE877,"SE-0002Q, WM-0001 , WM-0006",81760068.00,591939.95,DDC,DEP,V0475 V0146
EC-GUN26,SE-0758,12290000.00,0.00,DDC,DEP,V0475
EC-LC26,"SE-0002K, SE-0002M, SE-0002Q, SE-0002R, SE-0002X, SE-0200K, SE-0200M, SE-0200Q, SE-0200R, SE-0200X",5578000.00,0.00,DDC,DEP,V0540 V0365
EC-SEKN26,"EP-0007 , SE-0002K",10476000.00,0.00,DDC,DEP,V0351 V0443
EC-SEKS26,"EP-0007 , SE-0002K",11584000.00,0.00,DDC,DEP,V0203 V0187 V0517
EC-SEQS26,"EP-0007 , SE-0002Q",13500000.00,0.00,DDC,DEP,V0381 V0247 V0351
EC-SER26,"EP-0007 , SE-0002R",6980000.00,0.00,DDC,DEP,V0071
EC-SEX26,"EP-0007 , SE-0002X",6523000.00,0.00,DDC,DEP,V0056 V0365
EC-WMC26,"EP-0007 , WM-0001 , WM-0006",12350000.00,0.00,DDC,DEP,V0713
GQ-BBCLST,WP-0170,41675751.00,1286535.28,DDC,DEP,V0878
HWCB26QXM,HW-0200,6360000.00,0.00,DDC,DOT,V0155 V0365
HWKGOWANS,HW-0001K,65070232.00,621265.18,DDC,DOT,V0845 V0652 V0203
HWP23KC,"HW-0200 , TF-0001",19299780.00,323751.60,DDC,DOT,V0298
HWP23KQC,"HW-0200 , TF-0001",17979437.00,973752.45,DDC,DOT,V0476 V0443 V0422
HWP23MC2,"HW-0200 , TF-0001",18267266.00,204736.10,DDC,DOT,V0122 V0688
HWPLZ016M,"HW-0001M, HW-1684",12842135.10,100000.00,DDC,DOT,V0067
MED690,"SE-0002M, WM-0001",3394000.00,0.00,DDC,DOT,V0310 V0476 V0216
HWR703,"HW-0001R, HW-D104",44552776.00,48596.20,DDC,DOT,V0006 V0246
HWS2025K,"HW-0200 , HW-0200 , P -1018",15059000.00,0.00,DDC,DOT,V0026
HWS2025M,"HW-0200 , HW-0200 , P -1018",7149000.00,0.00,DDC,DOT,V0799 V0365
HWS2025Q,"HW-0200 , HW-0200 , P -1018",18154000.00,0.00,DDC,DOT,V0582
HWS2025R,"HW-0200 , HW-0200 , P -1018",5609000.00,0.00,DDC,DOT,V0169 V0637 V0485
MURPHCOMF,PU-0100,6370090.00,2038932.48,DDC,DPR,V0490
P-303ERPR,"P -1018 , P -1018 , P -I001 , PU-0100",3309750.00,406781.16,DDC,DPR,V0009 V0274 V0959
PWQMAHVAC,"PW-D005 , PW-Q002 , PW-QN620",5630944.23,502673.00,DDC,DCAS,V0945 V0877 V0216
HWR005B2,"HW-0001R, HW-0061 , HW-D104 , HW-R001 , HW-R005",21316000.00,0.00,DDC,DEP,V0093 V0540
SER200285,"SE-0005 , SE-0200R, SE-0716 , WM-0001",54196849.38,2910768.57,DDC,DEP,V0503 V0490 V0033
GQBB034,WP-0170,33259109.00,272625.94,DDC,DEP,V0457
GQBB28-29,WP-0170,41885070.00,571044.93,DDC,DEP,V0579
HWP23KRC,"HW-0200 , TF-0002",17688757.00,697335.80,DDC,DOT,V0248 V0156
HWP23XC,"HW-0200 , TF-0001",17308800.00,1144545.80,DDC,DOT,V0913
HWS2025X,"HW-0200 , HW-0200 , P -1018",8730000.00,0.00,DDC,DOT,V0657
P-4FTTOTE,"P -D019 , P -I001 , P -Q245",4249879.40,598802.31,DDC,DPR,V0540
PW357VAUL,PW-0357,62093362.55,397348.94,DDC,DCAS,V0169 V0147
SETVDDC18,"SE-0002K, SE-0002M, SE-0002Q, SE-0002R, SE-0002X, SE-0200K, SE-0200M, SE-0200Q, SE-0200R, SE-0200X",4080000.00,0.00,DDC,DEP,V0393 V0122 V0006
EC-SEC26,"EP-0007 , SE-0002K, SE-0002M, SE-0002Q, SE-0002R, SE-0002X, SE-0200K, SE-0200Q, SE-0200R, SE-0200X",23753000.00,0.00,DDC,DEP,V0318 V0476 V0150
EC-SEQN26,"EP-0007 , SE-0002Q",10336000.00,0.00,DDC,DEP,V0328 V0362
HWPR25MQX,HW-0200,27982000.00,0.00,DDC,DOT,V0483
SELCDDC12,"SE-0002K, SE-0002M, SE-0002Q, SE-0002R, SE-0002X, SE-0200K, SE-0200M, SE-0200Q, SE-0200R, SE-0200X",10372000.00,0.00,DDC,DEP,V0183 V0198
BED838,WM-0001,9201000.00,0.00,DDC,DEP,V0402 V0225 V0652
HWP23QC1,"HW-0200 , TF-0001",19381846.00,153850.00,DDC,DOT,V0272
HWP23QC2,"HW-0200 , TF-0001",17367180.00,634991.20,DDC,DOT,V0985 V0721
HWP23MXC,HW-0200,17792423.00,318953.71,DDC,DOT,V0009 V0475
CK26W02BS,SE-0005,39500414.00,361031.29,DDC,DEP,V0150 V0536 V0661
HWHARPERG,HW-0003,40000000.00,0.00,DDC,DOT,V0312
HWP23MC1,"HW-0200 , TF-0001",17344287.00,1258937.20,DDC,DOT,V0605 V0155 V0427
HWP23MQC,"HW-0200 , TF-0001",17828935.00,502400.00,DDC,DOT,V0247
HWPLZ006X,"HW-0001X, HW-0211",19898000.00,378648.94,DDC,DOT,V0365 V0028
HWQ1210,HW-0001Q,78913000.00,453311.38,DDC,DOT,V0245 V0130
PW80DYCD2,"PW-0077 , PW-0293",71808685.36,70398468.42,DDC,DCAS,V0054 V0009
HED586,"SE-0002X, WM-0001",47378000.00,0.00,DDC,DEP,V0792
HWK2048A,"HW-0001 , HW-0001K",34856000.00,0.00,DDC,DOT,V0490
HWP24KC,"HW-0200 , TF-0001",19969000.00,0.00,DDC,DOT,V0056
HWP24KQC,"HW-0200 , TF-0001",21219000.00,0.00,DDC,DOT,V0155
HWP24KRC,"HW-0200 , TF-0001",19967000.00,0.00,DDC,DOT,V0475 V0118
HWP24MC1,"HW-0200 , TF-0001",20980000.00,0.00,DDC,DOT,V0274
HWP24MC2,"HW-0200 , TF-0001",20670000.00,0.00,DDC,DOT,V0411 V0487 V0572
HWP24MC3,"HW-0200 , TF-0001",20186000.00,0.00,DDC,DOT,V0144
HWP24MXC,"HW-0200 , TF-0001",20351000.00,0.00,DDC,DOT,V0951 V0002
HWP24XC,"HW-0200 , TF-0001",19644000.00,0.00,DDC,DOT,V0146
HWPLZ018M,HW-1684,24020000.00,0.00,DDC,DOT,V0796
HWS2026K,"HW-0200 , P -1331",14526000.00,0.00,DDC,DOT,V0056 V0056
HWS2026M,"HW-0200 , P -1331",6456000.00,0.00,DDC,DOT,V0209
HWS2026R,"HW-0200 , P -1331",5380000.00,0.00,DDC,DOT,V0793
HWSRT200F,HW-0001X,43141000.00,0.00,DDC,DOT,V0203 V0895 V0632
HWX413,"ED-0075 , HW-0001X",37280000.00,0.00,DDC,DOT,V0090 V0902 V0247
HWX414,HW-0001X,121184000.00,0.00,DDC,DOT,V0486
LBK22BRHC,"LB-0104 , LB-D104 , LB-K001",7219958.00,481253.38,DDC,BPL,V0826
LQFH-ADA,"LQ-0122 , LQ-D122 , LQ-Q122",5818000.00,152530.95,DDC,QPL,V0477 V0006 V0311
LQNFP-ADA,"LQ-0122 , LQ-D122 , LQ-Q122",16916000.00,0.00,DDC,QPL,V0247
LQRH-RENO,"LQ-0122 , LQ-D122 , LQ-Q122",30502000.00,0.00,DDC,QPL,V0423 V0245 V0056
P-108KHC1,"P -1018 , P -1018 , P -I001 , PW-DN792, PW-XN792",4576000.00,0.00,DDC,DPR,V0146 V0485
PW316EL,"PW-0077 , PW-0316",57452000.00,160000.00,DDC,DCAS,V0877 V0473 V0953
RED393,"SE-0002R, SE-0200R, WM-0001 , WM-0006",28003000.00,0.00,DDC,DEP,V0122 V0053
EC-SEH27,SE-0002X,7000000.00,0.00,DDC,DEP,V0867
EC-SEQN27,SE-0002Q,12000000.00,0.00,DDC,DEP,V0264 V0604
HWX407,HW-0001X,96564000.00,0.00,DDC,DOT,V0933
HED603,"SE-0002X, WM-0001",20623000.00,0.00,DDC,DOT,V0065 V0652
HWX409,HW-0001X,71974000.00,0.00,DDC,DOT,V0404
SEBLMX25,"SE-0002M, SE-0002X",4573000.00,0.00,DDC,DEP,V0572 V0487 V0749
EC-GUN27,SE-0758,11700000.00,0.00,DDC,DEP,V0009
EC-LC27,"SE-0002K, SE-0002M, SE-0002Q, SE-0002R, SE-0002X, SE-0200K, SE-0200M, SE-0200Q, SE-0200R, SE-0200X",4504000.00,0.00,DDC,DEP,V0122 V0572 V0334
EC-SEC27,"SE-0002K, SE-0002M, SE-0002Q, SE-0002R, SE-0002X, SE-0200K, SE-0200Q, SE-0200R, SE-0200X",23753000.00,0.00,DDC,DEP,V0241 V0623 V0056
EC-SEKN27,SE-0002K,9500000.00,0.00,DDC,DEP,V0074 V0155 V0411
EC-SEKS27,"EP-0007 , SE-0002K",10500000.00,0.00,DDC,DEP,V0208
EC-SEQS27,SE-0002Q,13500000.00,0.00,DDC,DEP,V0222 V0423
EC-SER27,SE-0002R,6500000.00,0.00,DDC,DEP,V0247 V0122
EC-WMC27,"WM-0001 , WM-0006",12350000.00,0.00,DDC,DEP,V0026
HWCB27KR,HW-0200,2761000.00,0.00,DDC,DOT,V0485
HWCB27QXM,HW-0200,4141000.00,0.00,DDC,DOT,V0036
HWPR26MTA,HW-0200,8600000.00,0.00,DDC,DOT,V0283 V0289
HWS2026Q,"HW-0200 , P -1331",19368000.00,0.00,DDC,DOT,V0057
SER200319,"SE-0002R, SE-0200R, WM-0001",147382000.00,0.00,DDC,DEP,V0545 V0785 V0306
CO295FIRE,CO-0295,9734000.00,0.00,DDC,DCAS,V0155
HWBUSPAD7,HW-0200,4878000.00,0.00,DDC,DOT,V0296 V0146 V0475
LQSARENOV,"LQ-0122 , LQ-D001 , LQ-D122 , LQ-Q122",12234000.00,66444.24,DDC,QPL,V0187 V0169
PV176CES2,"PV-0176 , PV-D176 , PV-X176",23368000.00,0.00,DDC,DCLA,V0476 V0548
PV341SIPA,"PV-0341 , PV-0467 , PV-D341 , PV-R341",2003000.00,0.00,DDC,DCLA,V0086 V0463
SECUREDET,CS-0005,23418000.00,0.00,DDC,ACS,V0081 V0485
HWMM100,"HW-0001M, HW-D102 , HW-M002",6546000.00,0.00,DDC,DOT,V0572 V0356
HWP24QC1,"HW-0200 , TF-0001",20157000.00,0.00,DDC,DOT,V0692 V0812 V0009
HWP24QC2,"HW-0200 , TF-0001",20317000.00,0.00,DDC,DOT,V0293 V0229
138BRIDGE,WM-0001,651000.00,370000.00,DEP,,V0487 V0953
179PSEGEN,WM-0105,2530000.00,0.00,DEP,,V0248 V0146
179PSVFD,WM-0105,795000.00,0.00,DEP,,V0311
2025-MVHP,WP-0112,10456000.00,0.00,DEP,,V0169 V0876
26-STAB13,WP-0206,43862643.81,44974610.58,DEP,,V0086
ACEDEP251,PU-0025,27183000.00,0.00,DEP,,V0155 V0411 V0139
ACEDEP261,PU-0025,544000.00,0.00,DEP,,V0191 V0907
ACEDEP502,WP-0112,6992253.90,6931253.90,DEP,,V0463
ACEDEP601,PU-0025,873000.00,0.00,DEP,,V0163
AIR-MON1,EP-0006,1076940.66,414833.75,DEP,,V0208 V0080
AIR-MON2,EP-0006,4500000.00,0.00,DEP,,V0203 V0658
ASB-REM,EP-0006,8078505.02,2338566.96,DEP,,V0208 V0174
BB-59,WP-0237,287061200.56,287488200.56,DEP,,V0942
BED-834,WM-0001,46203000.00,0.00,DEP,,V0540 V0983 V0540
BEDC-JOCS,W -0013,100000000.00,0.00,DEP,,V0144
BOSTONBRG,WM-0001,1948000.00,0.00,DEP,,V0130 V0035
BWSJOCG26,WM-0030,31600000.00,0.00,DEP,,V0730 V0209
BWSJOCH26,WM-0030,2007000.00,0.00,DEP,,V0681 V0604 V0568
BWSJOCI24,"WM-0011 , WM-0105",12788000.00,1941116.72,DEP,,V0365 V0122
CAT-367,WM-0030,88624000.00,0.00,DEP,,V0276
CAT-390,WM-0030,9509102.00,584102.00,DEP,,V0247 V0476
CAT-508,WM-0030,9985000.00,0.00,DEP,,V0169 V0076
CAT-528,WM-0030,4000000.00,0.00,DEP,,V0191 V0603
CAT-OPTIM,"W -0005 , W -0005",302099392.89,264929745.92,DEP,,V0562
CFP-PMCS,WM-0011,4798000.00,0.00,DEP,,V0572 V0823
CI-124,WP-0112,76999741.38,0.00,DEP,,V0312 V0155 V0108
CK26W03HL,"HW-0001 , P -1018 , SE-0005",54400000.00,0.00,DEP,,V0632
CLBRSTROW,SE-0005,15800000.00,0.00,DEP,,V0271 V0800 V0208
CONISPH04,,55811.10,55811.10,DEP,,V0446 V0770 V0169
CQBB15COR,HW-0001,20100000.00,0.00,DEP,,V0258 V0652
CQJA11CMO,SE-0005,40100000.00,0.00,DEP,,V0878 V0153 V0026
CRO-410,WM-0030,2500000.00,0.00,DEP,,V0757
CRO-559,WM-0030,76350000.00,0.00,DEP,,V0026 V0034 V0487
CRO-589,WM-0030,970000.00,0.00,DEP,,V0183 V0009 V0035
CRO-604,WM-0011,2300000.00,0.00,DEP,,V0208 V0476 V0662
CRO-607,WM-0030,300000.00,0.00,DEP,,V0347
CRO-M&A,WM-0011,19140000.00,0.00,DEP,,V0189
CS-AC-OAK,WP-0169,169280000.00,0.00,DEP,,V0788
CS-JB-FRE,WP-0169,18549000.00,1750000.00,DEP,,V0216 V0604 V0572
CS-JB-MUS,WP-0169,49000000.00,0.00,DEP,,V0245
CSO-CW-RG,WP-0169,37000000.00,0.00,DEP,,V0443 V0208
CSO-GC,WP-0169,197159451.65,182121095.23,DEP,,V0877 V0245
CSO-GC-SP,P -D017,1244673.87,1083689.76,DEP,,V0022 V0109
CSO-HS-DS,WP-0169,36283000.00,0.00,DEP,,V0809 V0872 V0759
CXHP08PAR,"HW-0001 , P -1018 , SE-0005",81741000.00,0.00,DEP,,V0455
DEL-428,WM-0030,526913.80,579913.80,DEP,,V0122 V0660
DEL-464,WM-0030,24360000.00,0.00,DEP,,V0274 V0875 V0142
EP-BASEHC,"EP-0004 , EP-0005 , EP-0005 , EP-0005 , EP-0006 , EP-0010 , EP-0010",229153000.00,0.00,DEP,,V0154
FACIL-DEP,EP-0006,5832000.00,0.00,DEP,,V0282
FMC-E38,EP-0006,10000000.00,0.00,DEP,,V0026 V0155
FMC-LEAD,EP-0006,12012006.66,1766277.12,DEP,,V0475 V0872 V0118
GI-CON-AS,P -1018,8024960.78,4480263.32,DEP,,V0571 V0130
GI-GRANT,WP-0169,16735990.85,11386190.85,DEP,,V0629 V0209 V0130
GI-NYCHA,WP-0169,8750731.65,7092405.09,DEP,,V0732 V0203
GQROWB-01,WP-0169,312725.38,181940.84,DEP,,V0728 V0873
HBBA24181,WM-0001,0.00,0.00,DEP,,V0155 V0540
HBX1103,,41097.32,41097.32,DEP,,V0572 V0248
HED-545,WM-0011,2864991474.17,2848666250.81,DEP,,V0118 V0416
HED596,"WM-0001 , WM-0006",45805000.00,0.00,DEP,,V0082
HED598,"SE-0002X, WM-0001",1431000.00,0.00,DEP,,V0562 V0150 V0110
HP-239-B,WP-0112,204000000.00,0.00,DEP,,V0652 V0009 V0877
HP-3R,WP-0056,51461717.60,51446717.60,DEP,,V0726 V0122 V0986
ID21-PSLT,WP-0269,338300000.00,0.00,DEP,,V0122 V0632
IN-CITYLS,"EP-0004 , EP-0004 , EP-0005 , EP-0006 , EP-0010 , SE-0001 , SE-0005 , WP-0169",984242000.00,0.00,DEP,,V0562 V0878 V0443
JA-STAB,WP-0247,525856320.80,519715492.20,DEP,,V0120 V0159
JFK-12,EP-0010,14535103.61,11561768.46,DEP,,V0746
JOC-10-L,WP-0112,51972149.76,51833953.11,DEP,,V0155 V0118
JOC-15BWS,WM-0030,102987536.83,57495749.61,DEP,,V0920
JOC-16-L,WP-0112,49210335.10,43778506.04,DEP,,V0437 V0131
JOC-17-L,WP-0112,139752538.34,114138420.48,DEP,,V0605 V0972 V0208
JOC-20-L,WP-0112,42921811.53,28866839.60,DEP,,V0572 V0856 V0652
JOC-22-L,WP-0112,116010899.91,74493100.82,DEP,,V0009 V0975 V0723
JOC-24-L,WP-0112,193523000.00,22447197.80,DEP,,V0074
JOC-25-L,WP-0112,115000000.00,2263468.66,DEP,,V0189
JOC-26-L,WP-0112,25760000.00,0.00,DEP,,V0591
JOC-28-L,WP-0112,97290000.00,0.00,DEP,,V0561 V0144
JOC-29-L,WP-0112,54649000.00,0.00,DEP,,V0006 V0002 V0294
JOC-30-L,WP-0112,60637000.00,0.00,DEP,,V0652 V0208 V0524
JOC-31-L,WP-0112,26138000.00,0.00,DEP,,V0829 V0553
JOC-32-L,WP-0112,158058000.00,0.00,DEP,,V0057
JOC-33-L,WP-0112,132480000.00,0.00,DEP,,V0223 V0850
JOC-34-L,WP-0112,94792000.00,0.00,DEP,,V0592 V0409
JOC-FMC4,EP-0006,5843016.28,3236512.01,DEP,,V0723
JOC-FMC7,EP-0006,3600000.00,0.00,DEP,,V0144 V0735 V0130
JOC-FMC9,EP-0006,3600000.00,0.00,DEP,,V0118
JOC-WSO24,WM-0105,9031000.00,9445279.08,DEP,,V0722 V0493
JOC-WSO25,WM-0105,48960000.00,8204528.44,DEP,,V0086 V0313 V0734
KEN-100,WM-0030,7700000.00,0.00,DEP,,V0208
LFK-RELO,EP-0006,9363000.00,0.00,DEP,,V0411
LSLRPBK01,WM-0001,11049000.00,0.00,DEP,,V0216 V0130
LSLRPBX06,WM-0001,13405000.00,0.00,DEP,,V0095 V0289
MASPETH,EP-0006,16542888.48,5542888.48,DEP,,V0476 V0661 V0312
MED677,WM-0001,20301000.00,0.00,DEP,,V0163 V0690 V0443
MED680,"SE-0002M, WM-0001 , WM-0006",26767000.00,0.00,DEP,,V0250 V0475 V0589
MED681,WM-0001,20658000.00,0.00,DEP,,V0155
MED693,"SE-0002M, SE-0200M, WM-0001",12426000.00,0.00,DEP,,V0365 V0746
MED695,"SE-0002M, WM-0001 , WM-0006",63538000.00,0.00,DEP,,V0473 V0784
MGNWYHR,SE-0002M,11670000.00,0.00,DEP,,V0243 V0258
MIBBNC002,,25000.00,25000.00,DEP,,V0702 V0946
MIBBNC05B,"SE-0002R, SE-0200R, WM-0001",79132000.00,0.00,DEP,,V0765 V0150 V0144
MONIT-13,WM-0030,214475.00,214475.00,DEP,,V0074 V0528
MONIT-18,WM-0030,964000.00,0.00,DEP,,V0561
MOTTBASIN,"SE-0002Q, SE-0200Q, WM-0001",32270000.00,0.00,DEP,,V0183 V0731
MS4-GRANT,SE-0005,3000000.00,0.00,DEP,,V0443 V0812 V0663
MS4-STORM,SE-0005,55103439.44,7724951.10,DEP,,V0150 V0561
NR-124,WP-0112,17966627.00,0.00,DEP,,V0878 V0312
NYSDOTBRG,WM-0006,4985809.00,1002809.00,DEP,,V0604
PR-139-L,WP-0112,53887764.22,1950043.68,DEP,,V0878 V0476 V0203
PS179,WM-0105,10000000.00,0.00,DEP,,V0215 V0490 V0766
PS-285,WP-0269,27492428.19,26881630.97,DEP,,V0544
PS-301,WP-0269,22925000.00,0.00,DEP,,V0248
PS-307,WP-0269,60000000.00,0.00,DEP,,V0740
PS-308,WP-0269,21600000.00,0.00,DEP,,V0915 V0715
PS-317F,WP-0269,52120000.00,0.00,DEP,,V0443
PS-321,WP-0269,62578804.89,7211824.79,DEP,,V0150 V0735 V0111
PS-348,WP-0269,588000.00,369454.94,DEP,,V0624 V0850 V0150
PS-79,WP-0269,217671730.06,214283050.18,DEP,,V0896 V0428
PS-FDR,WP-0269,26400000.00,0.00,DEP,,V0894 V0001
PS-FORCEM,WP-0269,71607000.00,0.00,DEP,,V0665 V0302
PS-MRBHLL,WP-0269,23200000.00,0.00,DEP,,V0183 V0476 V0057
PS-REG,WP-0269,58408000.00,0.00,DEP,,V0146
PW-CBS,WP-0112,15000000.00,0.00,DEP,,V0451 V0086
PW-EMSN,WP-0112,37715000.00,0.00,DEP,,V0247
PW-SCADA,WP-0112,141518256.72,14076167.28,DEP,,V0169 V0891 V0391
QED-1053,"SE-0002Q, SE-0200Q, WM-0001 , WM-0006",48945000.00,0.00,DEP,,V0146 V0354 V0086
QED1058,WM-0001,26365000.00,0.00,DEP,,V0611
QNSREPAIR,EP-0006,19319000.00,0.00,DEP,,V0855 V0056
R-151-L,WP-0112,51924633.16,24633.16,DEP,,V0150 V0398
R-153-L,WP-0112,20270000.00,0.00,DEP,,V0879
RED-384,"WM-0001 , WM-0006",16397000.00,0.00,DEP,,V0366 V0235
RED391A,"SE-0002R, WM-0001",31476000.00,0.00,DEP,,V0462
RIDGEPIPE,WM-0105,2800000.00,0.00,DEP,,V0147 V0146
SAND26W,"WP-0112 , WP-0206",17180358.00,1169568.66,DEP,,V0074
SANDCI,WP-0112,37517251.00,1176822.58,DEP,,V0187 V0424
SANDNR,WP-0164,11795024.99,8562484.68,DEP,,V0776 V0096 V0312
SANDOB,WP-0112,73385633.00,1661855.24,DEP,,V0831 V0395 V0785
SANDOH,WP-0112,77501883.00,1243415.19,DEP,,V0255 V0837 V0114
SANDPUMP,WP-0269,13644401.66,4893698.49,DEP,,V0122
SANDROCK,WP-0112,76982036.00,1123704.82,DEP,,V0028 V0013 V0301
SANDWPCPS,WP-0112,181896811.65,28874244.32,DEP,,V0532
SE842AB,"SE-0002Q, SE-0200Q, WM-0001",230602000.00,0.00,DEP,,V0587 V0944 V0593
SE883,"SE-0002K, SE-0004 , SE-0200K, WM-0001",113463000.00,0.00,DEP,,V0540
SE886MOTT,"SE-0002Q, SE-0005 , SE-0200Q, WM-0001",53142000.00,0.00,DEP,,V0130 V0165
SE-887,,100000.00,100000.00,DEP,,V0245 V0058
SEBLQX02,"SE-0002Q, SE-0200Q, WM-0001",18370000.00,0.00,DEP,,V0834 V0485 V0150
SEED-TBDL,"P -1018 , P -I001",6000000.00,0.00,DEP,,V0216 V0365
SEH20051,"SE-0002X, SE-0200X, WM-0001",65855000.00,0.00,DEP,,V0862
SEK002387,"SE-0002K, SE-0200K",8010000.00,0.00,DEP,,V0189 V0939 V0057
SEK002388,"SE-0002K, SE-0200K, WM-0001",37440000.00,0.00,DEP,,V0035 V0060 V0130
SEK002392,"EP-0007 , SE-0002K, WM-0001 , WM-0006",110278000.00,0.00,DEP,,V0174 V0009 V0155
SEK002397,"SE-0002K, WM-0001",335000000.00,0.00,DEP,,V0109 V0126 V0274
SEK20087,"SE-0002K, SE-0200K, WM-0001",126000000.00,0.00,DEP,,V0245
SEK20091,SE-0005,50000000.00,0.00,DEP,,V0274 V0144
SEN20022,"SE-0004 , SE-0005 , WM-0001",153999000.00,0.00,DEP,,V0208 V0332
SEQ002719,"SE-0002Q, WP-0112",11946000.00,0.00,DEP,,V0310 V0146 V0118
SEQ200616,"SE-0002Q, SE-0005 , SE-0200Q, WM-0001",54853000.00,0.00,DEP,,V0174 V0056
SEQGI-01,SE-0005,18300058.00,6571997.83,DEP,,V0980
SER002331,"SE-0002R, SE-0200R, WM-0001",16048000.00,0.00,DEP,,V0487
SER200199,"SE-0002R, SE-0200R, WM-0001",18826000.00,0.00,DEP,,V0203 V0598 V0203
SER200256,"SE-0002R, SE-0200R, WM-0001",21788000.00,0.00,DEP,,V0443 V0146 V0747
SER200265,SE-0200R,2795000.00,0.00,DEP,,V0757 V0494
SER200285,,25000.00,25000.00,DEP,,V0503 V0490 V0033
SHRSDP,"SE-0002Q, SE-0002X",9700000.00,0.00,DEP,,V0146 V0471 V0530
SISEAWL-1,"SE-0002R, SE-0002R, SE-0005 , SE-0200R, SE-0200R",202115163.00,87115163.00,DEP,,V0515
STMEOH-25,WM-0030,493000.00,0.00,DEP,,V0443
STREAM-25,WM-0030,27940030.00,3863907.00,DEP,,V0056 V0248 V0035
UTIUTIL,EP-0007,406102769.63,259337776.69,DEP,,V0487 V0245
WCR-GRANT,EP-0009,19009000.00,0.00,DEP,,V0056 V0926
WI-279-L,WP-0112,74847306.78,847306.78,DEP,,V0155 V0652 V0621
WI-305,WP-0112,12000000.00,0.00,DEP,,V0210 V0262 V0490
WI-EXP,WP-0103,545370557.63,545150743.43,DEP,,V0026 V0487
WPSOGR,"WP-0112 , WP-0170 , WP-0269 , WP-0285",201828000.00,0.00,DEP,,V0056 V0350
WSRRF-102,WM-0030,109242000.00,0.00,DEP,,V0247
WWMGT-18,WM-0030,76120000.00,76120000.00,DEP,,V0208 V0208 V0315
CAT-431,WM-0030,309298145.00,21964894.68,DEP,DEP,V0014 V0134 V0796
CAT-523,WM-0030,25439629.89,2959637.42,DEP,DEP,V0814 V0006 V0057
DEP-DRA,"W -0005 , W -0005",1189006173.38,1059353515.98,DEP,DEP,V0476
CAT-399,WM-0030,85780221.26,7437862.02,DEP,DEP,V0599
CAT-427,WM-0030,47556640.31,561345.04,DEP,DEP,V0130 V0144
CAT-452,WM-0030,46360494.35,2638334.58,DEP,DEP,V0490
CAT-477,WM-0030,116484694.76,7929562.86,DEP,DEP,V0945
DEL-194,WM-0030,45003327.35,1825096.72,DEP,DEP,V0086
DEL-260,WM-0030,13751277.20,12484631.54,DEP,DEP,V0248
DEL-397,WM-0030,11992000.00,8818377.25,DEP,DEP,V0485 V0150 V0951
C540,W -0013,1240190427.49,500347921.59,DEP,DEP,V0147
C540,W -0013,1240190427.49,500347921.59,DEP,DEP,V0147
C540,W -0013,1240190427.49,500347921.59,DEP,DEP,V0147
CT3CORR,W -0013,72392402.47,8144224.54,DEP,DEP,V0236
KENS-EAST,W -0014,2652267930.36,281695280.88,DEP,DEP,V0475 V0182
KENS-EAST,W -0014,2652267930.36,281695280.88,DEP,DEP,V0475 V0182
KENS-EAST,W -0014,2652267930.36,281695280.88,DEP,DEP,V0475 V0182
KENS-EAST,W -0014,2652267930.36,281695280.88,DEP,DEP,V0475 V0182
KENS-EAST,W -0014,2652267930.36,281695280.88,DEP,DEP,V0475 V0182
NCMCCSG,WM-0105,71722940.32,16068940.32,DEP,DEP,V0026 V0679
CAT-213,WM-0030,1222158299.35,74889763.74,DEP,DEP,V0877 V0056 V0619
CAT-213,WM-0030,1222158299.35,74889763.74,DEP,DEP,V0877 V0056 V0619
CAT-213,WM-0030,1222158299.35,74889763.74,DEP,DEP,V0877 V0056 V0619
CAT-252,WM-0030,57382501.58,49330963.95,DEP,DEP,V0211 V0572
CRO-208B,WM-0030,215580035.79,3538422.48,DEP,DEP,V0788 V0176 V0866
CRO-509,WM-0030,47997000.00,0.00,DEP,DEP,V0187 V0057
CRO-530,WM-0030,25522270.94,18882133.04,DEP,DEP,V0878 V0274
CRO-534,WM-0030,24008306.57,16116301.65,DEP,DEP,V0440
CRO-536,WM-0030,58741800.00,3464629.83,DEP,DEP,V0628 V0109 V0183
CAT-213,WM-0030,1222158299.35,74889763.74,DEP,DEP,V0877 V0056 V0619
C519,W -0010,1320250731.41,220413401.08,DEP,DEP,V0596 V0475 V0289
C519,W -0010,1320250731.41,220413401.08,DEP,DEP,V0596 V0475 V0289
SANDHILLV,EP-0006,1306729.82,1107501.13,DEP,DEP,V0245 V0196
JRAQ-REH,WM-0105,93168129.99,63574671.27,DEP,DEP,V0351
RESAMSAF,WM-0105,128404729.43,9626142.08,DEP,DEP,V0766 V0242 V0833
RESAMSAF,WM-0105,128404729.43,9626142.08,DEP,DEP,V0766 V0242 V0833
CAT-212,WM-0030,501175840.21,465039921.56,DEP,DEP,V0056 V0009
CAT-212,WM-0030,501175840.21,465039921.56,DEP,DEP,V0056 V0009
CAT-475,WM-0030,54036222.46,3512946.55,DEP,DEP,V0611
CS-BX-LTP,WP-0169,136796128.75,81782560.39,DEP,DEP,V0487 V0950 V0312
PJ-PLNT,WM-0030,62579243.11,9677774.37,DEP,DEP,V0551 V0132
OB-133-L,WP-0112,90623067.04,35619164.97,DEP,DEP,V0146 V0475
OB-134-L,WP-0112,88210009.32,21632511.11,DEP,DEP,V0169
OB-135-L,WP-0112,88892414.20,2188045.30,DEP,DEP,V0419 V0321 V0490
OB-136-L,WP-0112,38811710.28,4506697.75,DEP,DEP,V0763
PR-138-L,WP-0112,74911322.72,39706769.60,DEP,DEP,V0203
PS-284,WP-0269,39249645.50,22464479.92,DEP,DEP,V0312 V0155 V0289
TI-167-L,WP-0112,5839354.91,4913663.48,DEP,DEP,V0211 V0393 V0382
TI-168-L,WP-0112,64927242.42,29734213.15,DEP,DEP,V0765 V0572 V0047
TI-169-L,WP-0112,78140528.13,33524702.35,DEP,DEP,V0141 V0009
TI-5,WP-0249,14166696.30,13490076.17,DEP,DEP,V0148 V0082
CS-GC-SFS,"EP-0007 , WP-0169",1861687044.24,874609558.69,DEP,DEP,V0562 V0045 V0623
CS-GC-SFS,"EP-0007 , WP-0169",1861687044.24,874609558.69,DEP,DEP,V0562 V0045 V0623
CS-GC-SFS,"EP-0007 , WP-0169",1861687044.24,874609558.69,DEP,DEP,V0562 V0045 V0623
HP-254-L,"WP-0112 , WP-0282 , WP-0282",40255256.28,10021106.41,DEP,DEP,V0261
OB-144-L,WP-0282,25157420.09,9886933.81,DEP,DEP,V0122 V0540
OH-112-L,WP-0112,250367347.20,15875836.48,DEP,DEP,V0386 V0006
OH-91-L,WP-0112,67818521.97,64704966.01,DEP,DEP,V0057 V0248
OH-92-L,WP-0282,33378327.88,3900670.15,DEP,DEP,V0118 V0146 V0045
PS-286,WP-0269,18760000.00,445992.48,DEP,DEP,V0035 V0652 V0208
PS-293,WP-0269,108040000.00,540000.00,DEP,DEP,V0209
PS-304,WP-0269,5775283.00,570000.00,DEP,DEP,V0365
BB-215-L,WP-0112,74452548.63,48210556.07,DEP,DEP,V0312 V0086
BB-216-L,WP-0112,145598682.67,35884615.07,DEP,DEP,V0010 V0129
NR-108-L,,122.75,122.75,DEP,DEP,V0545
NR-111-L,WP-0112,162886676.71,9687529.55,DEP,DEP,V0076 V0826 V0150
NR-115-L,WP-0112,175512641.50,5576024.86,DEP,DEP,V0756 V0659
NR-COGEN,WP-0164,355037535.62,340570674.33,DEP,DEP,V0108
NR-COGEN,WP-0164,355037535.62,340570674.33,DEP,DEP,V0108
NR-STRUCT,WP-0164,596024670.68,20906782.95,DEP,DEP,V0540 V0465
OH-88-L,WP-0112,398996303.86,410303.86,DEP,DEP,V0155 V0540
PR-134-L,WP-0112,132188647.73,754985.46,DEP,DEP,V0878 V0671 V0208
PS-277,WP-0269,55850959.11,20763338.83,DEP,DEP,V0878 V0604
PS-290,WP-0269,121220000.00,0.00,DEP,DEP,V0737 V0126 V0411
PS-296,WP-0269,17223951.36,11740790.20,DEP,DEP,V0367 V0103 V0357
PS-313,WP-0269,25711140.09,22798218.38,DEP,DEP,V0169
PS-317,WP-0269,25864535.11,16320869.02,DEP,DEP,V0359 V0149
PS-324,WP-0269,38149354.67,5915829.00,DEP,DEP,V0562 V0506 V0353
PS-288,WP-0269,29853242.49,4338683.24,DEP,DEP,V0035 V0856 V0411
PS-291,WP-0269,37607407.89,5766438.16,DEP,DEP,V0281 V0184
PS-278,WP-0269,86368618.93,13728147.46,DEP,DEP,V0247
PS-292,WP-0269,62654422.17,8450614.44,DEP,DEP,V0450 V0969 V0245
PS-295,WP-0269,85344268.28,7244453.73,DEP,DEP,V0370
PS-322,WP-0269,73838632.20,4018456.28,DEP,DEP,V0613 V0778
PS-323,WP-0269,44302579.79,2333370.43,DEP,DEP,V0030
CI-119-L,WP-0112,159306479.15,137559682.06,DEP,DEP,V0146 V0057
HP-238-L,WP-0112,402561831.54,332018566.98,DEP,DEP,V0099 V0026
JA-179-L,WP-0112,51670957.14,35971952.65,DEP,DEP,V0360 V0002 V0485
PR-132-L,WP-0112,59844654.86,1521637.48,DEP,DEP,V0144 V0245
PR-135-L,WP-0112,187601426.00,18908373.26,DEP,DEP,V0475 V0033 V0190
RO-2,WP-0112,89522357.43,3254786.55,DEP,DEP,V0443
WI-284-L,WP-0112,163201114.41,128576384.70,DEP,DEP,V0411
WI-292-L,WP-0112,233216398.02,7794659.68,DEP,DEP,V0183 V0155
CSO-FC-DF,WP-0169,120074728.09,13892616.04,DEP,DEP,V0248 V0469
CSO-HR-DF,WP-0169,244835556.00,12743015.98,DEP,DEP,V0086 V0540
CS-NC-EKE,WP-0169,59221177.43,52299135.25,DEP,DEP,V0483 V0274 V0896
CS-NC-BAP,WP-0169,31714623.00,3219105.75,DEP,DEP,V0476 V0144
CS-NC-CST,WP-0169,3452823199.16,53544679.00,DEP,DEP,V0661 V0033 V0086
PS-236A,WP-0269,65768007.00,49379158.45,DEP,DEP,V0183 V0248
PS-276,WP-0269,131250191.46,75456860.00,DEP,DEP,V0026 V0978 V0192
BB-239-L,WP-0112,5777550.00,4358873.21,DEP,DEP,V0477 V0139 V0282
CI-113-L,WP-0112,31749225.99,285359.08,DEP,DEP,V0986 V0345
CI-142-L,,4750000.00,2059270.85,DEP,DEP,V0476 V0972 V0604
HP-247-L,WP-0112,16792855.62,11586466.35,DEP,DEP,V0181
J-191-L,WP-0112,3691117.00,2866543.43,DEP,DEP,V0443 V0772 V0533
OB-149-L,WP-0112,0.00,0.00,DEP,DEP,V0155
OH-95-L,WP-0112,88469107.41,4914421.55,DEP,DEP,V0187 V0006 V0652
PR-144-L,WP-0112,0.00,0.00,DEP,DEP,V0969 V0488 V0247
PR-151-L,WP-0112,70056169.72,10589510.87,DEP,DEP,V0074
RO-ODOR,WP-0112,1005000.00,0.00,DEP,DEP,V0490 V0878
WI-298-B,WP-0285,92578176.44,7094441.57,DEP,DEP,V0068 V0086
WI-308-L,WP-0112,5067500.00,3128733.95,DEP,DEP,V0144 V0242 V0245
WI-311-L,WP-0112,26408540.80,13997275.22,DEP,DEP,V0214 V0155 V0183
WI-318-L,,2978717.00,2024448.72,DEP,DEP,V0056 V0312
WI-323-L,WP-0112,60758000.00,0.00,DEP,DEP,V0930
CAT-454,,13866620.00,10201178.17,DEP,DEP,V0245
CAT-521,,2220972.80,0.00,DEP,DEP,V0768 V0123
CRO-557,WM-0030,22301297.39,17670071.43,DEP,DEP,V0009 V0442 V0877
CRO-570,WM-0030,24800000.00,0.00,DEP,DEP,V0209
CRO-590,WM-0105,10556700.00,704710.35,DEP,DEP,V0079
CRO-594,WM-0030,0.00,0.00,DEP,DEP,V0199 V0946 V0006
CRO-624,WM-0030,18188000.00,3342290.13,DEP,DEP,V0086
DEL-415,"WM-0030 , WM-0030",22468400.00,163400.00,DEP,DEP,V0892 V0238
CRO-558,WM-0030,2418000.00,0.00,DEP,DEP,V0899
WFF-CPR,EP-0009,0.00,0.00,DEP,DEP,V0854 V0578 V0233
SEQ-DKWPK,SE-0005,1506000.00,0.00,DEP,DEP,V0392 V0677 V0506
GI-CONS-1,,15138887.15,11623133.53,DEP,DEP,V0781
GI-CONS-2,,10000503.00,2449957.43,DEP,DEP,V0365
GI-TIBBET,"P -1018 , WP-0170",161154486.44,2085392.61,DEP,DEP,V0351
FCWET,SE-0005,8000300.00,809300.00,DEP,DEP,V0923 V0044
GKOH15-1A,WP-0169,0.00,0.00,DEP,DEP,V0540 V0009
GKOH15-3A,"WP-0169 , WP-0170",0.00,0.00,DEP,DEP,V0364 V0203 V0629
PS-323,WP-0269,44302579.79,2333370.43,DEP,DEP,V0030
NC-180-L,,29503231.54,0.00,DEP,DEP,V0485 V0467 V0223
BB-236-L,WP-0112,4832000.00,0.00,DEP,DEP,V0365 V0496 V0300
HP-242-L,WP-0112,3900000.00,0.00,DEP,DEP,V0540
HP-253-L,WP-0112,20000000.00,0.00,DEP,DEP,V0603 V0144 V0002
NC-179,WP-0112,21033000.00,0.00,DEP,DEP,V0304
PW-FOAM,WP-0112,5000000.00,0.00,DEP,DEP,V0604 V0535 V0130
RH-94-L,WP-0112,1036000.00,419638.75,DEP,DEP,V0124 V0633 V0493
RH-097,WP-0112,7700000.00,0.00,DEP,DEP,V0170 V0562
LSLRPBX1,WM-0001,6899345.00,1146150.34,DEP,DEP,V0289 V0332
LSLRPBX2,WM-0001,10617913.00,1491402.23,DEP,DEP,V0529 V0035
LSLRPBX3,WM-0001,4088329.19,3034453.56,DEP,DEP,V0193 V0652 V0914
BWSOREI26,SE-0432,10000000.00,0.00,DEP,DEP,V0040 V0056 V0342
CB-KR25,"SE-0002K, SE-0002R, SE-0200K, SE-0200R",2676000.00,0.00,DEP,DEP,V0289
CB-QE25,"SE-0002Q, SE-0200Q",4856000.00,0.00,DEP,DEP,V0107 V0878
CB-QW25,"SE-0002Q, SE-0200Q",9630000.00,0.00,DEP,DEP,V0447
CB-X25,"SE-0002X, SE-0200X",3297000.00,0.00,DEP,DEP,V0825 V0929 V0002
NCA24A,WM-0011,5500000.00,0.00,DEP,DEP,V0174 V0877 V0209
JPSCOMPEH,WM-0105,6000000.00,0.00,DEP,DEP,V0150
WSRRF-100,WM-0030,7120000.00,0.00,DEP,DEP,V0074 V0877
CRO-452,WM-0030,14227869.77,5404983.70,DEP,DEP,V0026
WFF-IGAS,WM-0030,46467460.18,31096940.44,DEP,DEP,V0247 V0874 V0984
GI-CD11,WP-D169,165000.00,0.00,DEP,DEP,V0411 V0490 V0404
GI-CONS-3,,9976976.33,8482108.34,DEP,DEP,V0169 V0877 V0007
GI-CONS-4,"P -1018 , SE-0005 , WP-0170",10105000.00,0.00,DEP,DEP,V0333 V0150
GI-CONS-5,"SE-0005 , WP-0170",6739281.00,2445866.36,DEP,DEP,V0289 V0923
GI-CONS-6,WP-0170,10000000.00,0.00,DEP,DEP,V0485
GI-CONS-7,WP-0170,10000000.00,0.00,DEP,DEP,V0877 V0057 V0192
NC-GATEGP,,1956400.00,0.00,DEP,DEP,V0274 V0150
CAT-379,WM-0030,28912360.26,128236.27,DEP,DEP,V0035 V0209 V0897
HVR-500,WM-0030,24909101.58,5325416.45,DEP,DEP,V0006
CAT-515,,14000000.00,7000000.00,DEP,DEP,V0925
JA-187,WP-0112,7000000.00,0.00,DEP,DEP,V0562 V0312
NC-173,WP-0112,36478750.00,0.00,DEP,DEP,V0130 V0962 V0159
WI-324-L,WP-0112,9589000.00,0.00,DEP,DEP,V0074 V0915
26W-144-L,WP-0112,84217604.62,1166756.35,DEP,DEP,V0278 V0130
26W-156-L,WP-0112,50573000.00,0.00,DEP,DEP,V0203 V0676 V0144
BB-220-L,WP-0112,124343573.98,2597705.81,DEP,DEP,V0795 V0530 V0411
CAN-HYDRO,WM-0030,9324283.54,611715.73,DEP,DEP,V0646
CAT-506,WM-0030,88463014.41,2812900.69,DEP,DEP,V0065 V0575
CAT-507,WM-0030,82019317.18,1648203.02,DEP,DEP,V0492 V0121 V0377
CAT-511,WM-0030,17490003.80,996461.03,DEP,DEP,V0270
CRO-553B,WM-0030,49000000.00,0.00,DEP,DEP,V0560
CRO-586,"WM-0030 , WM-0030",28808515.42,2173400.32,DEP,DEP,V0572 V0009
CRO-587,WM-0030,45821880.91,1792046.60,DEP,DEP,V0208 V0265 V0118
CRO-636,WM-0030,76641044.62,822039.99,DEP,DEP,V0056 V0009
DEL-359V,"PU-0025 , WM-0030",20443057.48,1908374.07,DEP,DEP,V0572 V0155
HP-239-L,WP-0112,324947745.36,15007272.36,DEP,DEP,V0248
NR-117-L,WP-0112,77771320.85,72082.21,DEP,DEP,V0461 V0203
NR-129,WP-0112,224133491.00,2567867.78,DEP,DEP,V0312 V0009 V0155
NR-GBT-L,WP-0112,53236379.74,835642.45,DEP,DEP,V0792 V0562 V0822
OB-143-L,WP-0112,81795000.00,0.00,DEP,DEP,V0006 V0475
OH-123,WP-0112,59160689.38,2302798.28,DEP,DEP,V0572 V0476
PS-287,WP-0269,81927166.84,1139157.90,DEP,DEP,V0009 V0540
PS-289,WP-0269,28100000.00,100000.00,DEP,DEP,V0691 V0650 V0838
PS-316,WP-0269,56930000.00,744229.11,DEP,DEP,V0652 V0832
PS-318,WP-0269,90540000.00,540951.28,DEP,DEP,V0002 V0245
R-156-L,WP-0112,85552883.00,1097299.13,DEP,DEP,V0074 V0184 V0652
RH-83,WP-0112,112290484.80,7465089.20,DEP,DEP,V0074 V0497 V0540
LSLRPBX4,WM-0001,11608000.00,0.00,DEP,DEP,V0492 V0877
LSLRPBX5,WM-0001,2999000.00,0.00,DEP,DEP,V0811 V0127
LSLRPQN1,WM-0001,8149000.00,0.00,DEP,DEP,V0057
26W-166-L,WP-0112,22660000.00,0.00,DEP,DEP,V0476 V0875
WI-322-L,WP-0112,9400000.00,0.00,DEP,DEP,V0652 V0208
OB-156-L,WP-0112,9025000.00,0.00,DEP,DEP,V0144
PS-297,WP-0269,24013000.00,0.00,DEP,DEP,V0149
TI-182-L,WP-0112,4282000.00,0.00,DEP,DEP,V0365
GI-CON-5B,WP-0170,5588897.36,710006.56,DEP,DEP,V0301 V0426 V0294
BB-242-L,WP-0112,7103000.00,0.00,DEP,DEP,V0411
JA-GBT,WP-0112,18780000.00,0.00,DEP,DEP,V0002 V0170
NC-167,WP-0112,11426000.00,0.00,DEP,DEP,V0086 V0209 V0412
NR-144-L,WP-0112,6500000.00,0.00,DEP,DEP,V0427
TI-181-L,WP-0112,8583000.00,0.00,DEP,DEP,V0698
DEL-400,WM-0030,32713613.04,23964980.15,DEP,DEP,V0146
OB-158-L,WP-0112,7547000.00,0.00,DEP,DEP,V0209 V0097
GI-CONS-8,WP-0170,26000000.00,0.00,DEP,DEP,V0463 V0035 V0165
GI-CONS-9,WP-0170,10326000.00,0.00,DEP,DEP,V0479
GQ-MEDHOW,WP-0170,2500000.00,0.00,DEP,DEP,V0636 V0544 V0443
GQ-MED-KH,WP-0170,4000000.00,0.00,DEP,DEP,V0274 V0329
GX-MEDBAY,WP-0170,2500000.00,0.00,DEP,DEP,V0387 V0009 V0476
GX-MED-RD,WP-0170,1500000.00,0.00,DEP,DEP,V0726
AGBXWOAC,AG-0001,300000.00,0.00,DFTA,,V0491 V0476
AGCAPISCU,AG-K001,6000000.00,0.00,DFTA,,V0878 V0745 V0365
AGCBCOV,AG-M001,98000.00,0.00,DFTA,,V0056 V0312
AGCBURDEN,AG-D001,400000.00,0.00,DFTA,,V0861
AGCCNSOAC,AG-0001,300000.00,0.00,DFTA,,V0411 V0148
AGMOTTOAC,AG-0001,250000.00,0.00,DFTA,,V0312
AGNYCHAG2,"AG-0001 , AG-D001 , AG-M001 , HR-0025",20348000.00,0.00,DFTA,,V0274 V0487 V0035
AGREDHOOK,AG-D001,1260000.00,0.00,DFTA,,V0399 V0712
AGVARSRCT,AG-0001,7340000.00,0.00,DFTA,,V0338
AGWOODRE1,AG-D001,65000.00,0.00,DFTA,,V0132
HAM14CRSR,AG-D001,100000.00,0.00,DFTA,,V0289 V0560
HH105HEVE,HH-0105,4000000.00,0.00,DHS,,V0973 V0187
HH112AVED,HH-0112,2971000.00,0.00,DHS,,V0821
HH112BAFS,HH-0112,4978000.00,0.00,DHS,,V0057 V0919
HH112BLSB,HH-0112,38750000.00,0.00,DHS,,V0003 V0060
HH112BLWB,HH-0112,4133000.00,0.00,DHS,,V0289 V0516 V0170
HH112FAFC,HH-0112,1693000.00,0.00,DHS,,V0200 V0652
HH112HBAT,HH-0112,5920000.00,0.00,DHS,,V0854 V0284
HH112HHAC,HH-0112,3360000.00,0.00,DHS,,V0878 V0122
HH112HINT,HH-0112,8600000.00,0.00,DHS,,V0878
HH112HLET,HH-0112,14596000.00,0.00,DHS,,V0023 V0492 V0452
HH112HSHP,HH-0112,4400000.00,0.00,DHS,,V0587 V0169
HH112KNUG,HH-0112,20329000.00,0.00,DHS,,V0122 V0122
HH112KTEX,HH-0112,456000.00,0.00,DHS,,V0183
HH112LEDV,HH-0112,1000000.00,0.00,DHS,,V0652 V0363
HH112LINT,HH-0112,504000.00,0.00,DHS,,V0652 V0149 V0615
HH112LXBR,HH-0112,2707000.00,0.00,DHS,,V0490
HH112PJAB,HH-0112,7093000.00,0.00,DHS,,V0274 V0971 V0189
HH112PJFS,HH-0112,5974000.00,0.00,DHS,,V0562 V0484 V0355
HH112PJRR,HH-0112,8789521.39,5387030.99,DHS,,V0701
HH112PREK,HH-D025,1500000.00,0.00,DHS,,V0665
HH112PSBH,HH-0112,2000000.00,0.00,DHS,,V0351 V0604
HH112PSST,HH-0112,10000000.00,0.00,DHS,,V0118
HH112RFEL,HH-0115,23953000.00,0.00,DHS,,V0878 V0289
HH112SWBU,HH-0112,39720000.00,0.00,DHS,,V0544
HH112THBH,HH-0112,10500000.00,0.00,DHS,,V0411 V0636 V0449
HH112THEU,HH-0112,1000000.00,0.00,DHS,,V0351
HH115BEXT,HH-0115,3400000.00,0.00,DHS,,V0004 V0245 V0490
HH115BINT,"HH-0112 , HH-0115",7920000.00,0.00,DHS,,V0316 V0884 V0976
HH115DMEP,HH-0112,1000000.00,0.00,DHS,,V0829 V0351
HH115HOBU,HH-0115,9118000.00,0.00,DHS,,V0130
HH115HOEV,HH-0115,1000000.00,0.00,DHS,,V0312
HH115JCFA,HH-0115,300000.00,0.00,DHS,,V0443 V0632 V0878
HH115JEXT,"HH-0112 , HH-0112 , HH-0115",3596000.00,0.00,DHS,,V0035 V0056
HH115NLBR,HH-0115,3845000.00,0.00,DHS,,V0675 V0146
HH115RECL,HH-0115,1843000.00,84218.98,DHS,,V0351 V0878
HH115SEXT,"HH-0112 , HH-0115",8008000.00,0.00,DHS,,V0118 V0288 V0169
HH115SINT,"HH-0112 , HH-0115",576000.00,0.00,DHS,,V0459 V0209 V0249
HH115UNBT,HH-0115,2130000.00,0.00,DHS,,V0130
HH115UNEU,HH-0115,2294821.43,944821.43,DHS,,V0183
HH115UNFL,HH-0115,360000.00,0.00,DHS,,V0203 V0272 V0179
HHCN001,HH-D025,400000.00,0.00,DHS,,V0146 V0540
HHCN001MC,HH-D025,133000.00,100000.00,DHS,,V0577 V0892
HHCN002,HH-D025,3000000.00,0.00,DHS,,V0932 V0150 V0187
HHCN003,HH-D112,250000.00,0.00,DHS,,V0483 V0553 V0490
HHCN007,HH-D025,542000.00,0.00,DHS,,V0721 V0490 V0351
HH-MRBU,"HH-0112 , HH-0115",67473000.00,0.00,DHS,,V0475 V0183
HHNC001,HH-D025,400000.00,0.00,DHS,,V0299 V0608 V0652
HHNC006,HH-D025,200000.00,0.00,DHS,,V0155 V0899 V0086
HRCN100VA,HH-D025,908000.00,0.00,DHS,,V0045 V0074
HH112SWTR,,23100.00,19375.00,DHS,DHS,V0628
HH115STEP,HH-0115,1152000.00,96000.00,DHS,DHS,V0584
HH115SNRF,HH-0115,692000.00,58000.00,DHS,DHS,V0198 V0035
HH115SAEU,HH-0115,4100000.00,180196.23,DHS,DHS,V0216 V0047
HH115RMCX,HH-0115,4526000.00,73500.00,DHS,DHS,V0086
HH115MMEP,HH-0115,300000.00,10400.00,DHS,DHS,V0697 V0146 V0858
HH115JAEX,HH-0115,3250000.00,106762.08,DHS,DHS,V0877 V0009 V0208
HH115CTEF,HH-0115,3894426.00,244426.00,DHS,DHS,V0402
HH115BWRF,HH-0115,5276000.00,58874.28,DHS,DHS,V0584 V0045
HH112THFC,HH-0112,2040000.00,76400.00,DHS,DHS,V0761 V0362 V0200
HH112LFER,HH-0112,530000.00,37480.00,DHS,DHS,V0008 V0351
HH112HMED,HH-0112,500000.00,25000.00,DHS,DHS,V0589 V0474 V0197
HH112ETEU,HH-0112,2575500.00,170684.71,DHS,DHS,V0144
HH112BARS,HH-0112,6500000.00,423696.74,DHS,DHS,V0923 V0159
HH115FLRF,HH-0115,4135500.00,82500.00,DHS,DHS,V0292 V0487
HH115FBME,HH-0115,924000.00,0.00,DHS,DHS,V0770 V0646
HH115BFRR,HH-0115,8591000.00,416171.02,DHS,DHS,V0086 V0572
HH112PAFL,HH-0112,1402500.00,52500.00,DHS,DHS,V0518 V0546 V0935
HH112KTFR,HH-0112,1141535.98,864646.30,DHS,DHS,V0514 V0646 V0174
HH112HSMR,HH-0112,4664000.00,161750.00,DHS,DHS,V0639 V0248
HH112HSCR,HH-0112,6585000.00,165620.00,DHS,DHS,V0130 V0201
HH112HMBL,HH-0112,5654000.00,151124.90,DHS,DHS,V0183
HH112GDFC,HH-0112,7893750.00,143595.23,DHS,DHS,V0446 V0057 V0973
HH112FWFR,HH-0112,5331000.00,287769.00,DHS,DHS,V0934
HH112FWBA,HH-0112,4044392.00,596563.34,DHS,DHS,V0197 V0187
HH112FRRF,HH-0112,3047598.84,0.00,DHS,DHS,V0009 V0203
HH115REBO,HH-0115,6143855.00,143855.00,DHS,DHS,V0380
HH115FAFA,HH-0115,1069250.00,56250.00,DHS,DHS,V0477 V0203 V0098
HH115CTBU,HH-0115,10379591.26,9028002.77,DHS,DHS,V0329
HH112KITC,"HH-0112 , HH-D025",4722603.80,61603.80,DHS,DHS,V0187
HH112FWBO,HH-0112,13333105.41,10856726.31,DHS,DHS,V0946 V0156 V0652
HH112AUBR,HH-0112,4838789.90,4820179.71,DHS,DHS,V0216 V0957 V0636
HH112BOFW,HH-0112,3711500.00,168381.17,DHS,DHS,V0554
HH112LMEP,HH-0112,1950000.00,0.00,DHS,DHS,V0226 V0476 V0274
HH112THBR,HH-0112,1100000.00,0.00,DHS,DHS,V0878 V0490
HH112THEV,HH-0112,748000.00,0.00,DHS,DHS,V0074 V0196
HH115SMEP,HH-0115,384000.00,0.00,DHS,DHS,V0174
HH115SNBH,HH-0115,2022000.00,0.00,DHS,DHS,V0550 V0145
BBJCCBX,C -0075,30000000.00,0.00,DOC,,V0485
BBJCCCBK,C -0075,22500000.00,0.00,DOC,,V0312 V0108 V0877
BBJCCM,C -0075,18750000.00,0.00,DOC,,V0570 V0662 V0891
BBJCCQ,C -0075,19000000.00,0.00,DOC,,V0443 V0146 V0844
C130PANEL,C -0130,1438789.44,101975.38,DOC,,V0878
C75FENCE4,C -0075,3000000.00,0.00,DOC,,V0174 V0386 V0706
C75MBBLR,C -0075,6702000.00,0.00,DOC,,V0485 V0189 V0130
C75STEAMT,C -0075,26500000.00,0.00,DOC,,V0663 V0443 V0490
C75TANKS,C -0075,900000.00,0.00,DOC,,V0273
SANDAMKC,C -0075,5439613.37,4982218.62,DOC,,V0245 V0130
SANDGRVC,C -0075,10297000.00,0.00,DOC,,V0850 V0169 V0708
SANDHART,C -0075,12936410.00,6414536.81,DOC,,V0462
SANDRNDC,C -0075,2784043.33,2554282.48,DOC,,V0351
SANDTRLR,"C -0075 , C -0075",8737701.54,8251936.29,DOC,,V0502 V0189
SANDVCBC,C -0075,2665600.20,282415.82,DOC,,V0300 V0159 V0256
C75RDSRNG,C -0075,18671773.33,9869179.55,DOC,DOC,V0810 V0281 V0026
C75WTRMN,C -0075,410369.00,169280.08,DOC,DOC,V0209 V0752
SANDSHORE,C -0075,52767169.18,32441150.44,DOC,DOC,V0581
C75MARINA,C -0075,0.00,0.00,DOC,DOC,V0145 V0535 V0358
C138FEDER,C -0138,3102201.53,244359.41,DOC,DOC,V0057 V0187
C75POWRF,C -0075,21871471.21,5190555.50,DOC,DOC,V0118
C75STEAM,C -0075,483224.80,345226.80,DOC,DOC,V0187 V0106 V0789
C75PTREAT,C -0075,13764151.33,346301.33,DOC,DOC,V0189 V0035 V0274
C75CTURB,C -0075,7568000.00,0.00,DOC,DOC,V0130
C75PANEL,C -0075,2091788.23,90942.30,DOC,DOC,V0020
C75ACCGN,C -0075,384000.00,0.00,DOC,DOC,V0155
C75BOILER,C -0075,1300000.00,0.00,DOC,DOC,V0245 V0044
C75CFEED,C -0075,1000000.00,0.00,DOC,DOC,V0183 V0311 V0807
C75NBOIL,C -0075,6442000.00,0.00,DOC,DOC,V0485 V0340
C75PIPE,C -0075,500000.00,0.00,DOC,DOC,V0187
ACEDOE211,,4861472.00,1699706.72,DOE,,V0312
ACEFIT241,,953291.00,0.00,DOE,,V0604 V0259
SCACIP08,,4500000.00,4137780.81,DOE,,V0921
SCAELQ008,,44813305.83,2142768.28,DOE,,V0008 V0216 V0074
SCAELQ107,,450109.14,510263.11,DOE,,V0407
ACEDOH211,HL-0082,909452.00,871363.77,DOHMH,,V0652 V0203
ACEDOH212,HL-0082,734254.80,722786.36,DOHMH,,V0882 V0736
ACEDOH701,PU-0025,72000.00,71725.72,DOHMH,,V0155 V0755
CME520FPC,HL-0083,500000.00,0.00,DOHMH,,V0068
HL82125VI,HL-0082,2500000.00,0.00,DOHMH,,V0155 V0002 V0009
HL82BEDHC,HL-0082,5000000.00,0.00,DOHMH,,V0147 V0247 V0492
HL82BERGN,HL-0082,1489184.58,1316631.40,DOHMH,,V0263 V0187 V0858
HL82CHRCT,HL-0082,427851.04,363199.49,DOHMH,,V0026 V0130 V0494
HL82COELE,HL-0082,348061.00,0.00,DOHMH,,V0002
HL82CRISR,HL-0082,4000000.00,0.00,DOHMH,,V0592 V0613 V0378
HL82EASTH,HL-D001,600000.00,0.00,DOHMH,,V0169 V0870 V0001
HL82FGCHI,HL-0082,2387000.00,0.00,DOHMH,,V0871
HL82MORHC,HL-0082,20250000.00,0.00,DOHMH,,V0129
HL82REOPS,HL-0082,11547000.00,0.00,DOHMH,,V0820 V0026
HL82TREMF,HL-0082,11970000.00,0.00,DOHMH,,V0838 V0144
HL82VCLIN,HL-0082,173036927.39,4559927.39,DOHMH,,V0026 V0283 V0761
SEED-QJNP,HL-0082,8300000.00,0.00,DOHMH,,V0475
HL82ZERGA,HL-0082,4510560.10,4274560.10,DOHMH,DOHMH,V0628 V0155
HL82CHRHC,HL-0082,6553504.00,0.00,DOHMH,DOHMH,V0155
HL82EHRHC,HL-0082,6070558.43,941838.68,DOHMH,DOHMH,V0045
HL82BRNHC,HL-0082,5985304.93,0.00,DOHMH,DOHMH,V0209 V0057
HL82BUSHC,HL-0082,4911054.13,0.00,DOHMH,DOHMH,V0187
HL82FORTG,HL-0082,5994000.00,0.00,DOHMH,DOHMH,V0978
ACEDOT222,"HW-0003 , PU-0025",1737000.00,0.00,DOT,,V0365 V0524
ACEDOT602,HW-0003,472971.55,381992.45,DOT,,V0485 V0174 V0666
AUSTENFB,FA-0313,3450000.00,0.00,DOT,,V0741 V0329 V0847
BEDSTLIG,"TF-D503 , TF-K503",750050.00,202275.00,DOT,,V0652 V0208 V0026
BIKE2030,"HW-0003 , TD-0018 , TF-0001",95933000.00,0.00,DOT,,V0202 V0250
BKBHAZMIG,BR-0270,814330000.00,0.00,DOT,,V0009 V0154
BKBRDGITS,TF-0001,2276214.00,802002.00,DOT,,V0663
BLUESMOKE,HW-0002K,2103000.00,0.00,DOT,,V0085 V0869 V0744
BMBSLIP5,FA-0021,856000.00,0.00,DOT,,V0248
BRC156G,BR-0156,474300000.00,0.00,DOT,,V0057 V0274
BRC231G,BR-0231,611750000.00,0.00,DOT,,V0450
BRC253E,BR-0253,540750000.00,0.00,DOT,,V0209 V0882
BRC270DT,BR-0270,8120000.00,0.00,DOT,,V0537 V0295
BRCR24029,HB-0215,17500000.00,0.00,DOT,,V0365 V0395
BRK24027,HB-0215,1040795000.00,0.00,DOT,,V0490 V0204 V0143
BRKQ24063,HB-0215,399400000.00,0.00,DOT,,V0985 V0945 V0026
BUSLANSY3,TF-0001,88903000.00,0.00,DOT,,V0402 V0039 V0203
BXECONDEV,ED-D384,880345.88,792345.88,DOT,,V0972 V0118
C5447,"FA-0021 , FA-0021 , FA-0026 , FA-0027 , FA-0027 , FA-0313 , FA-D001",215157491.74,426491.74,DOT,,V0932 V0209
C5517B,FA-0021,12237695.16,6927257.50,DOT,,V0485 V0346 V0976
C5588,FA-0313,8050000.00,0.00,DOT,,V0870
CTYISLBRD,FA-0021,12859143.14,7485334.56,DOT,,V0794 V0146 V0843
E34CCTV,FA-0027,185000.00,0.00,DOT,,V0653
E34REHAB,FA-0021,7637000.00,0.00,DOT,,V0384
EBIKENYCH,TF-0001,32800000.00,0.00,DOT,,V0809 V0485
EMIDTWNRZ,HW-0001,6625000.00,0.00,DOT,,V0155
FABLDG45R,FA-0021,16168452.17,884915.54,DOT,,V0893 V0189
FABOLLIS,FA-0313,4830000.00,0.00,DOT,,V0035 V0293
FACLUMP,"HB-1014 , HW-0003",95737000.00,0.00,DOT,,V0150 V0731 V0832
FARRSLIP,FA-0021,59691462.00,589752.93,DOT,,V0162 V0006 V0160
FASGTRHB,FA-0021,750000.00,0.00,DOT,,V0490 V0475 V0122
FASTGCCTV,FA-0021,2656113.19,1654113.19,DOT,,V0150 V0485 V0567
FAVESSPC,FA-0021,1000168.78,0.00,DOT,,V0880 V0566 V0208
FAWHTSGTF,FA-0021,1008000.00,0.00,DOT,,V0564 V0811 V0920
FAWTCCTV,FA-0021,2245840.00,993779.89,DOT,,V0009
FBOATCCTV,FA-0313,2000000.00,0.00,DOT,,V0009 V0351 V0750
FERRYR1SG,FA-0021,23680000.00,0.00,DOT,,V0035 V0074
FERRYR3SG,FA-0021,8014367.00,761340.07,DOT,,V0006
FERRYRACK,FA-0021,27516381.64,2487395.88,DOT,,V0652 V0027
GEAN2025,TF-0CH1,12638000.00,0.00,DOT,,V0150 V0786 V0402
HB1013EQ,HB-1013,3329000.00,0.00,DOT,,V0086
HB1014GP,HW-0003,387173.00,352156.10,DOT,,V0057 V0705 V0248
HB1070BW,HB-1070,23047000.00,0.00,DOT,,V0470
HB1070BX,HB-1070,12200000.00,0.00,DOT,,V0183 V0189 V0750
HB1070EN,HB-1070,13800000.00,0.00,DOT,,V0776 V0057
HB1070GR,HB-1070,14641000.00,0.00,DOT,,V0476
HB1070LR,HB-1070,24021000.00,0.00,DOT,,V0789 V0002 V0533
HB1070MH,HB-1070,16171000.00,0.00,DOT,,V0652 V0339
HB1070MN,HB-1070,23973000.00,0.00,DOT,,V0104 V0487 V0490
HB1070WB,BR-0253,429985000.00,0.00,DOT,,V0321
HB25FAC,HB-1014,436000.00,383700.00,DOT,,V0187 V0186 V0834
HB-ADVERT,HB-0215,1000000.00,0.00,DOT,,V0411
HBB224222,P -1018,22181000.00,0.00,DOT,,V0174 V0463 V0872
HBB241850,P -1018,29292000.00,0.00,DOT,,V0209
HBBA06715,HB-0215,325548000.00,0.00,DOT,,V0169
HBBA07664,HB-0215,61629000.00,0.00,DOT,,V0662 V0877
HBBA07692,HB-0215,31061000.00,0.00,DOT,,V0953
HBBA23025,HB-0215,102075000.00,0.00,DOT,,V0857 V0719 V0161
HBBA24180,HB-1139,31810844.61,4349179.32,DOT,,V0775 V0086
HBBA24181,HB-1172,38119797.05,2880017.09,DOT,,V0155 V0540
HBBA24214,HB-0215,98300000.00,0.00,DOT,,V0510 V0970
HBBA24236,HB-0215,55144000.00,0.00,DOT,,V0896
HBBA26654,HB-0215,260682000.00,0.00,DOT,,V0562 V0562 V0588
HBBA42081,HB-0215,18352000.00,0.00,DOT,,V0485
HBBA42082,HB-0215,18940000.00,0.00,DOT,,V0485
HBBA66671,HB-0215,104273000.00,0.00,DOT,,V0155 V0540
HBBA66672,HB-0215,169313000.00,0.00,DOT,,V0208 V0248 V0086
HBBM06691,HB-0215,1077436000.00,0.00,DOT,,V0043 V0501 V0562
HBCD007P,HB-1070,3299979.30,1049635.32,DOT,,V0752 V0247 V0611
HBCD008P,HB-1070,3597000.00,0.00,DOT,,V0312 V0153 V0351
HBCD009P,HB-1070,3920000.00,0.00,DOT,,V0289 V0487
HBCD010P,HB-1070,4272000.00,0.00,DOT,,V0668 V0877 V0248
HBCD013,HB-1012,3400074.69,340733.35,DOT,,V0924 V0698
HBCD013A,HB-1012,14939034.19,1480017.17,DOT,,V0045 V0487 V0634
HBCD013B,HB-1012,7617812.01,317318.83,DOT,,V0186
HBCD013C,HB-1012,4555142.61,5644.78,DOT,,V0009 V0009
HBCD015,HB-1012,5400000.00,0.00,DOT,,V0208 V0150
HBCD015A,HB-1012,16555000.00,0.00,DOT,,V0506 V0144 V0982
HBCD015B,HB-1012,9075000.00,0.00,DOT,,V0280 V0411
HBCD015C,HB-1012,4291000.00,0.00,DOT,,V0720 V0351 V0119
HBCD016,HB-1012,12802000.00,0.00,DOT,,V0729 V0384
HBCD017,HB-1012,6480000.00,0.00,DOT,,V0897 V0155 V0575
HBCD017A,HB-1012,18882000.00,0.00,DOT,,V0146 V0274
HBCD017B,HB-1012,10349000.00,0.00,DOT,,V0109 V0351
HBCD017C,HB-1012,4866000.00,0.00,DOT,,V0414
HBCD018,HB-1012,15362000.00,0.00,DOT,,V0456
HBCD019,HB-1012,7776000.00,0.00,DOT,,V0020
HBCD019A,HB-1012,21577000.00,0.00,DOT,,V0540 V0816
HBCD019B,HB-1012,11826000.00,0.00,DOT,,V0152 V0039
HBCD019C,HB-1012,5532000.00,0.00,DOT,,V0707 V0009 V0002
HBCITYWIM,HB-0215,4500000.00,0.00,DOT,,V0083 V0006 V0654
HBCR24A,HB-0215,23020000.00,0.00,DOT,,V0644
HBCR24B,HB-0215,21975000.00,0.00,DOT,,V0026 V0074 V0074
HBCR25A,HB-0215,23715000.00,0.00,DOT,,V0289
HBCR25B,HB-0215,21350000.00,0.00,DOT,,V0476 V0878
HBCR26A,HB-0215,23380000.00,0.00,DOT,,V0022
HBCR26B,HB-0215,21995000.00,0.00,DOT,,V0045 V0002
HBCR27A,HB-0215,25175000.00,0.00,DOT,,V0189 V0130 V0056
HBCR27B,HB-0215,22665000.00,0.00,DOT,,V0818 V0950 V0146
HBCUHUNT,HB-0215,13000000.00,0.00,DOT,,V0045 V0877 V0540
HBFQGPEC,HB-1014,244000.00,0.00,DOT,,V0351 V0118
HBGATES,HB-1070,2379552.00,832045.20,DOT,,V0187
HBHWOHSIG,HB-0215,28500000.00,0.00,DOT,,V0613 V0247 V0404
HBK224404,P -1018,4823000.00,0.00,DOT,,V0365 V0209
HBK231250,P -0508,31523000.00,0.00,DOT,,V0067 V0118 V0768
HBK231260,P -0508,30753000.00,0.00,DOT,,V0481
HBK243050,HB-0215,150209000.00,0.00,DOT,,V0155 V0130
HBK243080,HB-0215,134350000.00,0.00,DOT,,V0097 V0487 V0487
HBKA23036,"HB-0215 , HB-1012",25731000.00,0.00,DOT,,V0209
HBKA23038,HB-3038,23379484.72,411224.35,DOT,,V0476
HBKA23140,"HB-0215 , HB-1012",72090492.34,1980803.58,DOT,,V0168 V0424
HBKA23141,"HB-0215 , HB-1012",97618602.98,2428182.14,DOT,,V0035 V0686 V0487
HBKA23142,"HB-0215 , HB-1012",100522495.09,2289937.15,DOT,,V0382
HBKA23143,HB-1090,96134737.12,2278798.69,DOT,,V0183 V0055 V0604
HBKA24304,HB-0215,39866000.00,0.00,DOT,,V0733
HBKA24315,HB-1208,29729000.00,0.00,DOT,,V0118
HBKA24382,"HB-0061 , HB-0215 , HB-0548",111730000.00,336066.48,DOT,,V0592 V0017 V0026
HBKBQE,"HB-0278 , HB-0278 , HB-1012 , HB-1012 , P -0508 , P -1018",1911642987.68,131663950.59,DOT,,V0030 V0294
HBM1120B,HB-1120,76776503.00,733.50,DOT,,V0476
HBM191TUN,"HB-0215 , HB-1012",46551410.25,2727043.43,DOT,,V0475
HBM224624,P -1018,30945000.00,0.00,DOT,,V0312
HBM224625,P -1018,20470000.00,0.00,DOT,,V0408
HBM224627,P -1018,100608000.00,0.00,DOT,,V0002 V0035 V0471
HBM224628,P -1018,20799000.00,0.00,DOT,,V0540 V0909 V0365
HBM224643,P -1018,7203000.00,0.00,DOT,,V0351 V0057
HBM224650,P -1018,15145000.00,0.00,DOT,,V0312 V0829
HBM24501B,HB-0215,159898000.00,0.00,DOT,,V0604 V0205 V0143
HBM245050,P -0508,7245000.00,0.00,DOT,,V0585 V0721
HBM245060,HB-0215,71452000.00,0.00,DOT,,V0086 V0035 V0731
HBM245230,P -1018,12145000.00,0.00,DOT,,V0830
HBM245290,HB-0215,21274000.00,0.00,DOT,,V0118 V0289 V0203
HBM246100,P -0508,50294000.00,0.00,DOT,,V0245 V0055
HBM246350,P -0508,4809367.00,12030.35,DOT,,V0146 V0086
HBM246710,HB-0215,22829000.00,0.00,DOT,,V0106 V0187 V0799
HBMA24613,P -0508,7832887.89,93503.09,DOT,,V0247 V0877
HBMA24646,P -1018,14619000.00,0.00,DOT,,V0945 V0141
HBMA24649,"HB-0215 , HB-1012",21940000.00,0.00,DOT,,V0169 V0146
HBMA24666,HB-0215,260363000.00,0.00,DOT,,V0289 V0351
HBMA25756,HB-0215,393203000.00,0.00,DOT,,V0149
HBMA29349,HB-0215,236191000.00,0.00,DOT,,V0501 V0178
HBMA4501D,HB-0215,129132000.00,0.00,DOT,,V0572
HBMA4501F,HB-0215,69621000.00,0.00,DOT,,V0443
HBMPL10,HB-1070,4068000.00,0.00,DOT,,V0355
HBMPL11,HB-1070,4475000.00,0.00,DOT,,V0562
HBMPL12,HB-1070,4950000.00,0.00,DOT,,V0927 V0572 V0984
HBQ1137,HB-1137,33427191.06,1030316.06,DOT,,V0380 V0262
HBQ1208,HB-1012,31400000.00,0.00,DOT,,V0166
HBQ1209,HB-1012,35342000.00,0.00,DOT,,V0064 V0737
HBQ224766,P -1018,21314000.00,0.00,DOT,,V0466 V0240
HBQ224814,P -1018,19040000.00,0.00,DOT,,V0482
HBQ224837,P -1018,25494000.00,0.00,DOT,,V0045 V0788
HBQ231800,HB-0215,48272000.00,0.00,DOT,,V0045 V0378
HBQ231880,P -1018,14904000.00,0.00,DOT,,V0122 V0280 V0125
HBQ231900,HB-0215,33955000.00,0.00,DOT,,V0717 V0443
HBQ231960,HB-0215,46480000.00,0.00,DOT,,V0288 V0858
HBQ240440,HB-0215,61597000.00,0.00,DOT,,V0550
HBQ247020,HB-0215,26173000.00,0.00,DOT,,V0150 V0836
HBQ248110,P -0508,10935000.00,0.00,DOT,,V0851
HBQ705510,HB-0215,19621000.00,0.00,DOT,,V0411 V0562 V0056
HBQA23157,HB-0215,40879000.00,0.00,DOT,,V0009 V0465 V0867
HBQA23165,HB-1012,28160000.00,0.00,DOT,,V0365 V0150 V0462
HBQA24066,HB-0215,269739000.00,0.00,DOT,,V0530 V0351
HBQA24718,HB-0215,65416000.00,0.00,DOT,,V0150 V0733 V0552
HBQA24823,HB-0215,25206000.00,0.00,DOT,,V0115 V0243 V0155
HBR249710,P -0508,9923000.00,0.00,DOT,,V0546
HBRA24923,HB-0215,1967873.33,1722227.96,DOT,,V0074
HBRA24925,HB-0215,2014801.63,1612779.51,DOT,,V0419 V0517
HBX199,"HB-0061 , HB-0199",32178498.25,20676298.91,DOT,,V0245 V0057 V0056
HBX2370,HB-1070,48451000.00,0.00,DOT,,V0074 V0026 V0387
HW200IFA1,HW-0200,492654812.74,225580411.74,DOT,,V0169 V0597
HW200IFA2,HW-0200,191646160.01,126163674.01,DOT,,V0815
HW2CR06,"HW-0002M, HW-D103 , HW-R002",317304000.00,0.00,DOT,,V0828
HW2CR19D,HW-0002M,16450021.89,16450177.93,DOT,,V0183 V0130
HW2CR21B,HW-0002Q,11067393.88,10828013.45,DOT,,V0878
HW2CR21C,"HW-0002K, HW-0002R",21760949.38,21499535.71,DOT,,V0760
HW2CR21D,HW-0002M,20595369.77,20434355.88,DOT,,V0657 V0289 V0725
HW2CR21E,"HW-0002K, HW-0002Q, HW-0002R",18877460.79,18873700.61,DOT,,V0476
HW2CR23A,"HW-0002Q, HW-0002X",16386426.28,15860091.57,DOT,,V0604 V0006 V0672
HW2CR23B,"HW-0002K, HW-0002Q",14357410.10,11458331.82,DOT,,V0035 V0175
HW2CR23C,"HW-0002K, HW-0002R",15512807.95,15412211.96,DOT,,V0214 V0230 V0187
HW2CR23CW,"HW-0002K, HW-0002M, HW-0002Q, HW-0002R, HW-0002X",14625018.97,12597721.59,DOT,,V0848 V0435 V0811
HW2CR23D,HW-0002M,15952568.77,9616479.71,DOT,,V0236 V0057
HW2CR25A,"HW-0002Q, HW-0002X, HW-0944",7103000.00,0.00,DOT,,V0885 V0490 V0485
HW2CR25B,"HW-0002K, HW-0002Q, HW-0944",2160000.00,0.00,DOT,,V0878 V0155 V0697
HW2CR25C,"HW-0002K, HW-0002R, HW-0944",6819000.00,0.00,DOT,,V0312 V0189
HW2CR25CW,"HW-0002K, HW-0002M, HW-0002Q, HW-0002R, HW-0002X, HW-0944",53409000.00,0.00,DOT,,V0174 V0155 V0914
HW2CR25D,"HW-0002M, HW-0944",3105000.00,0.00,DOT,,V0633 V0146 V0604
HW34907,HW-0349,3884173705.97,2224463947.97,DOT,,V0790 V0524
HW349LUM,"HW-0002Q, HW-0349 , HW-0CH2 , HW-0CH4 , HW-0CH5 , HW-D101 , HW-D103 , HW-D105",1830039374.31,1168766078.31,DOT,,V0496 V0125
HW886MOTT,HW-0001Q,34040000.00,0.00,DOT,,V0274 V0037
HWARCHES,"HW-0001M, HW-M002",51000000.00,0.00,DOT,,V0599 V0672
HWBUSPAD,HW-0200,123000.00,0.00,DOT,,V0618 V0146
HWBUSPAD8,HW-0200,6543000.00,0.00,DOT,,V0345 V0475
HWC349M03,HW-0349,7987674.22,1800674.22,DOT,,V0291 V0281 V0056
HWCCSIMBM,"HB-1014 , HW-0003",3690000.00,0.00,DOT,,V0274 V0443 V0661
HWCFTRLR,"HB-1014 , HW-0003",12536374.10,8570269.04,DOT,,V0216 V0046 V0122
HWCOINFAC,HW-0003,6794381.64,63381.64,DOT,,V0448 V0208
HWCRCWLK,HW-0001,132309000.00,0.00,DOT,,V0290
HWCSCHCW,HW-0001,43691000.00,0.00,DOT,,V0169 V0021 V0852
HWCWREC,"HW-0001 , HW-0001K, HW-0001M, HW-0001Q, HW-0001R, HW-0001X, HW-0061 , HW-0121 , HW-0200 , HW-0211 , HW-0662 , HW-0876 , HW-0944 , HW-0988 , HW-1674 , HW-D101 , HW-D104 , HW-R005 , HW-R061 , HW-R200 , HW-X001 , PU-0200 , TF-0002 , TF-0502",4911000.00,0.00,DOT,,V0147 V0057
HWCWSTPR,"HW-D105 , HW-X001",2750000.00,0.00,DOT,,V0351 V0050 V0718
HWD10109,HW-D101,150000.00,0.00,DOT,,V0189 V0561
HWD10110,HW-D101,100000.00,0.00,DOT,,V0572
HWD10111,HW-D101,500000.00,0.00,DOT,,V0441
HWD10113,HW-D101,500000.00,0.00,DOT,,V0209 V0224 V0006
HWD10115,HW-D101,235000.00,0.00,DOT,,V0036 V0485
HWD10216,HW-D102,500000.00,0.00,DOT,,V0517 V0298 V0490
HWD10217,HW-D102,50000.00,0.00,DOT,,V0131 V0189 V0913
HWD10220,"HW-0001M, HW-D102",9529000.00,0.00,DOT,,V0189
HWD10222,HW-D101,227000.00,0.00,DOT,,V0248 V0122
HWD103100,HW-D103,120000.00,0.00,DOT,,V0926
HWD10312,HW-D103,300000.00,0.00,DOT,,V0578
HWD10323,TF-Q503,770365.00,450365.00,DOT,,V0099 V0935 V0209
HWD10324,"HW-D103 , HW-Q001",300000.00,0.00,DOT,,V0183 V0199
HWD10326,HW-D103,500000.00,0.00,DOT,,V0144 V0152
HWD10327,HW-0001Q,2000000.00,0.00,DOT,,V0749
HWD10328,HW-D103,400000.00,0.00,DOT,,V0589
HWD10330,HW-0001Q,3750000.00,0.00,DOT,,V0404 V0475
HWD10332,HW-D103,1000000.00,0.00,DOT,,V0183 V0187
HWD104-07,HW-0001R,500000.00,0.00,DOT,,V0074
HWD104-08,HW-D104,200000.00,0.00,DOT,,V0637
HWD104-09,HW-D104,3995000.00,0.00,DOT,,V0202 V0056 V0347
HWD104-10,HW-D200,2000000.00,0.00,DOT,,V0056
HWD104-11,HW-D104,4000000.00,0.00,DOT,,V0187 V0531 V0155
HWD200-05,HW-D200,1000000.00,0.00,DOT,,V0216 V0045 V0274
HWFKGPYRD,HW-0003,419854.16,211437.76,DOT,,V0154 V0122
HWFQ3211,HW-0003,851000.00,0.00,DOT,,V0335
HWH20051,HW-0001X,29200000.00,0.00,DOT,,V0086
HWK002397,HW-0001K,55000000.00,0.00,DOT,,V0698 V0457 V0877
HWK00503,HW-K005,2000000.00,0.00,DOT,,V0562
HWK00504,HW-K005,35000.00,0.00,DOT,,V0487
HWK00514,"HW-0001K, HW-D101 , HW-K005",2300000.00,0.00,DOT,,V0189
HWK1048D,,20000.00,20000.00,DOT,,V0247 V0955
HWK1669A,,902141.02,855603.87,DOT,,V0742
HWK1669B,HW-0001K,202595.00,201654.42,DOT,,V0121
HWK20087,HW-0001K,50400000.00,0.00,DOT,,V0035 V0475 V0130
HWK20091,HW-0001K,20000000.00,0.00,DOT,,V0289 V0245 V0734
HWK973,,366330.28,366330.28,DOT,,V0652
HWKA37145,HW-0001K,8967000.00,0.00,DOT,,V0122
HWKAPOLWF,"PU-0200 , PU-0200",2194000.00,0.00,DOT,,V0002
HWKAVEWWF,"PU-0200 , PU-0200",1900000.00,0.00,DOT,,V0130
HWKAVEXWF,"PU-0200 , PU-0200",1265000.00,0.00,DOT,,V0604
HWKE68WF,"PU-0200 , PU-0200",1293000.00,0.00,DOT,,V0111 V0155
HWKF029Z,HW-0003,307306000.00,0.00,DOT,,V0045 V0289
HWKF3000,HW-0003,564957.00,514957.00,DOT,,V0111 V0203
HWKFBERRY,HW-0003,2299895.26,681438.07,DOT,,V0150 V0146 V0657
HWKFCBWF,"PU-0200 , PU-0200",2085000.00,0.00,DOT,,V0611
HWKFFAWF,"PU-0200 , PU-0200",6246000.00,0.00,DOT,,V0027
HWKFRH,HW-0003,3901000.00,0.00,DOT,,V0006 V0411 V0828
HWKFTNT,HW-0003,1120000.00,1070538.90,DOT,,V0820
HWKGPAVWF,"PU-0200 , PU-0200",580000.00,0.00,DOT,,V0432 V0189
HWKMEEKWF,"PU-0200 , PU-0200",2546000.00,0.00,DOT,,V0187 V0209 V0001
HWKMETWF,"PU-0200 , PU-0200",1575000.00,0.00,DOT,,V0603
HWKMETWF2,"PU-0200 , PU-0200",6005000.00,0.00,DOT,,V0216 V0209 V0474
HWKMSPTWF,"PU-0200 , PU-0200",3244000.00,0.00,DOT,,V0108 V0554 V0800
HWM1432,"HW-0001M, HW-D102 , HW-M002",34500000.00,0.00,DOT,,V0845
HWM1690,HW-0CH4,53898000.00,0.00,DOT,,V0035 V0187 V0074
HWM2026,"HW-0001M, HW-D102 , HW-M002",20250000.00,0.00,DOT,,V0540 V0538
HWM2027,"HW-0001M, HW-D102 , HW-M002",1025000.00,0.00,DOT,,V0056
HWM2028,"HW-0001 , HW-D102 , HW-M200",13938000.00,0.00,DOT,,V0858 V0685
HWMF128HR,HW-0003,2205107.35,632625.03,DOT,,V0208 V0709
HWMPS128,HW-0988,7933000.00,0.00,DOT,,V0721 V0208 V0449
HWMSCH137,HW-0988,493000.00,0.00,DOT,,V0712 V0604
HWMW215WF,"PU-0200 , PU-0200",1619000.00,0.00,DOT,,V0216
HWMW216WF,"PU-0200 , PU-0200",884000.00,0.00,DOT,,V0411 V0209
HWP25KC1,HW-0200,40156000.00,0.00,DOT,,V0183
HWP25KC2,HW-0200,65272000.00,0.00,DOT,,V0604 V0743
HWP25KQC,HW-0200,46243000.00,0.00,DOT,,V0983 V0183 V0144
HWP25KRC,HW-0200,34523000.00,0.00,DOT,,V0006 V0163 V0187
HWP25MC1,HW-0200,61510000.00,0.00,DOT,,V0540 V0221 V0604
HWP25MXC,HW-0200,76458000.00,0.00,DOT,,V0209 V0691
HWP25QC1,HW-0200,53058000.00,0.00,DOT,,V0232
HWP25QC2,HW-0200,35151000.00,0.00,DOT,,V0080 V0187
HWP25QC3,HW-0200,35043000.00,0.00,DOT,,V0443
HWP25RC,HW-0200,23340000.00,0.00,DOT,,V0562
HWP25XC,HW-0200,38560000.00,0.00,DOT,,V0672 V0223 V0132
HWPL20006,"HW-0200 , P -1018 , P -1018 , P -1331",143817000.00,0.00,DOT,,V0669 V0660 V0572
HWPLZ015Q,HW-1684,8717000.00,0.00,DOT,,V0411 V0248 V0319
HWPLZ017Q,HW-1684,9310000.00,0.00,DOT,,V0878
HWPR26KQ,HW-0200,17852000.00,0.00,DOT,,V0542
HWPR26KR,HW-0200,17852000.00,0.00,DOT,,V0443 V0817 V0057
HWPR26MKQ,HW-0200,17852000.00,0.00,DOT,,V0330 V0750 V0262
HWPR26Q1,HW-0200,17852000.00,0.00,DOT,,V0203 V0530
HWPR26QX,HW-0200,17852000.00,0.00,DOT,,V0155 V0019
HWPRINSTL,HW-0200,121634000.00,0.00,DOT,,V0216 V0035
HWPRREHAB,HW-0200,706974000.00,0.00,DOT,,V0931
HWPSMGANC,HW-0001,635000.00,0.00,DOT,,V0907 V0122 V0401
HWQ100SBS,"HW-0001Q, HW-1684 , HW-D103 , HW-Q001",2261900.00,373900.00,DOT,,V0289
HWQ1148,"HW-0061 , HW-1148",32660000.00,0.00,DOT,,V0982 V0938 V0086
HWQ1190,HW-0001Q,21029000.00,2066000.00,DOT,,V0120
HWQ1190D,HW-0001Q,79632000.00,0.00,DOT,,V0312 V0977 V0529
HWQ1192,HW-0001Q,1500000.00,0.00,DOT,,V0289 V0408 V0169
HWQ1208,HW-0001Q,10000000.00,0.00,DOT,,V0399
HWQ1212,"HW-0001Q, HW-D103",17085000.00,0.00,DOT,,V0274 V0977
HWQ1500,TF-0502,4000000.00,0.00,DOT,,V0668 V0245
HWQ49STWF,"PU-0200 , PU-0200",1717000.00,0.00,DOT,,V0248 V0138
HWQ985A,HW-0988,4000000.00,0.00,DOT,,V0535 V0384
HWQBULB1,HW-0001Q,35583000.00,0.00,DOT,,V0500 V0379 V0626
HWQF031C,HW-0003,347570.00,85850.76,DOT,,V0975 V0481 V0377
HWQF041,HW-0003,7796000.00,0.00,DOT,,V0421
HWQF12ST,HW-0003,2500000.00,0.00,DOT,,V0203 V0155
HWQF2002V,HW-0003,1596505.64,1360505.64,DOT,,V0209 V0431 V0652
HWQF4200V,HW-0003,227000.00,0.00,DOT,,V0784 V0136 V0973
HWQF5850,HW-0003,317000.00,0.00,DOT,,V0490
HWQFFRTN,HW-0003,330422.91,306422.91,DOT,,V0002 V0604
HWQFGYWF,"PU-0200 , PU-0200",4611000.00,0.00,DOT,,V0314 V0009
HWQFHVAC,HW-0003,187790.00,185790.00,DOT,,V0038
HWQFRESHP,HW-0003,1891000.00,0.00,DOT,,V0837 V0049
HWQFSW033,HW-0003,5253838.00,1426038.21,DOT,,V0516 V0145
HWQHUXWF,"PU-0200 , PU-0200",1435000.00,0.00,DOT,,V0189
HWQJA11CM,HW-0001Q,15970000.00,0.00,DOT,,V0898 V0457
HWQMASPET,HW-0003,94000000.00,0.00,DOT,,V0056
HWR00513,HW-D104,1500000.00,0.00,DOT,,V0972
HWR705,"HW-0001 , HW-0001K",7678000.00,0.00,DOT,,V0289 V0475 V0489
HWR706,"HW-0001R, HW-0200 , TF-0502",1652000.00,0.00,DOT,,V0086 V0649 V0146
HWR707,HW-0001R,15000000.00,0.00,DOT,,V0943 V0414 V0852
HWR709,HW-0001R,7786000.00,0.00,DOT,,V0361 V0546
HWR72017,HW-R005,250000.00,0.00,DOT,,V0278 V0593 V0183
HWR919A,"HW-0200 , HW-0919 , HW-D104 , TF-0002 , TF-0502",25038000.00,0.00,DOT,,V0780 V0019
HWR920,HW-0001R,500000.00,0.00,DOT,,V0189 V0975
HWR921,HW-0988,24000000.00,0.00,DOT,,V0544 V0209 V0849
HWRAP07,HW-0349,181498374.41,114714374.41,DOT,,V0494 V0118 V0750
HWRBENTWF,"PU-0200 , PU-0200",1369000.00,0.00,DOT,,V0208 V0187 V0146
HWRFRTWF,"PU-0200 , PU-0200",1356000.00,0.00,DOT,,V0122
HWS2026X,"HW-0200 , P -1331",8070000.00,0.00,DOT,,V0943 V0540
HWSAFTR,HW-0988,8918000.00,0.00,DOT,,V0376 V0441 V0681
HWSCD50,HW-D104,3000000.00,0.00,DOT,,V0878 V0835 V0726
HWSIFLEET,HW-0003,1565000.00,0.00,DOT,,V0247
HWSTEP04,"HW-0211 , HW-0211",1122000.00,0.00,DOT,,V0146 V0183 V0877
HWTSQI,HW-1684,8997000.00,0.00,DOT,,V0155 V0155
HWWATER37,W -0013,3829489.60,943664.60,DOT,,V0248
HWX132WF,"PU-0200 , PU-0200",4055000.00,0.00,DOT,,V0248 V0150 V0168
HWX149WF,"PU-0200 , PU-0200",428000.00,0.00,DOT,,V0203 V0198
HWX711,HW-0001X,2625000.00,0.00,DOT,,V0464
HWXBSAVWF,"PU-0200 , PU-0200",711000.00,0.00,DOT,,V0248 V0591 V0002
HWXFSCWF,"PU-0200 , PU-0200",855000.00,0.00,DOT,,V0870 V0722 V0155
HWXS711,,140000.00,140000.00,DOT,,V0311 V0604
ITSBELTPK,TF-0001,6647659.00,4139509.08,DOT,,V0289 V0389 V0490
ITSJACKPK,TF-0001,3886853.73,0.00,DOT,,V0009
ITSKOREAN,TF-0001,2425225.86,2194411.58,DOT,,V0130
JAMASTPLZ,ED-0075,14451511.27,10573534.10,DOT,,V0648
MOLHYBRID,FA-0313,14040000.00,0.00,DOT,,V0733
MOLINARFB,FA-0313,6670000.00,0.00,DOT,,V0794
MOLRETROF,FA-0313,12791577.17,7539369.44,DOT,,V0387 V0146
NDF-BSRTP,ED-0384,900000.00,0.00,DOT,,V0860 V0550 V0809
NDF-CCIMP,ED-0384,500000.00,0.00,DOT,,V0045 V0122
NDF-IWEIS,ED-0384,2000000.00,0.00,DOT,,V0929 V0465
P11WALLST,FA-0021,7342000.00,0.00,DOT,,V0878 V0877 V0308
P-2ASPHLT,"P -1018 , P -K011",1261000.00,0.00,DOT,,V0202 V0248
P-310CYPP,P -1018,86000.00,0.00,DOT,,V0179 V0904 V0562
P-4FPKDRR,P -D019,352000.00,0.00,DOT,,V0056 V0337 V0784
P-4PASAIR,"P -0508 , P -0508",425000000.00,0.00,DOT,,V0074 V0735 V0473
P-502EBRD,P -1018,183000.00,0.00,DOT,,V0184
PIER1WHAR,FA-0021,15269000.00,0.00,DOT,,V0288 V0540 V0572
PIER2WHAR,FA-0021,15000000.00,0.00,DOT,,V0562
P-PAINT1,P -0508,7659000.00,0.00,DOT,,V0150 V0514 V0349
P-PAINT2,P -0508,6948000.00,0.00,DOT,,V0057 V0596 V0288
QB2HAZMIG,BR-0231,38644000.00,0.00,DOT,,V0812
QUEENSCWH,ED-Q384,75000.00,0.00,DOT,,V0056 V0652 V0026
REALTIMPS,TF-0001,58862000.00,0.00,DOT,,V0146 V0057 V0443
RTPIFY19,"TF-0001 , TF-D005 , TF-K001",10716980.00,7161983.93,DOT,,V0248
RTPIFY20,"TF-0001 , TF-D005 , TF-K001 , TF-X001",6436000.00,0.00,DOT,,V0487 V0122 V0576
S248-423B,S -0248,96000.00,0.00,DOT,,V0189 V0320
SANDCONDU,HW-0003,2671000.00,42532.32,DOT,,V0035 V0118
SANDHB001,HB-0215,70943083.42,70737781.55,DOT,,V0870 V0604 V0155
SANDHW27,HW-0001M,3226000.00,0.00,DOT,,V0274
SANDRF09,"FA-0026 , FA-0026",3020056.55,2979954.59,DOT,,V0217
SANDRF11,FA-0021,33176447.96,825187.37,DOT,,V0289 V0189 V0209
SANDSIFMF,FA-0021,802087.78,460087.78,DOT,,V0190 V0035
SEEDAAMUP,HW-0001K,120000000.00,0.00,DOT,,V0735 V0644
SEEDHWP1,HW-0001M,175000000.00,0.00,DOT,,V0756 V0619
SEEDHWQ1,"HW-0001 , PV-0467",20922000.00,0.00,DOT,,V0115 V0351
SEEDHWQ2,HW-0001,10000000.00,0.00,DOT,,V0146 V0035
SEEDHWQ3,HW-0001,70000000.00,0.00,DOT,,V0056 V0652
SEEDHWQ4,HW-0001,30000000.00,0.00,DOT,,V0485 V0787
SEEDHWQ5,HW-0001,10000000.00,0.00,DOT,,V0579 V0155
SEEDHWQ6,HW-0001,13000000.00,0.00,DOT,,V0189
SEEDHWQ7,HB-0215,79000000.00,0.00,DOT,,V0187 V0272
SEEDHWX01,HW-0001X,18500000.00,0.00,DOT,,V0035 V0203 V0475
SEEDHWX02,HW-0001X,50000000.00,0.00,DOT,,V0559 V0482
SEEDHWX03,HW-0001X,42000000.00,0.00,DOT,,V0410
SEEDHWX04,HW-0001X,27000000.00,0.00,DOT,,V0866
SEEDHWX05,HW-0001X,34000000.00,0.00,DOT,,V0035 V0086 V0877
SEEDHWX06,HW-0001X,15000000.00,0.00,DOT,,V0009 V0203 V0379
SEEDHWX07,HW-0001X,21300000.00,0.00,DOT,,V0035 V0651 V0209
SIGNALSF3,TF-0001,41986406.86,36731894.23,DOT,,V0736
SIGNALSF4,"TF-0001 , TF-0CH1",71133000.00,0.00,DOT,,V0475 V0118
SIGNALSVZ,"TF-0001 , TF-0CH1",48715471.00,8485135.10,DOT,,V0722 V0982 V0970
STEFFSCMV,TF-0001,2441000.00,0.00,DOT,,V0096
STGBUSRAM,FA-0021,1481000.00,0.00,DOT,,V0118 V0168
STGTCHILL,FA-0021,2222000.00,0.00,DOT,,V0665 V0225
STGTELPAN,FA-0021,1300672.40,606672.40,DOT,,V0632 V0485
STGWIRERP,"FA-0021 , FA-0021",8982136.01,8815250.74,DOT,,V0146 V0035 V0002
TD19RFRE3,TD-0019,2826000.00,0.00,DOT,,V0371 V0289 V0216
TF012026,"TF-0001 , TF-0CH1",39999000.00,0.00,DOT,,V0579 V0520
TF01APS,TF-0001,108962000.00,0.00,DOT,,V0562 V0035 V0144
TF01RLC6,TF-0001,230126000.00,0.00,DOT,,V0351 V0122
TF01RUDA,TF-0001,11379000.00,0.00,DOT,,V0455
TF01TPM23,TF-0001,57221621.14,30942332.76,DOT,,V0475 V0074
TF01VARMS,TF-0001,11026641.00,1151734.77,DOT,,V0086
TF072017,TF-Q503,500000.00,0.00,DOT,,V0155 V0006
TF18BRIDG,TF-0018,1000000.00,0.00,DOT,,V0122 V0700
TF18JE190,TF-0018,1098000.00,0.00,DOT,,V0248
TF18-JGH,TF-0018,9651392.99,84392.99,DOT,,V0150
TF18-LUMP,TF-0018,5832000.00,0.00,DOT,,V0540 V0342
TF50308,TF-0503,685000.00,0.00,DOT,,V0139 V0540
TF50309,TF-0503,29000.00,0.00,DOT,,V0203 V0245 V0672
TF50310,TF-0503,36000.00,0.00,DOT,,V0336 V0958 V0065
TF50311,TF-0503,256272.00,115272.00,DOT,,V0769
TF50312,TF-0503,660000.00,0.00,DOT,,V0289 V0834 V0923
TF50313,TF-0503,373259.00,217259.00,DOT,,V0289 V0801
TF50316,TF-0503,200000.00,0.00,DOT,,V0057 V0626 V0203
TF50318,TF-0503,450000.00,0.00,DOT,,V0306 V0877 V0312
TF50319,TF-0503,450000.00,0.00,DOT,,V0411 V0183
TF50320,TF-0503,2000000.00,0.00,DOT,,V0684 V0155
TFAPEDSY4,TF-0001,163475623.70,114509107.66,DOT,,V0074
TFAPEDSY5,TF-0001,217000000.00,0.00,DOT,,V0540 V0209 V0035
TFCORRBA2,TF-0CH1,17280000.00,0.00,DOT,,V0818 V0562
TFCORRBAS,TF-0001,7223984.00,5425428.41,DOT,,V0480
TFCPARKLG,TF-0503,37340836.55,26285453.58,DOT,,V0338
TFCWSBST,TF-0001,3556617.00,1332677.59,DOT,,V0771 V0491 V0002
TFD503-04,TF-D503,560316.99,484206.99,DOT,,V0135 V0470 V0878
TFD503-07,TF-D503,60000.00,0.00,DOT,,V0879 V0892
TFD503-17,TF-D503,61742.00,59742.00,DOT,,V0209
TFD503-20,"TF-D503 , TF-M503",556608.68,489608.68,DOT,,V0527 V0183 V0245
TFD503K23,TF-D503,2001877.76,1771631.76,DOT,,V0178
TFD503K26,TF-D503,461167.94,268167.94,DOT,,V0118 V0652 V0054
TFD503KCD,TF-D503,279633.00,272633.00,DOT,,V0710 V0490 V0247
TFD503M24,TF-D503,589308.48,581111.48,DOT,,V0351 V0274
TFD503M27,TF-D503,225000.50,217000.50,DOT,,V0688
TFD503M29,TF-D503,433897.25,223683.00,DOT,,V0677 V0208 V0045
TFD503M30,TF-D503,435000.00,0.00,DOT,,V0203 V0002
TFD503M31,TF-D503,464011.00,39767.00,DOT,,V0208 V0130
TFD503M33,TF-D503,249991.00,48428.00,DOT,,V0890 V0189 V0130
TFD503M34,TF-D503,80000.00,0.00,DOT,,V0604 V0150
TFD503M35,TF-D503,325000.00,0.00,DOT,,V0533
TFD503M36,TF-D503,75000.00,0.00,DOT,,V0009
TFD503Q29,TF-D503,703110.40,613527.65,DOT,,V0487
TFD503Q32,TF-D503,804769.00,451590.86,DOT,,V0150 V0035 V0253
TFD503Q33,TF-D503,1187385.50,1177149.50,DOT,,V0247
TFD503X21,TF-D503,200184.00,66129.00,DOT,,V0368 V0208 V0540
TFK50308,TF-K503,61673.70,60673.70,DOT,,V0976 V0372
TFK50312,TF-K503,222529.00,221529.00,DOT,,V0086
TFK50313,TF-K503,290000.00,0.00,DOT,,V0142 V0035
TFKVANDMD,TF-K503,622332.00,442035.70,DOT,,V0054 V0240
TFLGAVEU,TF-0503,508000.00,0.00,DOT,,V0562
TFLTURNSG,"TF-0001 , TF-0CH1",10932000.00,0.00,DOT,,V0877 V0693 V0074
TFLUMP,"TF-0001 , TF-0503 , TF-D004",105862000.00,0.00,DOT,,V0527 V0490
TFM50311,TF-M503,450000.00,3000.00,DOT,,V0312
TFM50316,TF-M503,315650.24,121934.24,DOT,,V0072 V0151 V0826
TFM50320,"TF-D503 , TF-M503",2475000.00,0.00,DOT,,V0485
TFM50321,"TF-D503 , TF-M503",300000.00,0.00,DOT,,V0577 V0608
TFMARKLMP,TF-0001,106961000.00,0.00,DOT,,V0475 V0248 V0006
TFPEDCDW3,TF-0001,4153990.00,3783880.00,DOT,,V0187
TFPOWCURB,TF-0001,32028000.00,0.00,DOT,,V0878
TF-RELITE,TF-0503,331479000.00,0.00,DOT,,V0363
TFSBIKEPK,TF-0001,15844000.00,0.00,DOT,,V0026
TFSPDCAM2,TF-0001,99734000.00,0.00,DOT,,V0086 V0562 V0144
TFWHSBSRT,TF-0001,1707413.00,1521413.00,DOT,,V0604
TFX50301,TF-X503,827640.87,569640.87,DOT,,V0439 V0150
TYPLREP,"P -0705 , TF-0503",600000.00,0.00,DOT,,V0365
TYPLSGM,"TF-0001 , TF-0CH1",6480000.00,0.00,DOT,,V0652 V0056
VANCRTLD,HW-0003,3162000.00,0.00,DOT,,V0572 V0261 V0963
W147LIGH,TF-M503,97525.00,0.00,DOT,,V0174 V0200 V0965
WB2HAZMIG,BR-0253,66679000.00,0.00,DOT,,V0730 V0757 V0277
WHAMBEACH,HW-D103,597000.00,0.00,DOT,,V0678 V0155
WHTGIRDS2,FA-0021,2750000.00,0.00,DOT,,V0794 V0035 V0017
WHTGIRDS3,FA-0021,3000000.00,0.00,DOT,,V0137 V0476
BRC231F,BR-0231,415247722.83,372802725.12,DOT,DOT,V0485
BRC253D,"BR-0253 , BR-0253",205295766.04,86118856.13,DOT,DOT,V0522
BRC270D,BR-0270,375902481.21,349177831.07,DOT,DOT,V0321 V0612
BRKA24039,"HB-0215 , HB-1012",499322490.04,5642308.97,DOT,DOT,V0689 V0068 V0572
BRX2110,HB-0215,21906126.85,965133.87,DOT,DOT,V0245
BRX287BS,,349489.82,180873.62,DOT,DOT,V0274
BRX9579,"HB-0215 , HB-1070 , TF-0002 , TF-0502",121872422.47,20060321.95,DOT,DOT,V0777
HB1070BR,HB-1070,16757577.69,115172.59,DOT,DOT,V0026 V0964 V0321
HB1070QN,HB-1070,22394356.58,8603867.76,DOT,DOT,V0074 V0174 V0877
HBBA06672,HB-6672,145749085.66,2941948.01,DOT,DOT,V0514 V0130
HBBA24138,"P -0508 , P -0508",41466996.64,880383.24,DOT,DOT,V0752 V0122
HBBA24245,"HB-0215 , HB-1012",26143362.58,1410644.69,DOT,DOT,V0183 V0745
HBCR03B,"HB-0215 , HB-0215 , TF-0502",60541064.55,33104629.27,DOT,DOT,V0290 V0475 V0540
HBCR16,HB-0215,24543880.67,18250703.16,DOT,DOT,V0460 V0476
HBCR21A,"HB-0215 , HB-1012",43720601.08,22077447.02,DOT,DOT,V0351 V0487
HBCR21B,"HB-0215 , HB-1012 , P -1018 , P -1018",35898440.11,11582558.32,DOT,DOT,V0572 V0312
HBCR22A,HB-0215,34399243.45,2682715.73,DOT,DOT,V0026 V0692 V0289
HBCR22B,HB-0215,42533309.29,2789210.51,DOT,DOT,V0187 V0035
HBCR23A,HB-0215,76759553.00,2294185.62,DOT,DOT,V0187 V0443
HBCR23B,HB-0215,24700896.77,2049846.04,DOT,DOT,V0540 V0035 V0245
HBK1205,"HB-1012 , HB-1205 , TF-0502",94803630.58,45003298.70,DOT,DOT,V0062
HBK244120,"P -0508 , P -0508",28745517.72,2113233.26,DOT,DOT,V0379 V0746
HBK4470,"HB-0215 , HB-1070",62451498.12,2118860.57,DOT,DOT,V0485 V0878
HBK530,"HB-0530 , HB-0530",49479280.50,3216255.12,DOT,DOT,V0035
HBKA23308,"HB-1012 , HB-1028 , TF-0502",44560153.95,5526728.94,DOT,DOT,V0490 V0056
HBKA24310,HB-4310,49612645.78,2240339.52,DOT,DOT,V0174 V0150
HBM1147,"HB-0215 , HB-1147",171512657.76,96756871.19,DOT,DOT,V0143 V0002
HBM1165,"HB-1012 , HB-1165",176994821.11,133313239.30,DOT,DOT,V0289 V0335 V0562
HBM1189,"HB-1165 , HB-1189 , P -0508 , P -0508",203696241.26,106692410.76,DOT,DOT,V0365 V0209 V0896
HBM1221,HB-1221,924199.48,905487.48,DOT,DOT,V0122 V0896 V0144
HBM551,"HB-0551 , TF-0002 , TF-0502",57099374.72,52188823.19,DOT,DOT,V0487
HBM702990,"P -0245M, P -0861 , P -0861",19695977.83,330602.16,DOT,DOT,V0878 V0443
HBM8650,HB-0215,145797926.73,9462464.57,DOT,DOT,V0877 V0803
HBMA22934,HB-2934,54784870.01,1819945.92,DOT,DOT,V0872
HBMA23216,"P -1018 , P -1018",117342653.62,7546111.32,DOT,DOT,V0562 V0474 V0274
HBMA24501,"HB-0215 , HB-1012",78549033.57,851394.28,DOT,DOT,V0139 V0684
HBMA24544,"HB-0215 , HB-1012",51103176.23,1526158.48,DOT,DOT,V0924
HBMA26724,HB-1078,470055795.57,6749300.34,DOT,DOT,V0216
HBMFDNY20,HB-0215,57607040.44,2600855.30,DOT,DOT,V0570 V0199
HBPK17K,P -0956,29223796.36,17838111.89,DOT,DOT,V0248
HBPK27K,P -0507,28058827.49,14157353.59,DOT,DOT,V0376 V0596
HBQ1114,HB-1114,112139189.17,5781728.15,DOT,DOT,V0026 V0354
HBQ1115,"HB-1012 , HB-1115",85619383.52,11877530.77,DOT,DOT,V0278 V0572
HBQ1203,"HB-1203 , TF-0002 , TF-0502 , TF-0502",171000163.93,151457863.10,DOT,DOT,V0063 V0169 V0455
HBQ49AV,"HB-0431 , HB-1012",110856294.32,3456766.37,DOT,DOT,V0538 V0943
HBQA23081,"HB-0215 , HB-1012",43830453.13,3063903.40,DOT,DOT,V0403
HBQA23176,HB-1173,42770028.09,1057113.36,DOT,DOT,V0509
HBQA24750,HB-1141,72466394.00,1834641.56,DOT,DOT,V0074
HBQA24815,"HB-0215 , HB-1012",66449272.01,2265311.17,DOT,DOT,V0245 V0877
HBQA26614,"HB-0215 , HB-1012",74618041.99,3826749.73,DOT,DOT,V0832
HBR249730,"P -0508 , P -0508",7562359.79,584449.99,DOT,DOT,V0223
HBRA24939,"HB-1012 , HB-4939",10824360.92,928444.14,DOT,DOT,V0160 V0291
HBRA24982,HB-4982,10990209.33,850948.65,DOT,DOT,V0118 V0289
HBRIBIKE,HW-D102,150000.00,0.00,DOT,DOT,V0155 V0002 V0604
HBX1103,HB-1103,49977919.28,1962170.05,DOT,DOT,V0572 V0248
HBX1127,HB-1127,67909013.99,3913402.07,DOT,DOT,V0497 V0133 V0465
HBX1131,HB-1131,325056441.17,297418054.32,DOT,DOT,V0368 V0476 V0351
HBX1148B,HB-1148,558663988.04,9907055.23,DOT,DOT,V0385 V0521
HBX1190,HB-1190,93354294.46,28552750.11,DOT,DOT,V0570
HBX1215,"HB-0215 , HB-1012 , HB-4174 , TF-0002",23053164.04,19956148.18,DOT,DOT,V0652 V0607
HBX1460,"HB-0215 , HB-4146",150995238.74,9458837.55,DOT,DOT,V0009
HBX156,HB-7003,65184584.09,1856406.78,DOT,DOT,V0487 V0312 V0604
HBX163,"HB-0163 , HD-0098 , SE-0002X",24511081.13,20355106.78,DOT,DOT,V0490 V0006
HBX1670,HB-0167,11429337.73,9842569.50,DOT,DOT,V0664
HBX180,"HB-0215 , HB-1010",39584298.96,24534605.31,DOT,DOT,V0188 V0862
HBX644S,HB-0644,72964069.86,66427016.61,DOT,DOT,V0487
SANDHB2U,HB-0215,95375108.98,8859220.63,DOT,DOT,V0963
P-3RVOVER,P -0508,348300176.09,5481604.50,DOT,"DOT, DPR",V0158 V0540
HBQ8019,HB-0215,66576563.84,931106.76,DOT,DOT,V0596
HBQ231720,HB-0215,23556400.29,100000.00,DOT,DOT,V0351
HBQ231710,HB-0215,24822717.22,100000.00,DOT,DOT,V0983 V0057 V0308
HBM245080,HB-0215,36096360.77,832797.54,DOT,DOT,V0312 V0274
HBM245070,HB-0215,35607936.04,993125.47,DOT,DOT,V0540
HBM24064,HB-0215,34356000.00,0.00,DOT,DOT,V0462
HBM1212,"HB-1212 , HW-0001M, HW-0200 , TF-0002 , TF-0002",29631436.36,27349436.36,DOT,DOT,V0183 V0174
HBM1027,HB-1027,163686831.12,144888805.95,DOT,DOT,V0422 V0460
HBKA24371,HB-0215,24107000.00,0.00,DOT,DOT,V0949 V0710 V0009
HBK1201,HB-1201,101055867.27,96887441.09,DOT,DOT,V0056 V0469
HBK1023,HB-1023,325940057.77,308654814.36,DOT,DOT,V0475 V0462 V0429
HBCR02B,HB-0215,39454297.33,34791541.49,DOT,DOT,V0634 V0341
HB1070MD,HB-1070,63674400.00,711194.58,DOT,DOT,V0540
WHTLBRIDG,FA-0021,5400188.00,639347.15,DOT,DOT,V0424 V0475 V0749
TRANSBCTY,FA-0021,15410931.73,1017961.40,DOT,DOT,V0604
SANDRF07,FA-0021,22767593.36,741100.46,DOT,DOT,V0075
SANDRF05,FA-0313,278207335.66,245912086.35,DOT,DOT,V0045 V0167 V0822
FVESSGANR,FA-0021,4051820.31,2276590.08,DOT,DOT,V0663 V0312 V0483
FMFVARNR,FA-0026,15392602.68,1425998.24,DOT,DOT,V0705
FBENVCOM,FA-0021,8775272.48,1964077.09,DOT,DOT,V0274 V0840
FAUREABRG,FA-0021,5130191.94,4630942.32,DOT,DOT,V0685 V0356 V0963
FATERMTBC,FA-0021,5249635.94,177923.15,DOT,DOT,V0449
FASGTRCN,FA-0021,19122164.08,1053099.60,DOT,DOT,V0223 V0086
FASEAWALL,FA-0021,4020641.14,925169.10,DOT,DOT,V0846 V0032
C5586,FA-0313,14141105.95,1767062.02,DOT,DOT,V0403 V0485 V0035
HWXHUTCH,HW-0001X,103878000.00,0.00,DOT,DOT,V0338
HWQ788,HW-0788,27578041.01,125041.01,DOT,DOT,V0045
SEQUEENS,HW-0001Q,4595000.00,0.00,DOT,DOT,V0562 V0035
HWQEDGM1,HW-0001,30071000.00,0.00,DOT,DOT,V0274 V0679 V0824
HWQ789,HW-0001Q,22147041.52,155943.23,DOT,DOT,V0247 V0157
HWQ1203,"HW-0001 , HW-0001K",8928000.00,0.00,DOT,DOT,V0197
HWQ1202,"HW-0001Q, HW-D103",90118000.00,0.00,DOT,DOT,V0214
HWQ1200,"HW-0001Q, HW-D103 , HW-Q001",80049328.41,279289.76,DOT,DOT,V0986 V0460
HWQ1199,HW-0001Q,5289000.00,0.00,DOT,DOT,V0714 V0183
HWKMGB,"HW-0001K, SE-0200K, WM-0001",24300000.00,0.00,DOT,DOT,V0026 V0150
HWK00502,"HW-0001M, TF-K005",5970424.07,69217.64,DOT,DOT,V0009
HWK002392,HW-0001K,27850000.00,0.00,DOT,DOT,V0569 V0134
HWMM009,"HW-0001M, HW-1684 , HW-D102 , HW-M002",258590.00,203090.00,DOT,DOT,V0130 V0056 V0183
HWPLZ010M,"HW-0001M, HW-1684 , HW-1684 , HW-D102",33100.70,33100.70,DOT,DOT,V0587 V0936 V0519
HBK243140,HB-0215,30743000.00,0.00,DOT,DOT,V0874
HBQ231620,HB-0215,44510000.00,0.00,DOT,DOT,V0274
HWD102M01,HW-D102,400000.00,0.00,DOT,DOT,V0862
HWD103Q01,HW-D103,280000.00,0.00,DOT,DOT,V0209 V0014
HWD105X01,HW-D105,350000.00,0.00,DOT,DOT,V0986 V0878 V0245
HWK2048B,HW-0001K,13142000.00,0.00,DOT,DOT,V0002 V0738
HWPLZ016Q,HW-0001Q,15000000.00,0.00,DOT,DOT,V0670
HWPLZ019M,HW-1684,0.00,0.00,DOT,DOT,V0148 V0045
HWQ1209,"HW-0001Q, HW-Q001 , PU-0200",1162000.00,0.00,DOT,DOT,V0043 V0118 V0518
HWQ631B2,HW-0001Q,57607000.00,0.00,DOT,DOT,V0733 V0092
HWX415,HW-0001X,6851000.00,0.00,DOT,DOT,V0011
HWX416,HW-0001X,17811000.00,0.00,DOT,DOT,V0004 V0122 V0649
HWM1689,HW-0001M,20000.00,20000.00,DOT,DOT,V0485 V0122
SEEDQSTWY,"ED-0384 , HW-0001 , TF-Q503",33000000.00,0.00,DOT,DOT,V0708 V0035 V0130
HWQ1211,HW-0001Q,29000000.00,0.00,DOT,DOT,V0540 V0553
P-102DELV,,147103.97,147103.97,DPR,,V0002 V0351
P-108KHC1,"P -1018 , P -I001 , PW-DN792, PW-XN792",0.00,0.00,DPR,,V0146 V0485
P-1CPIFIN,"P -1018 , P -I001",4782000.00,0.00,DPR,,V0289 V0813
P-218MPSW,"P -D017 , P -I001",1900000.00,0.00,DPR,,V0351 V0443
P-2BUSHDE,P -1018,30488000.00,0.00,DPR,,V0144 V0351 V0562
P-2CPIHAT,"P -1018 , P -I001",4782000.00,0.00,DPR,,V0552 V0747 V0274
P-313ARDR,P -0245M,14330000.00,0.00,DPR,,V0174 V0280
P-3CPIREN,"P -1018 , P -I001",4782000.00,0.00,DPR,,V0663 V0003 V0562
P-3W69SB2,"P -0245M, P -0245M, P -1018 , P -1018 , P -I001",9730915.46,6702797.21,DPR,DPR,V0817 V0930 V0501
P-101BPAR,"P -D021 , P -X245",1578050.31,1380783.40,DPR,DPR,V0206 V0216 V0485
P-314RPDR,"P -0245M, P -I001",1249770.15,1119522.20,DPR,DPR,V0543 V0652
P-411APE2,"P -0506 , P -1018 , P -Q002",30270313.09,28932487.26,DPR,DPR,V0647
P-4QMULT2,"P -D019 , P -I001",3431415.00,1600938.05,DPR,DPR,V0118
P-1CROT13,"P -0245X, P -1018 , P -1018 , P -1250 , P -I001 , WM-0011",46367499.12,29898866.96,DPR,DPR,V0114
P-217D017,"P -D017 , P -K011",7777821.41,6756814.21,DPR,DPR,V0443 V0624
P-413IDL3,"ED-0075 , P -0245Q",1763495.10,1178833.98,DPR,DPR,V0793 V0221 V0960
SANDY4-10,"P -1018 , P -1018 , P -I001",15619929.16,6202058.98,DPR,DPR,V0057 V0245 V0274
P-301VIE2,P -1018,82099.36,60549.56,DPR,DPR,V0187 V0086 V0521
SANDY3-11,P -1018,2450158.59,2319731.51,DPR,DPR,V0174
P-2CIWALK,"P -1018 , P -1245 , P -I001 , TF-0502",12759856.55,1285529.28,DPR,DPR,V0383 V0349 V0012
IDA21-16,"P -1018 , P -I001",1459000.00,0.00,DPR,DPR,V0454
P-1PDSMRC,"P -0506 , P -1018 , P -I001",20162037.90,9642716.60,DPR,DPR,V0793 V0245
P-2PDSSRC,"P -0506 , P -1018 , P -I001",15282611.36,7899188.56,DPR,DPR,V0043 V0572
P-3PDHBRC,"P -0506 , P -1018 , P -1250 , P -D018 , P -I001",71699926.26,31846094.77,DPR,DPR,V0643
P-3PDTDRC,"P -0506 , P -1018 , P -I001",17046631.85,7697455.80,DPR,DPR,V0711 V0130 V0289
P-4PDLBRC,"P -0245Q, P -1018 , P -I001",27281910.45,25658873.38,DPR,DPR,V0560 V0365 V0189
P-2PDBRC2,"P -1018 , P -I001",21978457.45,8325513.88,DPR,DPR,V0572 V0057 V0451
P-308MHM2,"P -0245M, P -1018 , P -D018 , P -I001",5596404.00,936696.94,DPR,DPR,V0485 V0627
P-306APMU,"P -I001 , P -M245",2424232.38,2059131.55,DPR,DPR,V0248
P-503SNCS,"P -0245R, P -0505 , P -I001",8260180.02,6202202.19,DPR,DPR,V0229
P-409FPG3,"P -1018 , P -I001 , P -Q245",3152974.24,1106940.05,DPR,DPR,V0075 V0144
SANDY4-21,"P -1018 , P -I001",688721.94,396185.17,DPR,DPR,V0316 V0354
P-218GOLF,"P -D017 , P -K011",2110384.36,1556642.32,DPR,DPR,V0429
P-102HNT2,"P -0501 , P -D021",872000.00,83267.30,DPR,DPR,V0692 V0189 V0521
P-1EDENPG,"P -0245X, P -I001 , P -X245",4904151.16,3882252.48,DPR,DPR,V0095 V0086
P-104HPRM,"P -0245R, P -0822 , P -1018 , P -D021 , P -I001 , P -X245",9012443.20,731944.52,DPR,DPR,V0174 V0026
NDF-DVDSO,ED-0384,10712075.64,4121173.57,DPR,DPR,V0545
P-413JH72,"P -D019 , P -I001 , P -Q245",3550309.18,2106968.11,DPR,DPR,V0122 V0652
P-401SOC3,"P -1018 , P -1018 , P -I001 , P -Q245 , P -Q245",1085000.00,68000.00,DPR,DPR,V0604
SANDY4-08,P -1018,405287.00,95646.62,DPR,DPR,V0247 V0051 V0785
P-108FTFR,"P -0505 , P -I001",4593224.14,4207088.94,DPR,DPR,V0856 V0490
P-415PAVI,"P -0245Q, P -0245Q, P -1018 , P -I001 , P -Q001 , P -Q005 , P -Q138 , P -Q245 , P -Q245 , P -Q708 , P -Q771 , P -Q847",58843966.94,41419296.68,DPR,DPR,V0146 V0074 V0680
P-213WEST,"P -1018 , P -D017 , P -I001 , P -K011 , P -K011 , P -K707",4984443.57,2143467.42,DPR,DPR,V0717 V0130 V0443
P-208LTCS,"P -1018 , P -I001 , P -K011 , P -K707",7657486.66,3063958.42,DPR,DPR,V0641 V0312 V0461
P-5BUNBCH,"P -1018 , P -D020",376407.00,166407.00,DPR,DPR,V0379 V0183 V0945
SANDY5-37,P -1018,1157761.41,1015752.44,DPR,DPR,V0865 V0237
P-6BOIL15,P -1250,1279155.96,621300.21,DPR,DPR,V0877
P-213SCRN,"P -0245K, P -D017",601300.00,601300.00,DPR,DPR,V0642 V0122
P-4RAINE2,"P -1018 , P -I001 , P -Q245",9781047.05,9005342.68,DPR,DPR,V0443 V0541
P-412NAUT,"P -D019 , P -Q245",6359821.24,5262982.23,DPR,DPR,V0251
P-406PG62,"P -D019 , P -I001 , P -Q245",4570003.17,2860733.49,DPR,DPR,V0948 V0872 V0711
P-408HOV2,"P -D019 , P -I001 , P -Q245 , TF-0502",5147181.36,803181.36,DPR,DPR,V0485 V0562
P-414BCAP,"P -D019 , P -I001",3506798.00,2455749.09,DPR,DPR,V0150 V0544
P-205SHNK,"P -1018 , P -I001",6187018.22,5122832.48,DPR,DPR,V0314
P-404CROW,"P -D019 , P -I001 , P -Q245 , TF-0502",4468907.28,2480444.43,DPR,DPR,V0289 V0576
P-401SOC2,"P -D019 , P -I001",6919401.51,5958857.73,DPR,DPR,V0466 V0043
P-303SDRP,"P -D018 , P -I001 , P -M245",6337602.15,964143.86,DPR,DPR,V0241 V0877
SANDY3-12,"P -1018 , P -I001",2600577.90,2414287.59,DPR,DPR,V0146 V0062 V0900
P-2BELTPE,"P -0822 , P -1018 , P -I001",12830692.92,9384355.30,DPR,DPR,V0348 V0654
P-201MCBH,"P -1018 , P -1018",12347293.83,9306066.07,DPR,DPR,V0174 V0150 V0274
P-6TREEP1,"P -0822 , P -1018 , P -I001",27539965.00,25724157.49,DPR,DPR,V0209 V0689
P-6TREEP2,"P -0822 , P -1018 , P -I001",3016029.74,2988894.71,DPR,DPR,V0352
P-206RH02,"P -0245K, P -0245K",1631039.07,146488.08,DPR,DPR,V0443 V0130
P-206RHBF,P -0245K,20397958.98,18568555.88,DPR,DPR,V0404 V0118 V0351
P-206RHBS,"P -0245K, P -0245K, P -1018 , P -I001 , SE-0002K",88950465.69,51207544.75,DPR,DPR,V0835 V0664
P-4BAYMAR,"P -1018 , P -1245",3659899.92,3126641.06,DPR,DPR,V0002 V0187
SANDY4-25,"P -1018 , P -1018 , P -I001",5130107.04,4470385.62,DPR,DPR,V0540 V0588
P-1HCMARI,"P -1018 , P -D021 , P -D021 , PU-0200",659457.83,56212.04,DPR,DPR,V0203 V0208
SANDY1-10,"P -1018 , P -1018 , P -I001",5815605.10,1353253.39,DPR,DPR,V0136 V0002
NDF-CLNKY,"ED-0384 , P -0245K",24543220.21,20190983.52,DPR,DPR,V0562
P-413COV2,"P -1018 , P -Q245",4700806.52,3501377.90,DPR,DPR,V0084
P-3DAGHAM,"P -1018 , P -D018 , P -I001",2636596.18,2417503.63,DPR,DPR,V0803 V0772
P-408CPGA,"P -0704 , P -1018 , P -I001",42734554.96,9658386.85,DPR,DPR,V0815 V0028
P-111ZIMP,"P -1018 , P -D021 , P -I001",7549728.87,4412433.98,DPR,DPR,V0014 V0045 V0096
P-407BTPL,"P -1018 , P -Q245",3819469.37,3626779.60,DPR,DPR,V0118 V0209 V0174
P-3PS155M,"P -D018 , P -I001 , P -M245",4094647.05,2921775.63,DPR,DPR,V0245 V0064
P-218PWMP,"P -D017 , P -I001 , P -K001 , P -K011",516636.47,516636.47,DPR,DPR,V0391 V0562 V0820
P-311HCTR,"P -1250 , P -1250 , P -I001",6744671.45,4692775.52,DPR,DPR,V0475 V0877 V0562
P-110ODFA,"P -0506 , P -I001",378000.00,321029.09,DPR,DPR,V0208 V0884 V0182
P-208SJFA,"P -0506 , P -1018 , P -I001",878413.41,693654.18,DPR,DPR,V0183 V0297
P-309JRFA,"P -1018 , P -1018 , P -I001",144848.25,124026.89,DPR,DPR,V0899 V0351 V0312
P-310ARFA,"P -0506 , P -I001",655200.17,413786.06,DPR,DPR,V0187 V0385 V0822
P-311PFFA,"P -0506 , P -0506 , P -1018 , P -I001",149562.45,0.00,DPR,DPR,V0203 V0102
P-311TJFA,"P -1018 , P -1018 , P -I001",396260.50,178.19,DPR,DPR,V0351 V0652
P-312HBRC,P -0506,116000.00,0.00,DPR,DPR,V0312
P-312JHFA,"P -0506 , P -I001",350436.50,195351.49,DPR,DPR,V0443 V0456 V0086
P-4OLMSFA,"P -0506 , P -1018 , P -I001",452238.24,213035.07,DPR,DPR,V0877 V0195 V0741
P-501FPFA,"P -1018 , P -I001",282318.89,205288.21,DPR,DPR,V0810 V0247
P-501LPFA,"P -1018 , P -I001",420374.95,274116.75,DPR,DPR,V0411
P-502GBFA,"P -0506 , P -1018 , P -I001",427000.00,266023.93,DPR,DPR,V0708 V0678 V0653
P-6FLMMUL,"P -0506 , P -1018",1072162.70,579209.99,DPR,DPR,V0035 V0475 V0877
P-102TOWR,"P -1018 , P -I001",4020803.00,52500.48,DPR,DPR,V0351 V0144 V0269
P-310HIBR,"P -1329 , P -I001",894000.00,0.00,DPR,DPR,V0057
P-6STRUC1,"P -0505 , P -1018 , P -1329 , P -D018",1117325.00,570526.75,DPR,DPR,V0974 V0142
P-5FRES10,"P -0245R, P -1321 , P -I001",5106806.85,4559849.12,DPR,DPR,V0208 V0529 V0647
ACEDPR408,"P -1018 , P -I001",574000.00,208455.05,DPR,DPR,V0112 V0243
P-1HPRCHV,"P -I001 , PU-0025",173000.00,0.00,DPR,DPR,V0136
P-2RHRCHV,"P -I001 , PU-0025",235000.00,0.00,DPR,DPR,V0784 V0597
P-2SJRCHV,"P -I001 , PU-0025",176000.00,0.00,DPR,DPR,V0622
P-3CBRCHV,"P -1018 , P -I001 , PU-0025",305000.00,0.00,DPR,DPR,V0150 V0737 V0183
P-3CHRCHV,"P -1018 , P -I001",180000.00,0.00,DPR,DPR,V0879 V0878
P-3JRRCHV,"P -I001 , PU-0025",393000.00,0.00,DPR,DPR,V0490 V0122 V0877
P-3RICWHV,"P -I001 , PU-0025",173000.00,0.00,DPR,DPR,V0351 V0008 V0045
P-4RWRCHV,"P -I001 , PU-0025",358000.00,0.00,DPR,DPR,V0586 V0247 V0485
P-3ANCH03,"P -0415A, P -I001",5031471.34,3363176.08,DPR,DPR,V0351 V0009
P-5CHARCS,"P -0245R, P -D020 , P -R245",4419029.08,3837466.14,DPR,DPR,V0274
P-3INHILL,"P -D018 , P -I001",9150928.36,6254035.45,DPR,DPR,V0208 V0245
P-206ICKE,"P -1018 , P -K011",4829222.60,4507949.87,DPR,DPR,V0181 V0877 V0011
P-202CBPK,"P -0245K, P -0977 , P -1018 , P -D017 , P -I001 , P -K011",21115002.73,1511292.25,DPR,DPR,V0646 V0551
P-407BLND,"P -D019 , P -Q245",6583180.50,5191450.61,DPR,DPR,V0045 V0190 V0652
P-410SCN2,"P -Q245 , TF-0502",4310723.77,3053417.90,DPR,DPR,V0174 V0365
P-107CPFE,"P -I001 , P -X245",1923798.75,1550123.98,DPR,DPR,V0540
P-102BRPP,"P -D021 , P -I001",1203721.77,162297.57,DPR,DPR,V0026 V0650
P-108SPBC,"P -1250 , P -I001 , P -X245",5408585.47,4473372.97,DPR,DPR,V0600
P-2GATE10,P -0245K,8397091.89,8068642.87,DPR,DPR,V0443
P-405EVE2,"P -0938 , P -D019 , P -I001",5278334.00,791400.38,DPR,DPR,V0684 V0429 V0189
P-2HWRDPL,"P -1008 , P -1008",1258178.23,1257808.08,DPR,DPR,V0567 V0443
P-3DDOKPL,P -1008,1154339.45,1154284.19,DPR,DPR,V0009 V0189 V0072
P-4LIBTPL,P -1008,1282827.44,1282813.71,DPR,DPR,V0486
P-6POOL18,"P -1008 , P -1008 , P -1018",3799564.16,3799470.03,DPR,DPR,V0490 V0572
P-1BILYRF,"P -1249 , P -I001",207800.00,167281.02,DPR,DPR,V0136 V0118 V0877
P-1CHRLRF,P -1249,202147.78,179295.95,DPR,DPR,V0126 V0178 V0146
P-1LZDARF,"P -1250 , P -I001",139100.00,99623.86,DPR,DPR,V0035 V0216 V0443
P-1WKFLRF,"P -1249 , P -I001",126000.00,0.00,DPR,DPR,V0744 V0940 V0667
P-2FRNDRF,P -1249,538934.23,535737.23,DPR,DPR,V0911 V0002
P-4ASTRRF,P -1018,622494.84,597972.84,DPR,DPR,V0127 V0312 V0351
P-4EMLDRF,P -1249,195733.79,142606.79,DPR,DPR,V0222 V0045
P-5SEGNRF,"P -1018 , P -1249",213912.46,138031.87,DPR,DPR,V0146 V0183 V0572
P-213SNPK,"P -1018 , P -D017 , P -I001 , P -K011",8301149.03,3521601.77,DPR,DPR,V0877
P-215KELL,P -1018,14446961.41,11719713.69,DPR,DPR,V0118 V0617
P-2GPWB25,"P -0839 , P -0839 , P -I001 , TF-0502",10612764.57,9149802.45,DPR,DPR,V0247 V0182 V0208
P-202WPDR,"P -0245K, P -K011",928862.53,871165.89,DPR,DPR,V0490
P-206RHSF,"P -0245K, P -0245K, P -I001",25239038.24,6994097.64,DPR,DPR,V0183 V0146 V0413
P-1OWEND3,"P -0506 , P -I001",2899681.31,2100213.71,DPR,DPR,V0059 V0274
P-410BYRN,P -Q245,272300.21,272300.21,DPR,DPR,V0262
HIF-1FSPB,"ED-0075 , P -1018 , P -D021",9455686.29,6914190.06,DPR,DPR,V0036 V0195 V0411
P-415AQUA,"P -0013 , P -0245Q, P -1018 , P -1250 , P -I001",65366472.00,1105897.07,DPR,DPR,V0538
P-215PIER,P -0501,6713427.06,5493767.85,DPR,DPR,V0122 V0323
SANDY2-16,"P -1018 , P -I001",8271436.44,6633320.70,DPR,DPR,V0289 V0002 V0582
P-206RHRC,"P -0506 , P -I001",112215595.83,4588238.92,DPR,DPR,V0836 V0176
SANDY2-28,"P -1018 , P -I001",9723499.00,605983.98,DPR,DPR,V0026 V0595
P-307SAPO,"P -D018 , P -M245",2203415.92,1970085.76,DPR,DPR,V0045 V0086
P-3PIN181,"P -0245M, P -I001",835248.75,201758.07,DPR,DPR,V0770 V0172
P-414RCPR,"P -0822 , P -I001",500000.00,0.00,DPR,DPR,V0216 V0627
SANDY4-39,"P -1018 , P -I001",12207671.35,1280327.58,DPR,DPR,V0289
P-414BC88,"P -1018 , P -D019 , P -D171",961449.98,332919.64,DPR,DPR,V0174 V0720
SANDY4-37,"P -1018 , P -I001",9296404.39,6340569.43,DPR,DPR,V0312 V0088 V0475
SANDY4-38,P -1018,1540981.40,1320205.11,DPR,DPR,V0411 V0549 V0245
P-4SHREPG,P -Q003,644106.28,337969.17,DPR,DPR,V0411 V0042
SANDY4-35,P -1018,6924082.52,6505420.02,DPR,DPR,V0528 V0287 V0764
P-213MBCS,"P -1018 , P -1018 , P -I001",1897000.00,0.00,DPR,DPR,V0122 V0312
P-6CADMAR,"P -0505 , P -1008 , P -1018 , P -1249 , P -I001 , P -K011",2765992.00,407514.55,DPR,DPR,V0165 V0122 V0401
P-4SHRESA,P -Q003,358605.97,250425.66,DPR,DPR,V0485 V0039
SANDY4-44,"P -1018 , P -I001",3770470.87,3314149.68,DPR,DPR,V0003 V0562
P-2COOPCS,"P -0505 , P -I001",2228855.86,1625596.18,DPR,DPR,V0781
P-3QUISCS,"P -0505 , P -I001",2361631.28,1775936.32,DPR,DPR,V0009
P-4BASDCS,P -0505,2232933.12,1781359.69,DPR,DPR,V0709 V0057 V0924
P-5PRALCS,P -0505,2156788.78,1819101.24,DPR,DPR,V0154
P-6ORCAST,"P -0505 , P -1018",2954604.40,2154963.69,DPR,DPR,V0173 V0208 V0365
P-6MSHVAC,"P -0505 , P -1250 , P -1250 , P -I001",7624026.02,5426305.38,DPR,DPR,V0130 V0189 V0146
P-3RNDLGL,"P -0245M, P -I001",491908.00,391190.99,DPR,DPR,V0086
P-405JPSS,"P -1018 , P -Q245",2209942.42,1914278.66,DPR,DPR,V0169
P-6CGDWTR,"P -1018 , P -1018 , P -I001",1060335.02,410963.86,DPR,DPR,V0948 V0416 V0248
P-405RRGH,"P -0245Q, P -0896",5786792.63,2431266.21,DPR,DPR,V0212 V0361 V0430
NDF-HRPCS,"ED-0384 , P -I001",8028412.71,4348654.12,DPR,DPR,V0367
P-405RRIV,"P -0896 , P -I001",3860947.24,2958735.28,DPR,DPR,V0146 V0933 V0169
NDF-GRANT,"ED-0384 , HW-0001M, P -I001 , P -X245 , TF-0502",18605175.25,13430188.19,DPR,DPR,V0045
P-108WWST,"P -D021 , P -I001 , P -X245",4214863.69,3613259.75,DPR,DPR,V0475 V0057
P-106QUAR,"P -0245X, P -I001",7989108.07,5816432.25,DPR,DPR,V0637 V0122
P-415CAND,"P -0245Q, P -1018 , P -D019 , P -I001",4109044.75,482317.30,DPR,DPR,V0209
P-201MCC2,"P -0819 , P -I001",6389382.19,614852.16,DPR,DPR,V0419
P-214UMMA,"P -D017 , P -I001 , P -K011",3504985.85,465723.37,DPR,DPR,V0921
GQGIKISE,"P -0822 , P -I001 , WP-0170",737840.00,626794.39,DPR,DPR,V0146 V0085 V0503
P-5GRNBRC,P -1018,1789865.81,1193094.55,DPR,DPR,V0216 V0074
P-1YANK22,P -1018,1757257.12,1511264.25,DPR,DPR,V0174
P-415FSTF,P -0510,8754698.89,7066533.73,DPR,DPR,V0216 V0572 V0877
P-401SMST,"P -0245Q, P -0510",5596348.71,4162399.07,DPR,DPR,V0057 V0585 V0150
P-306STVA,"P -0245M, P -1018 , P -D018 , P -I001",5706600.00,1000722.49,DPR,DPR,V0443
P-303TPSQ,"P -0245M, P -0926 , P -I001",6915082.64,4917928.79,DPR,DPR,V0208
P-3CPIHLP,"P -0245M, P -I001 , TF-0502",12334414.22,10414496.65,DPR,DPR,V0262
P-503TOTT,"P -1018 , P -I001 , PU-0100 , PU-0200",21166207.93,805959.45,DPR,DPR,V0035
P-104JRME,"P -D021 , P -X245",2931198.10,2661327.29,DPR,DPR,V0487
P-104GBLE,"P -D021 , P -I001",4759309.85,3259250.36,DPR,DPR,V0896 V0308
P-5FABBAS,"P -D020 , P -I001",2883754.02,1813666.50,DPR,DPR,V0187 V0148 V0209
P-207RAIN,P -D017,1977731.02,1764821.15,DPR,DPR,V0380
P-207OPML,"P -1018 , P -D017",4964981.27,3998595.62,DPR,DPR,V0209 V0032
P-400FMCP,P -1018,2400000.00,0.00,DPR,DPR,V0188 V0490 V0002
SANDY4-29,"P -1018 , P -1018 , P -1018 , P -I001",68836909.00,2229838.42,DPR,DPR,V0375 V0540 V0938
P-401APFS,"P -0990 , P -1018 , P -I001",19797672.49,17496807.55,DPR,DPR,V0203 V0604
NDF-MKETT,ED-0384,8874060.54,5824089.41,DPR,DPR,V0652
NDF-DYMAN,ED-0384,5836704.31,4560623.11,DPR,DPR,V0757 V0808 V0945
NDF-IWOOD,"ED-0384 , P -1018 , P -1018 , P -D018 , P -I001",9906981.19,4788515.16,DPR,DPR,V0035 V0183 V0312
P-304CBBC,P -D018,1369039.04,1219313.82,DPR,DPR,V0709
SANDY4-27,"P -1018 , P -1018 , P -I001",1227338.00,164152.76,DPR,DPR,V0683 V0144 V0411
P-500LEM2,P -1018,6000000.00,0.00,DPR,DPR,V0146 V0016
SANDY5-43,"P -1018 , P -1018 , P -I001",12248656.49,1440731.66,DPR,DPR,V0273 V0209 V0804
ACEDPR251,"P -1018 , P -I001 , PU-0025",749000.00,0.00,DPR,DPR,V0411 V0312
ACEDPR252,"P -1018 , P -I001 , PU-0025",399000.00,0.00,DPR,DPR,V0877 V0065
P-6SUSTN1,"P -I001 , PU-0025",2440000.00,1897717.84,DPR,DPR,V0487
P-308EPOA,"P -0501 , P -0501 , P -0501 , P -1018 , P -1018",26038436.73,38440.73,DPR,DPR,V0189 V0074
P-308ERP2,"P -0501 , P -0501 , P -1018 , P -1018 , P -1329 , P -D018 , P -D018 , P -I001 , PU-0200",22360164.00,2405745.58,DPR,DPR,V0652 V0144 V0111
P-306GLIC,"P -0501 , P -I001 , PU-0200",15972000.00,231362.51,DPR,DPR,V0289 V0485
P-414THUR,"P -D019 , P -D171",582999.90,40296.38,DPR,DPR,V0487 V0572 V0562
SANDY4-45,"P -1018 , P -I001",12183272.00,1052838.35,DPR,DPR,V0490
P-1HVMRCS,P -0505,1882335.27,1459659.78,DPR,DPR,V0118
P-306ASLV,"P -0506 , P -1250 , P -D018 , P -M245",5055842.65,287760.72,DPR,DPR,V0248 V0695
SANDY6-08,"P -1018 , P -1018 , P -I001",5758128.95,665980.01,DPR,DPR,V0905 V0183
P-304CPTF,P -D018,1680446.18,921976.87,DPR,DPR,V0228 V0150 V0574
P-309ANUN,P -D018,736202.05,539570.27,DPR,DPR,V0604 V0654
P-501CRPL,"P -D020 , P -I001",4199856.92,3143785.55,DPR,DPR,V0364 V0146
P-110PBSW,P -1018,13000.00,0.00,DPR,DPR,V0312 V0077 V0443
SANDY1-11,"P -1018 , P -1018 , P -I001",11049883.32,855358.39,DPR,DPR,V0465
P-308ERP3,"P -1018 , P -1018 , P -1245 , P -D018 , P -I001 , PU-0100",85749373.00,567000.00,DPR,DPR,V0192 V0354 V0600
P-1WDLNCS,"P -0505 , P -0505 , P -I001",2176040.00,801420.39,DPR,DPR,V0146 V0026 V0487
P-3SHARCS,"P -1018 , P -I001",3198768.68,2561930.69,DPR,DPR,V0144
NDF-MKECS,"ED-0384 , P -I001",6012270.50,5336855.80,DPR,DPR,V0086
P-5ANCH02,"P -1018 , P -I001",29286000.00,724102.32,DPR,DPR,V0510 V0540
P-5ANCH03,"P -1018 , P -1321 , P -I001",6924191.09,420277.87,DPR,DPR,V0351 V0418 V0056
P-3PL14A6,"P -D018 , P -I001 , P -M245",9339000.00,445201.41,DPR,DPR,V0485
P-108TBTF,"P -D021 , P -I001",467000.00,231538.04,DPR,DPR,V0765 V0174 V0958
P-109CHLL,"P -D021 , P -I001",1215000.00,8052.93,DPR,DPR,V0155 V0765
P-110LOCP,"P -1018 , P -I001",140000.00,13514.13,DPR,DPR,V0487 V0365
P-111BXP1,"P -1018 , P -I001",510000.00,3444.55,DPR,DPR,V0685
P-210SRPF,"P -D017 , P -I001",1586000.00,1053384.11,DPR,DPR,V0861 V0289 V0476
P-218BKLN,P -1018,500000.00,0.00,DPR,DPR,V0869 V0404
P-2FRNDFN,"P -D017 , P -I001",915000.00,267.29,DPR,DPR,V0349
P-305USPF,"P -D018 , P -I001",320000.00,14591.25,DPR,DPR,V0118 V0519
P-3SOHAGS,"P -I001 , P -M245",73000.00,28795.80,DPR,DPR,V0046
P-410SBGF,"P -1018 , P -I001",200000.00,0.00,DPR,DPR,V0216 V0045 V0733
P-410TUDO,"P -1018 , P -I001",265000.00,400.93,DPR,DPR,V0067 V0274 V0652
P-4FMCPML,"P -0245Q, P -I001",465000.00,297643.36,DPR,DPR,V0604
P-6FNCE01,"P -1018 , P -I001",354000.00,0.00,DPR,DPR,V0458 V0814 V0411
P-6STRUC2,"P -1008 , P -1018 , P -I001",612615.92,5615.92,DPR,DPR,V0847
P-501LLCS,P -0505,4801075.13,4308593.18,DPR,DPR,V0351 V0248 V0180
P-2BKPAV1,P -1018,4775936.43,2497638.88,DPR,DPR,V0890
P-413READ,P -0245Q,595053.34,557189.35,DPR,DPR,V0121
P-1RNQRMP,"P -1018 , P -I001",6938799.72,1013382.59,DPR,DPR,V0716
P-309JRRC,"P -1250 , P -I001",5191387.87,4143863.62,DPR,DPR,V0981 V0670
P-1CRTMAL,,659871.09,514586.16,DPR,DPR,V0497
P-3RVPFWP,"P -1018 , P -I001",1725193.00,1475320.28,DPR,DPR,V0244
P-3PAVRSP,"P -1018 , P -I001",905000.00,748769.42,DPR,DPR,V0086
P-3RIV105,P -1018,962159.34,900159.34,DPR,DPR,V0878 V0657 V0557
P-3RIV110,"P -1018 , P -I001",365000.00,0.00,DPR,DPR,V0010 V0179
P-3NRGF01,P -I001,1278529.53,887305.19,DPR,DPR,V0604
P-6NRGF01,"P -D019 , P -I001",1180200.00,322229.56,DPR,DPR,V0189 V0175 V0761
P-5BLOOMB,"P -1018 , P -D020 , P -I001 , P -R245",770000.00,615809.46,DPR,DPR,V0118
P-5CLVLKP,"P -0245R, P -1018",2040090.72,1801287.13,DPR,DPR,V0203 V0245 V0282
P-5SOBLPK,"P -1018 , P -I001",216000.00,16000.00,DPR,DPR,V0118 V0072
P-6PAVESI,"P -1018 , P -I001",1935000.00,508033.52,DPR,DPR,V0306
P-4QSTORE,"P -0245Q, P -I001",17062801.72,6599729.44,DPR,DPR,V0245 V0877 V0253
P-3TREL21,"P -1018 , P -I001",14785000.00,13503497.04,DPR,DPR,V0169
P-4TREL21,"P -0822 , P -1018 , P -D822",9775041.62,9326127.95,DPR,DPR,V0689 V0593
SEQ-TREES,"SE-0002Q, SE-0004",8964400.00,1549038.99,DPR,DPR,V0475 V0089
P-4JMMPP2,"P -D019 , P -I001",3400424.28,82387.71,DPR,DPR,V0938 V0312
SANDY4-46,"P -1018 , P -I001",2924592.00,198975.56,DPR,DPR,V0959 V0598
P-2BSKBL1,P -1018,3869786.17,2268063.92,DPR,DPR,V0086 V0155
P-215SPBK,"P -0245K, P -I001",1300000.00,0.00,DPR,DPR,V0443 V0289 V0848
P-1HUNTPT,P -1018,831742.74,640293.38,DPR,DPR,V0080 V0438
P-303ASRC,"P -1018 , P -1018",845452.37,632902.36,DPR,DPR,V0324 V0245 V0796
P-306ASEQ,"P -1018 , P -1249 , P -D018",1516361.31,932711.31,DPR,DPR,V0905 V0337 V0305
P-311TJMP,"P -1018 , P -D018 , P -I001",1024000.00,764536.34,DPR,DPR,V0183
P-3GERCTE,P -I001,442000.00,433192.80,DPR,DPR,V0006 V0798
P-3PFRCRM,"P -1018 , P -D018 , P -D018 , P -I001",791000.00,40057.12,DPR,DPR,V0191 V0955 V0901
P-3REC54E,P -1018,635482.72,384882.72,DPR,DPR,V0519 V0272 V0501
P-3TDCREC,"P -1018 , P -D933",387000.00,218500.00,DPR,DPR,V0951 V0146 V0572
P-5DONGAN,"P -D020 , P -I001",4500443.49,3612995.59,DPR,DPR,V0118
P-402SOHN,"P -D019 , P -Q245",2659871.04,1506949.97,DPR,DPR,V0482 V0718 V0183
P-4CUN210,P -Q936,4393337.71,3866328.59,DPR,DPR,V0702
P-4FRDJPU,"P -D019 , P -I001 , P -Q245",4639881.37,620786.68,DPR,DPR,V0183 V0057 V0002
P-4HCHAND,P -Q245,528699.67,377575.33,DPR,DPR,V0130 V0216
P-4BRKVBB,"P -D019 , P -I001 , P -Q773",6372960.00,4051924.43,DPR,DPR,V0350
NDF-NMKE2,"ED-0384 , P -I001",4146582.00,2761519.37,DPR,DPR,V0342 V0773
P-413LPCT,"P -1018 , P -D019 , P -I001",4943197.00,4341531.35,DPR,DPR,V0720 V0183
P-412DOP3,"P -0245Q, P -1018 , P -D019 , P -I001",6021034.55,682391.07,DPR,DPR,V0155 V0245
P-210JJCP,P -D017,5049108.91,4754917.81,DPR,DPR,V0475
P-218MPOV,P -1018,6725637.17,6725976.41,DPR,DPR,V0609 V0077 V0506
P-2PPESIT,P -1018,1048900.63,818677.11,DPR,DPR,V0638 V0118
P-210VINP,"P -D017 , P -I001",4404284.90,3263041.85,DPR,DPR,V0183 V0485
P-205LIN1,P -D017,4724978.24,4459499.20,DPR,DPR,V0329
P-3COLPCS,"P -0245M, P -D018 , P -I001",16591000.00,922000.00,DPR,DPR,V0234 V0652
P-3BENNSF,"P -I001 , P -M245",1750476.48,1192364.28,DPR,DPR,V0775 V0289
P-108WDLN,"P -1018 , P -D021 , P -I001 , TF-0502",5894180.00,847837.55,DPR,DPR,V0035
P-3W185BC,"P -0245M, P -D018 , P -I001",2545491.00,1141996.85,DPR,DPR,V0877
LIC-CTSQP,"ED-0075 , P -I001 , TF-0502",4920735.31,3027528.49,DPR,DPR,V0057 V0878 V0713
LIC-QNBBP,"ED-0075 , P -I001",3604906.33,2895590.75,DPR,DPR,V0974 V0019 V0056
P-111FFBB,"P -D021 , P -I001",6517500.00,1047266.50,DPR,DPR,V0524
P-4PHIPPS,"P -1018 , P -D019 , P -I001",5999190.00,4921415.64,DPR,DPR,V0604 V0144
P-4ANCH05,"P -0848 , P -1018 , P -I001 , TF-0502",4526852.96,3808244.11,DPR,DPR,V0599 V0553 V0699
P-216CHES,"P -0245K, P -D017 , P -I001",8681685.00,697079.96,DPR,DPR,V0248 V0216 V0374
P-210DOG,P -D017,1326896.14,1120107.04,DPR,DPR,V0878
P-215MBTC,"P -D017 , P -D017",4149623.91,2671124.89,DPR,DPR,V0878
P-5GBRCTF,"P -D020 , P -I001",6560405.59,4652080.81,DPR,DPR,V0056 V0806 V0874
P-1CROALG,"P -0822 , P -I001",738800.00,669632.17,DPR,DPR,V0150
SANDY2-37,"P -1018 , P -I001",2285000.00,287065.95,DPR,DPR,V0830 V0365
P-205LIN2,"P -D017 , P -I001",5372000.00,779962.64,DPR,DPR,V0351 V0562 V0509
P-4CPSLIT,P -Q245,2855147.41,1578687.07,DPR,DPR,V0035
NDF-VHALL,"ED-0384 , P -I001",4293910.00,3592434.49,DPR,DPR,V0045 V0351
IDA21-03,"P -1018 , P -I001",180000.00,0.00,DPR,DPR,V0650
P-409FPAP,"P -D019 , P -I001",4470000.00,2419171.60,DPR,DPR,V0920 V0604 V0838
P-4CROCHP,"P -D019 , P -I001",1216000.00,51618.88,DPR,DPR,V0208 V0567
P-4FMAGDN,,109514.36,103728.82,DPR,DPR,V0194 V0247
P-4HILNDP,P -I001,2600000.00,1360776.06,DPR,DPR,V0045 V0187 V0498
P-4KSNAPK,"P -I001 , P -Q245",3088000.00,40179.40,DPR,DPR,V0689 V0006
P-104CLMT,P -I001,1047000.00,913350.46,DPR,DPR,V0695
P-1UNVPTH,"P -1018 , P -I001",253000.00,2415.11,DPR,DPR,V0148 V0174
P-203CARV,"P -1018 , P -I001",630000.00,435607.16,DPR,DPR,V0540
P-203JHPG,"P -1018 , P -I001",930000.00,0.00,DPR,DPR,V0126
P-304HELK,,544648.19,473776.85,DPR,DPR,V0052
P-310RNPG,"P -1018 , P -I001",725000.00,545034.17,DPR,DPR,V0313
P-311P155,"P -1018 , P -I001",555000.00,391983.25,DPR,DPR,V0146 V0487
P-3PAVTMK,P -1018,688819.40,652190.75,DPR,DPR,V0074 V0878 V0006
P-401DKPG,"P -0245Q, P -I001",925000.00,574760.78,DPR,DPR,V0321 V0616 V0074
P-401DMPG,"P -0245Q, P -D019 , P -I001",340000.00,178897.86,DPR,DPR,V0130 V0247 V0365
P-407PG21,"P -0245Q, P -I001",950000.00,722537.50,DPR,DPR,V0046 V0169 V0183
P-408HMSC,"P -D019 , P -I001",700000.00,0.00,DPR,DPR,V0487
P-412P157,"P -0245Q, P -I001",710000.00,31070.89,DPR,DPR,V0130
P-4SPRNGF,"P -1018 , P -I001",1952000.00,1146702.92,DPR,DPR,V0765 V0026 V0057
P-205PPMT,"P -D017 , P -I001",731956.08,420205.33,DPR,DPR,V0877
P-414BAY9,"P -1018 , P -I001",2334175.00,143206.35,DPR,DPR,V0342
SANDY4-48,"P -1018 , P -I001 , TF-0502",36498000.00,5632360.90,DPR,DPR,V0613
P-414BAY7,P -1018,45000.00,0.00,DPR,DPR,V0150 V0851
SANDY4-49,"P -1018 , P -I001",8084208.00,147493.08,DPR,DPR,V0056 V0331 V0369
P-102RJPP,"P -0510 , P -1018",533978.29,533584.61,DPR,DPR,V0351 V0183 V0540
P-1SERTRF,P -0510,560099.62,559730.76,DPR,DPR,V0212 V0679
P-202CPST,P -D017,748142.82,424908.68,DPR,DPR,V0174
P-205SBST,P -D017,805701.48,358268.96,DPR,DPR,V0674 V0183 V0148
P-2STFBSH,"P -0510 , P -0510",752793.31,752639.26,DPR,DPR,V0026 V0880
P-2STFLEF,P -1018,626982.36,627223.44,DPR,DPR,V0604
P-3COLUBT,P -D018,701312.65,354318.94,DPR,DPR,V0125
P-3STFCRL,"P -0510 , P -I001",232000.00,212934.83,DPR,DPR,V0086 V0174
P-412RCON,P -D019,868417.73,514833.68,DPR,DPR,V0023 V0150 V0088
P-4BIGSTF,P -0510,571894.36,571767.05,DPR,DPR,V0540 V0801 V0485
P-4STFCAR,P -1018,442295.91,442523.28,DPR,DPR,V0652
P-5STFMHN,P -1018,384486.16,384649.67,DPR,DPR,V0068 V0208
P-3RANDSC,"P -0245M, P -1018 , P -D018 , P -I001 , P -M245 , TF-0502",1881000.00,467000.00,DPR,DPR,V0169
P-1POECOT,"P -D021 , P -I001 , P -X245",1300832.21,654881.48,DPR,DPR,V0562 V0216
P-3DIRVPK,"P -0245M, P -1018 , P -I001",26253000.00,2432131.19,DPR,DPR,V0631 V0074 V0170
P-218MPPG,"P -0245K, P -D017 , P -I001 , P -K011",12769991.94,1255561.73,DPR,DPR,V0783 V0562
P-218CCMF,"P -1018 , P -D017",5166112.33,4479664.27,DPR,DPR,V0291 V0476
P-215KLCS,P -0505,3096748.72,2086690.40,DPR,DPR,V0487
P-414BAY8,P -1018,50000.00,0.00,DPR,DPR,V0425
SANDY4-51,"P -1018 , P -1018 , P -I001",3735972.00,139631.75,DPR,DPR,V0504
P-3TONYDL,"P -0506 , P -I001",247730.70,202359.07,DPR,DPR,V0411 V0596 V0144
P-6CWPLE1,"P -1008 , P -1249",2696000.00,0.00,DPR,DPR,V0054 V0222
P-6CWPLG1,"P -0245M, P -1008 , P -1008",2118207.47,1388487.20,DPR,DPR,V0541
P-6DEERFE,"P -1018 , P -I001",889350.00,597980.61,DPR,DPR,V0081
P-4QNPAV1,"P -1018 , P -I001",7022069.77,2618222.70,DPR,DPR,V0652 V0208 V0035
P-407PWLL,"P -0013 , P -0245Q, P -D019 , P -D019 , P -I001 , P -Q245",3081022.00,344245.16,DPR,DPR,V0015
P-303LFPG,"P -1018 , P -1018 , P -I001",6280875.00,2307447.64,DPR,DPR,V0312
P-6RPZBKQ,P -0245Q,1660326.77,971885.80,DPR,DPR,V0351 V0877
P-110FLAG,"P -D021 , P -I001",1865445.52,1299648.20,DPR,DPR,V0540 V0562
P-1SPACET,"P -D021 , P -D171 , P -I001",7040183.39,611295.94,DPR,DPR,V0156 V0274
P-407TELE,"P -1018 , P -I001",236000.00,0.00,DPR,DPR,V0247 V0540 V0461
P-6CWTEL1,"P -0950 , P -I001",1899000.00,571855.75,DPR,DPR,V0245 V0216 V0782
P-201FROS,"P -D017 , P -I001",1593963.09,1298421.40,DPR,DPR,V0635 V0248
P-201MDLT,P -D017,1505738.86,1208194.66,DPR,DPR,V0652 V0209 V0462
P-210RUPP,"P -D017 , P -I001",6552212.10,5109204.89,DPR,DPR,V0045 V0625 V0245
P-210OWLH,"P -0245K, P -D017 , P -I001",8631326.00,7381117.91,DPR,DPR,V0931 V0174
P-202GRPL,P -D017,3894075.46,3278631.16,DPR,DPR,V0563 V0462 V0144
P-202CUGP,"P -D017 , P -I001",6571836.78,4146453.52,DPR,DPR,V0476
P-303KIML,"P -D018 , P -I001",1369064.00,333240.00,DPR,DPR,V0188
P-306PETD,"P -0245M, P -D822 , P -I001",776074.34,554099.21,DPR,DPR,V0878 V0572 V0895
P-404WMPG,"P -D019 , P -I001 , P -Q245",4852702.47,1463543.98,DPR,DPR,V0074 V0877 V0294
P-4WOODPZ,"P -I001 , P -Q245",2436374.60,1432662.29,DPR,DPR,V0216 V0639 V0146
P-404JCPI,"P -D019 , P -I001",4611283.12,1718021.84,DPR,DPR,V0113
P-4ELMPRK,"P -D019 , P -I001",7637981.37,653881.37,DPR,DPR,V0155 V0411
P-412KLWP,"P -0245Q, P -D019 , P -I001 , P -Q245 , SE-0005",18434105.00,964519.11,DPR,DPR,V0187 V0760 V0582
P-406HHPR,"P -D019 , P -I001",3762885.73,3227156.17,DPR,DPR,V0365 V0184 V0586
P-407MNPW,"P -1018 , P -D019 , P -D019 , P -I001",8912263.64,955037.47,DPR,DPR,V0470 V0216 V0174
P-413CAMB,"P -D019 , P -I001 , P -Q245",4723000.00,694330.70,DPR,DPR,V0002 V0708 V0571
P-4MARFAJ,"P -D019 , P -I001 , P -Q245",6134911.38,696278.70,DPR,DPR,V0490
P-412JAMP,"P -D019 , P -I001",5385941.02,4138954.75,DPR,DPR,V0694 V0856
P-412SRPC,"P -D019 , P -D019 , P -I001 , TF-0502",6183820.56,3611863.84,DPR,DPR,V0035
NDF-SOAQK,"ED-0384 , P -I001",10494766.97,739278.51,DPR,DPR,V0150 V0247
P-303HMFS,"P -D018 , P -I001",4363251.00,3366848.99,DPR,DPR,V0216 V0485
P-309AHAM,"P -I001 , P -M245",2324854.00,1515826.31,DPR,DPR,V0891 V0056
P-307SOLB,"P -D018 , TF-0502",947253.53,849008.17,DPR,DPR,V0567
P-4UDALNP,"HW-1674 , P -D019 , P -I001",634831.71,55331.71,DPR,DPR,V0268 V0256 V0644
P-3MORNHR,"P -I001 , P -M245",860486.08,619675.73,DPR,DPR,V0495 V0247 V0216
P-1ARAELV,"P -1018 , P -I001",738000.00,543139.96,DPR,DPR,V0351
P-6CWR22D,"P -1250 , P -1250 , P -I001",2441000.00,2119254.68,DPR,DPR,V0122 V0730
P-4GRST21,"P -0822 , P -I001 , P -Q245",1680249.75,1116150.22,DPR,DPR,V0203 V0923 V0620
P-2GRST01,"P -0822 , P -D822 , P -I001",610000.00,68743.10,DPR,DPR,V0045
P-302BLEE,"P -D018 , P -I001",2718849.29,821624.81,DPR,DPR,V0241
P-310MCCY,"P -1018 , P -D018 , P -I001 , P -M245",4874827.26,4133496.84,DPR,DPR,V0620
P-503GCPG,"P -0245R, P -D020 , P -D020 , P -I001",8870450.91,2367162.01,DPR,DPR,V0372 V0211 V0009
P-4FTTOTP,"P -1018 , P -1018",1646170.00,747051.40,DPR,DPR,V0704 V0615
P-203LFGP,"P -D017 , P -I001",4024000.00,923944.35,DPR,DPR,V0625
P-1SPC21A,"P -0822 , P -I001",3879415.50,1329536.61,DPR,DPR,V0485
P-2SPC21A,"P -0822 , P -I001",1488469.00,1274495.07,DPR,DPR,V0338 V0189 V0002
P-202FTGP,"P -D017 , P -K011",794025.38,794025.38,DPR,DPR,V0906
P-2PWBFTG,"P -0935 , P -1018 , P -1018 , P -D017 , P -D017 , P -I001 , P -K011 , P -K011 , TF-0502",30821590.98,2536323.98,DPR,DPR,V0245 V0188
P-1FACDCR,"P -1018 , P -1018 , P -I001",1016000.00,138000.00,DPR,DPR,V0118 V0122
P-3FACDPL,"P -1249 , P -I001",875000.00,0.00,DPR,DPR,V0150 V0150
P-6FACD21,"P -0505 , P -I001",1911000.00,0.00,DPR,DPR,V0189 V0485
SAND4TREE,"P -I001 , PU-0100",4304567.00,545624.99,DPR,DPR,V0335
P-1BOLTPK,"P -1018 , P -1245 , P -D021 , P -I001",8968750.00,971708.34,DPR,DPR,V0247 V0035
P-4OLMSRF,"P -1018 , P -I001",19939560.00,508314.27,DPR,DPR,V0664 V0509
EDMFPM,"ED-D401 , P -0245M, P -0501 , P -D018 , P -I001 , PU-0200",22334606.33,984573.87,DPR,DPR,V0009 V0189 V0211
SAND5TREE,"P -I001 , PU-0100",5464671.00,1767323.28,DPR,DPR,V0921 V0183 V0943
GXBXGI-03,"P -1018 , P -I001 , WP-0169 , WP-0170",4548983.00,524504.46,DPR,DPR,V0150 V0002
P-1MBRKCS,"P -0505 , P -1018 , P -1250 , P -I001",1241000.00,31911.53,DPR,DPR,V0144 V0035 V0216
P-1WKFLDC,"P -1018 , P -I001",1920000.00,99604.48,DPR,DPR,V0383 V0174 V0058
P-3LFLWER,P -I001,1983000.00,1330483.24,DPR,DPR,V0672 V0651 V0258
P-3P155CS,P -I001,1900000.00,921157.84,DPR,DPR,V0146 V0493 V0455
P-4HOLSCS,"P -0505 , P -1008 , P -D019 , P -I001",1473000.00,24520.78,DPR,DPR,V0391 V0188
P-101CGDN,"P -D021 , P -I001",400000.00,0.00,DPR,DPR,V0351 V0247 V0219
P-102FDBP,"P -D021 , P -I001",550000.00,0.00,DPR,DPR,V0531 V0365
P-102WWGT,P -D021,549939.57,177994.51,DPR,DPR,V0983 V0130 V0146
P-103RBGT,P -D021,401781.90,311454.42,DPR,DPR,V0209
P-204ELGD,"P -D017 , P -I001",300000.00,0.00,DPR,DPR,V0878 V0877
P-209MSGT,"P -D017 , P -I001",370000.00,103073.73,DPR,DPR,V0035
P-2GRNTHB,"P -D017 , P -I001 , P -K011 , P -K011",2791958.93,899518.61,DPR,DPR,V0253
P-406PEGT,"P -I001 , P -Q245",350000.00,0.00,DPR,DPR,V0289
P-412GECG,"P -D019 , P -I001",350000.00,0.00,DPR,DPR,V0384 V0485
P-412WATR,"P -D019 , P -D019 , P -I001",1156300.00,195446.47,DPR,DPR,V0248 V0245 V0395
P-4FMPLUM,"P -1018 , P -I001",500000.00,0.00,DPR,DPR,V0604 V0799
P-6WTRSWR,"P -0245R, P -0245X, P -1018 , P -I001",1428000.00,203246.11,DPR,DPR,V0604 V0431
P-4UNION,"P -D019 , P -I001",499954.00,35278.77,DPR,DPR,V0187 V0216 V0490
P-3RIVRMP,"P -0380 , P -D018 , P -I001 , P -M245",3068048.38,677702.14,DPR,DPR,V0059
P-3FCSADA,"P -D018 , P -I001",4128000.00,628000.00,DPR,DPR,V0122 V0829 V0390
P-404ATRI,P -D019,961888.00,515114.67,DPR,DPR,V0241 V0245 V0850
P-404HOPK,"P -0245Q, P -1018 , P -I001 , P -Q245 , PU-0025 , TF-0502",7903000.00,206968.32,DPR,DPR,V0918
P-405BENN,"P -D019 , P -I001",4393852.74,1610500.69,DPR,DPR,V0122 V0006
P-405HIDR,"P -1018 , P -D017 , P -I001",2099481.00,1370746.54,DPR,DPR,V0312 V0604 V0443
P-407BBSF,"P -0510 , P -D019 , P -I001",4906968.71,759709.95,DPR,DPR,V0157 V0593
P-412RKPP,"P -0245Q, P -D019 , P -I001 , TF-0502",5269405.95,1006778.58,DPR,DPR,V0581
P-4BLISSV,"P -D019 , P -I001",635839.36,137285.54,DPR,DPR,V0471
P-4CAPTGP,"P -1018 , P -D019 , P -D019 , P -I001 , P -Q245 , P -Q245",5628996.43,959219.51,DPR,DPR,V0540 V0476 V0175
P-4KCPPAV,"P -I001 , P -Q245 , TF-0502",1184397.00,746064.63,DPR,DPR,V0187
P-404LIND,"P -D019 , P -I001",5380273.47,2533150.16,DPR,DPR,V0562 V0693 V0006
P-4WATEDG,"P -0245Q, P -I001",15889846.16,1257131.09,DPR,DPR,V0130 V0414 V0123
P-4WOODPG,"P -1018 , P -I001 , P -Q245",5105500.69,2990528.07,DPR,DPR,V0274 V0444 V0346
P-4RRDPK,"P -0245Q, P -I001 , TF-0502",22456036.92,2430022.96,DPR,DPR,V0956 V0452
P-210MCKP,"P -D017 , P -I001",5681927.00,3470614.74,DPR,DPR,V0710 V0006
P-215MCDP,"P -D017 , P -I001",9259536.08,578227.35,DPR,DPR,V0599
P-217PADG,"P -0245K, P -I001",5714631.78,1419361.87,DPR,DPR,V0488 V0749 V0540
P-218PWMP,"P -D017 , P -I001 , P -K001 , P -K011",516636.47,516636.47,DPR,DPR,V0391 V0562 V0820
P-2PWPADT,"P -D017 , P -I001 , P -K001 , P -K011",7502000.00,437204.84,DPR,DPR,V0035 V0490
P-108EWPK,"P -D021 , P -I001",4120935.60,592389.55,DPR,DPR,V0122 V0687 V0411
P-1PBEAST,"P -D021 , P -D021 , P -I001",4397745.76,2632064.20,DPR,DPR,V0187
P-111ESPG,"P -0245X, P -1018 , P -I001",6449103.88,5660375.90,DPR,DPR,V0035 V0351
P-1DBPLYG,"P -D021 , P -I001",9021672.50,2264094.08,DPR,DPR,V0443
P-503LEMN,"P -0245R, P -I001",2704188.00,2357942.20,DPR,DPR,V0624 V0983
P-503AESP,"P -D020 , P -I001 , TF-0502",7185060.25,2128154.53,DPR,DPR,V0217
P-1HAFFP1,"P -0245X, P -1018 , P -D021 , P -D021 , P -I001 , P -X245",36059115.45,2721761.39,DPR,DPR,V0572
P-1HAFFPT,"P -0245X, P -1018 , P -D021 , P -I001",1002310.57,781795.40,DPR,DPR,V0289 V0131 V0057
P-307RPRP,"P -D018 , P -D018 , P -I001",996215.60,721413.90,DPR,DPR,V0247
P-502SHML,"P -0245R, P -I001 , P -R245",3524012.00,3174632.66,DPR,DPR,V0248 V0086
P-1PELHAM,"P -1018 , P -D021 , P -I001",7750692.35,1152177.89,DPR,DPR,V0174 V0265
P-112SHLP,"P -1018 , P -D021 , P -I001 , TF-0502",2047292.00,575842.25,DPR,DPR,V0347
P-108MUSE,"P -D021 , P -I001",3209541.87,2014963.72,DPR,DPR,V0529 V0006
P-411CRCH,"P -D019 , P -I001",441000.00,40681.47,DPR,DPR,V0853 V0457 V0006
P-4OVERLO,"P -1249 , P -I001",2455000.00,1164205.16,DPR,DPR,V0678
P-6ROOF22,"P -1249 , P -1249 , P -I001",4598524.21,1771877.95,DPR,DPR,V0056 V0411 V0208
P-3CYPGCS,"P -1018 , P -D018 , P -I001 , P -M245",4185000.00,419316.86,DPR,DPR,V0476 V0203 V0475
P-1HAFFPL,"P -0245X, P -1008 , P -1018 , P -I001",19886076.00,1472974.03,DPR,DPR,V0475 V0411 V0927
P-3TRE22B,"P -0245M, P -I001",1153000.00,1137995.36,DPR,DPR,V0252 V0332 V0169
P-2TRE22A,P -D822,567710.95,564710.95,DPR,DPR,V0037 V0228 V0476
P-1RNQ22A,"P -1018 , P -1250 , P -I001 , PU-0025",34744513.37,2129976.13,DPR,DPR,V0313 V0443 V0365
P-4WATECS,"P -0245Q, P -0245Q",725723.00,725723.00,DPR,DPR,V0187 V0169 V0312
P-4GWENCS,"P -0245Q, P -I001",348762.19,348762.19,DPR,DPR,V0423 V0700
P-3TJRCUP,"P -0506 , P -D018 , P -I001",438000.00,54000.00,DPR,DPR,V0843 V0056
P-4FMDOOR,"P -0506 , P -I001",561154.92,12154.92,DPR,DPR,V0735 V0092
P-6CWGLZ1,"P -0506 , P -I001",0.00,0.00,DPR,DPR,V0766 V0189 V0187
P-105HNBC,"P -1018 , P -I001",358000.00,0.00,DPR,DPR,V0604
P-106CRTN,"P -D021 , P -I001",2175000.00,852614.77,DPR,DPR,V0881
P-210JPPT,"P -D017 , P -I001",2090000.00,1376679.39,DPR,DPR,V0312 V0150 V0866
P-301WAPT,"P -D018 , P -I001",196000.00,196177.60,DPR,DPR,V0051 V0245
P-308JJAD,P -D018,1075198.86,848478.42,DPR,DPR,V0122
P-3MCRPAV,P -I001,4890000.00,4667961.53,DPR,DPR,V0353 V0652
P-401HOY2,"P -1018 , P -I001",370000.00,231092.64,DPR,DPR,V0652
P-6PAVCW1,P -I001,165791.18,147808.68,DPR,DPR,V0289
P-200CPSW,"P -0245K, P -1018 , P -I001",4003000.00,1265583.50,DPR,DPR,V0406
P-200MPTH,"P -0412 , P -I001",400000.00,0.00,DPR,DPR,V0056 V0652 V0296
P-210DBPP,"P -D017 , P -I001",6050000.00,125000.00,DPR,DPR,V0203
P-210OWLR,"P -D017 , P -I001",2213000.00,1300670.04,DPR,DPR,V0777 V0485
P-218CPMC,"P -1018 , P -I001",2000000.00,0.00,DPR,DPR,V0611 V0342
P-2BKPAV2,"P -1018 , P -I001",600000.00,0.00,DPR,DPR,V0056 V0209 V0035
P-2KISRPV,"P -0245K, P -D017",5002385.44,2385.44,DPR,DPR,V0346 V0144 V0146
P-502GBRE,"P -D020 , P -I001",3074310.00,1715678.57,DPR,DPR,V0026
P-5CPILLP,"P -1018 , P -I001 , TF-0502",6750000.00,750000.00,DPR,DPR,V0118
P-1CPIHSP,"P -0245X, P -D021 , P -I001",4247358.62,2812410.67,DPR,DPR,V0247 V0564 V0289
P-2CPIJRM,"P -1018 , P -I001",5595000.00,222057.59,DPR,DPR,V0274 V0169
P-3CPIAAP,"P -1018 , P -D018 , P -I001 , TF-0502",5964390.00,4559442.23,DPR,DPR,V0323 V0070
P-3CPIDOE,"P -1018 , P -D018 , P -I001",3987787.00,2468510.71,DPR,DPR,V0411 V0268
P-107POEP,"P -0245X, P -D021 , P -I001",8790000.00,1077000.00,DPR,DPR,V0942 V0312
P-1CPIPNT,"P -1018 , P -D021 , P -I001",8045579.30,508855.16,DPR,DPR,V0380
P-1CPIDVP,"P -1018 , P -I001 , TF-0502",2748960.00,1809588.88,DPR,DPR,V0450 V0572 V0057
P-2BARRYP,"P -0245K, P -I001",4169681.38,3015666.77,DPR,DPR,V0487 V0351
P-1CPIHCS,"P -1018 , P -I001",2363997.00,59985.96,DPR,DPR,V0411 V0248
P-2CPIJCS,"P -1018 , P -I001",2247297.00,54080.30,DPR,DPR,V0057 V0925 V0151
P-3ALXHAM,"P -0505 , P -1018 , P -I001",1200000.00,0.00,DPR,DPR,V0088
P-3FREDSM,"P -0505 , P -0882 , P -I001",1400000.00,0.00,DPR,DPR,V0056 V0284
P-405JPCS,"P -D019 , P -D019 , P -I001",4025690.00,1706781.97,DPR,DPR,V0562 V0247 V0183
P-407FLPU,"P -D018 , P -I001",2175000.00,190000.00,DPR,DPR,V0086 V0174 V0572
P-4CPIHCS,"P -1018 , P -I001",1751371.00,55207.59,DPR,DPR,V0203 V0009
P-6GMBXGI,"P -0245X, P -1018 , P -I001",591000.00,332621.28,DPR,DPR,V0134 V0287
GRSIGI-01,"P -0245R, P -I001",2075346.29,879999.19,DPR,DPR,V0785 V0216
P-6PNYR40,"P -0822 , P -I001",0.00,0.00,DPR,DPR,V0056 V0736 V0810
P-6PNYR39,"P -0822 , P -I001",780000.00,284867.10,DPR,DPR,V0050 V0557 V0174
P-1PELFTR,"P -0822 , P -I001",3612150.00,587650.57,DPR,DPR,V0067 V0002
P-1VNCFTR,"P -1018 , P -I001",4900957.00,677027.22,DPR,DPR,V0572 V0274 V0208
P-5SIFRTN,"P -0245R, P -0822 , P -I001",2036600.00,115000.00,DPR,DPR,V0487 V0241 V0122
P-2BELTPF,"P -0822 , P -I001",4094065.00,302141.24,DPR,DPR,V0025 V0859 V0443
P-6RETW23,"P -0245K, P -0245M, P -0245Q, P -0245X, P -1329 , P -I001",18207457.00,5941707.83,DPR,DPR,V0934 V0873
P-311PFRC,"P -0506 , P -I001",4896000.00,325000.00,DPR,DPR,V0972
P-2MTFLTR,"P -1008 , P -1008 , P -1018 , P -1329 , P -I001",4075000.00,230000.00,DPR,DPR,V0127 V0902
P-103PATH,"P -1018 , P -I001",500000.00,0.00,DPR,DPR,V0066 V0720 V0035
P-110PPTH,"P -1018 , P -D021 , P -I001",1700000.00,0.00,DPR,DPR,V0045 V0957 V0306
P-2COFEPK,P -I001,1045000.00,700372.93,DPR,DPR,V0009
P-307PATH,"P -1018 , P -I001",520000.00,0.00,DPR,DPR,V0144 V0654
P-311RIPW,"P -1018 , P -I001",675000.00,0.00,DPR,DPR,V0604
P-312FPTH,"P -1018 , P -I001",850000.00,0.00,DPR,DPR,V0475 V0130 V0487
P-3RANDVC,"P -I001 , P -M245",239000.00,0.00,DPR,DPR,V0595
P-412BPTH,P -I001,470000.00,413365.61,DPR,DPR,V0611
P-4ALYPND,P -I001,1410000.00,1212585.99,DPR,DPR,V0289 V0350 V0187
P-501CLP2,P -I001,5010000.00,4830411.78,DPR,DPR,V0216 V0182 V0476
P-6CWPAV1,"P -1018 , P -I001",2189000.00,1009255.16,DPR,DPR,V0155 V0180 V0737
P-1CPIDPG,"P -0245X, P -1018 , P -I001",3169368.00,2544576.83,DPR,DPR,V0087
P-1CPIJJP,"P -0245X, P -1018 , P -I001",3393000.00,1995415.51,DPR,DPR,V0183
P-1AWRWR,"P -1329 , P -I001",2582000.00,86980.18,DPR,DPR,V0328 V0034
P-2CPIRHP,"P -1018 , P -D017 , P -I001",1645000.00,198368.00,DPR,DPR,V0208
P-2CPISAP,"P -1018 , P -I001",133745.74,133745.74,DPR,DPR,V0130 V0485 V0026
SEED-SAPG,"ED-0384 , P -0505 , P -1018 , P -I001 , TF-0502",26941000.00,527000.00,DPR,DPR,V0318 V0086
P-2CPIPHP,"P -0505 , P -1018 , P -D017 , P -I001",8570000.00,565396.90,DPR,DPR,V0796 V0849
P-107HRSP,P -D021,2745000.00,2123233.34,DPR,DPR,V0078
P-109WGTF,"P -1018 , P -I001",1171000.00,0.00,DPR,DPR,V0652 V0057
P-307RSTF,"P -1018 , P -D018 , P -I001",1465000.00,0.00,DPR,DPR,V0490 V0652
P-311RSTF,"P -0510 , P -I001",6441000.00,5413704.57,DPR,DPR,V0365 V0365
P-410SFTF,"P -1018 , P -I001",1283000.00,0.00,DPR,DPR,V0035 V0235
P-412MPTF,"P -1018 , P -I001",1381000.00,0.00,DPR,DPR,V0540
P-6CWSTF2,"P -0510 , P -I001",10111686.50,4289803.48,DPR,DPR,V0056 V0652
P-204BPST,"P -0510 , P -I001",900000.00,629890.42,DPR,DPR,V0923 V0604 V0035
P-2BKSTF1,"P -1018 , P -I001",4422000.00,2621298.57,DPR,DPR,V0142
P-216OSBO,"P -D017 , P -I001",892056.47,608882.41,DPR,DPR,V0485 V0248
P-215MEL2,"P -1018 , P -D017 , P -I001",2844738.92,331703.36,DPR,DPR,V0455 V0122
P-207GWHB,"P -D017 , P -I001",1318306.50,990378.44,DPR,DPR,V0056 V0540
P-2TREP23,"P -0245K, P -D822",9880.04,9880.04,DPR,DPR,V0806 V0433 V0365
P-0PRC23B,"P -0822 , P -I001",7866000.00,0.00,DPR,DPR,V0228
P-0PRC23A,"P -1018 , P -I001",1179000.00,0.00,DPR,DPR,V0476 V0144
P-2TRE23D,P -I001,557000.00,509049.10,DPR,DPR,V0216 V0877 V0487
P-2PKTR23,P -0245K,12640.49,12640.49,DPR,DPR,V0521 V0312 V0002
P-4PKTR23,"P -0245Q, P -1018 , P -I001",1203000.00,1186220.94,DPR,DPR,V0411
P-6PKTR23,"ED-0075 , ED-0409 , P -0822",7955.55,7955.55,DPR,DPR,V0877 V0074
P-2TRE23E,"P -0245K, P -1018 , P -I001",3220000.00,3058320.50,DPR,DPR,V0418 V0347
P-2TRE23A,"P -0245K, P -D822",10315.84,10315.84,DPR,DPR,V0057 V0118
P-4TRE23C,P -I001,7442000.00,4761070.16,DPR,DPR,V0664 V0652
P-5TRE23A,"P -1018 , P -I001",2592000.00,2435340.77,DPR,DPR,V0575 V0118
P-503ANNA,"P -D020 , P -I001 , P -R245",2949855.19,1446580.37,DPR,DPR,V0142
P-306ASGP,"P -1018 , P -D018 , P -I001 , TF-0502",4556256.12,654984.88,DPR,DPR,V0734 V0169 V0183
P-312LBPG,"P -1018 , P -D018 , P -D018 , P -I001 , TF-0502",4995785.48,2756363.91,DPR,DPR,V0006 V0150 V0006
P-6SEAWAL,"P -0501 , P -1130 , P -1329 , P -D017 , P -I001 , P -K011 , PU-0200",13385000.00,215152.23,DPR,DPR,V0399 V0705
P-110FPPP,"P -D021 , P -I001",3556998.00,1425340.70,DPR,DPR,V0166
P-302TDRC,"P -0506 , P -I001",168743.48,120302.64,DPR,DPR,V0867 V0006
P-308CSPP,"P -1018 , P -D018 , P -I001",454000.00,1414.32,DPR,DPR,V0174
P-2TRSD23,"P -1018 , P -I001",2983300.00,2615036.16,DPR,DPR,V0880
P-6PREFA1,"P -1018 , P -I001",3284814.00,2230986.84,DPR,DPR,V0006
P-2TRS23A,"P -1018 , P -I001",3033300.00,197987.43,DPR,DPR,V0487 V0329 V0572
P-4TRS23A,"P -1018 , P -I001",5684923.00,5292872.64,DPR,DPR,V0802 V0169
P-6TRS23A,"P -1018 , P -I001",3574997.00,3373900.00,DPR,DPR,V0528 V0002 V0437
P-2GPWB12,"P -0839 , P -I001",1375819.00,1178932.85,DPR,DPR,V0878 V0808
P-0PRC23C,"P -1018 , P -I001",3300000.00,0.00,DPR,DPR,V0097 V0773 V0174
P-0PRC23D,"P -1018 , P -I001",9900000.00,0.00,DPR,DPR,V0209
P-2FULTON,"P -1018 , P -I001",6699124.35,3958904.79,DPR,DPR,V0183
P-210MPTC,"P -D017 , P -I001",5095000.00,53920.91,DPR,DPR,V0245 V0045 V0248
P-2TRE24D,"P -0822 , P -I001",8500000.00,2791939.09,DPR,DPR,V0664 V0888 V0247
P-3TRE24A,"P -0822 , P -I001",8696000.00,4872125.06,DPR,DPR,V0074 V0973 V0209
P-3TRE24B,"P -0822 , P -1018 , P -D822 , P -I001 , PU-0100",8835000.00,55000.00,DPR,DPR,V0035 V0169 V0026
P-4TRE24C,"P -0822 , P -I001",7825000.00,1400808.05,DPR,DPR,V0728 V0443 V0410
P-2TRE24B,P -I001,7871000.00,2304928.26,DPR,DPR,V0774
P-410TPAF,"P -1018 , P -D019 , P -I001",887000.00,113375.48,DPR,DPR,V0054 V0002
P-501CPTP,"P -1018 , P -I001",1860000.00,240000.00,DPR,DPR,V0856 V0856 V0699
P-4PKTR24,"P -1018 , P -D822 , P -I001",3445000.00,15000.00,DPR,DPR,V0802 V0562
P-2TRE24E,"P -0822 , P -D822 , P -I001",726000.00,12797.48,DPR,DPR,V0057 V0202 V0467
P-2TRE24C,P -I001,1019000.00,850850.71,DPR,DPR,V0791 V0975 V0037
P-5TRSD23,"P -0245R, P -I001",5168980.00,4831339.88,DPR,DPR,V0443 V0365
P-4TRSD23,"P -1018 , P -I001",5244948.00,4978142.49,DPR,DPR,V0363 V0115 V0006
P-6POOL21,P -1008,0.00,0.00,DPR,DPR,V0183 V0248
P-312DMMG,"P -1018 , P -I001",419581.75,11971.25,DPR,DPR,V0351
P-6CWRWXM,"P -1018 , P -1329 , P -I001",12469641.33,4586371.96,DPR,DPR,V0460
P-4ALHVAC,"P -1250 , P -I001",3671000.00,268094.48,DPR,DPR,V0359 V0045 V0247
P-3CBHVAC,"P -0506 , P -1250 , P -I001",2906988.64,424311.95,DPR,DPR,V0691
P-3CRHVAC,"P -1250 , P -I001",3196000.00,18329.54,DPR,DPR,V0325
P-405JVBB,"P -D019 , P -I001",4886641.07,796290.46,DPR,DPR,V0540
P-413ESPG,"P -D019 , P -I001 , P -Q245",6385745.00,532542.34,DPR,DPR,V0884
P-4IDLTRF,"P -D019 , P -I001 , P -Q245",9625000.00,696852.99,DPR,DPR,V0365 V0248
P-218LOTT,"P -D017 , P -I001",4809734.98,689941.00,DPR,DPR,V0203
P-110BFPG,"P -D021 , P -I001",3220322.29,132425.11,DPR,DPR,V0351 V0169
P-204MHPG,"P -D017 , P -I001",7368696.55,701050.60,DPR,DPR,V0037 V0476 V0798
P-412MBPF,"P -D019 , P -I001",7034888.80,525282.57,DPR,DPR,V0846 V0028 V0411
P-501SKYL,"P -1329 , P -D020 , P -I001 , TF-0502",7504155.38,632548.63,DPR,DPR,V0057 V0562
P-309MSSC,"P -0245M, P -0245M, P -1018 , P -I001 , TF-0502",6844645.00,823736.35,DPR,DPR,V0122 V0583 V0002
P-3CPIRNP,"P -1018 , P -I001",4975932.94,349932.94,DPR,DPR,V0274
P-4INGRVL,"P -D019 , P -I001",4944947.46,507605.77,DPR,DPR,V0203
P-407FFAR,"P -D019 , P -I001 , P -Q245",7470074.84,593784.08,DPR,DPR,V0367 V0009
P-306DAGP,"P -D018 , P -I001 , P -M245",3311000.00,215000.00,DPR,DPR,V0216
P-405VITO,"P -D019 , P -I001",6185819.28,440847.07,DPR,DPR,V0315 V0216 V0130
P-501MAHO,"P -1018 , P -D020 , P -I001",2731619.37,339408.33,DPR,DPR,V0453 V0604 V0652
NDF-BRMPK,"ED-0384 , P -I001",4519810.78,491347.50,DPR,DPR,V0074
P-2CPIDMC,"P -1018 , P -I001",6062663.60,626925.20,DPR,DPR,V0203
P-1HAFFP3,"P -0245X, P -0245X, P -I001",5765000.00,882002.46,DPR,DPR,V0248 V0911 V0057
P-5CPILCS,"P -1018 , P -I001",3540341.91,144874.34,DPR,DPR,V0059
P-3SARDRO,"HW-0001M, P -0510 , P -0510 , P -1018 , P -1018 , P -I001",35870287.30,2212375.30,DPR,DPR,V0518 V0257 V0086
P-307SASM,"P -0245M, P -I001",62350432.83,1727078.92,DPR,DPR,V0647 V0247
NDF-OLDSH,"ED-0384 , P -I001",11770501.67,1718305.34,DPR,DPR,V0759
P-3STSTSR,"P -1018 , P -I001",15761463.36,940055.05,DPR,DPR,V0476 V0485 V0420
P-3PIKEMA,"HW-0001 , HW-0001M, P -1018 , P -I001",23989030.08,1250330.05,DPR,DPR,V0057 V0817
P-110GCWP,"P -0245X, P -I001 , TF-0502",6621482.93,759843.05,DPR,DPR,V0443 V0652
P-104MRPG,"P -D021 , P -I001 , TF-0502",8205103.92,732607.38,DPR,DPR,V0169 V0086 V0572
P-101LZDA,"P -0245X, P -D021 , P -I001",5120102.10,545914.27,DPR,DPR,V0596
P-404PKAM,"P -0505 , P -1018 , P -D019 , P -I001",9175396.69,570677.12,DPR,DPR,V0491 V0089
P-218HKMN,"P -0245K, P -1018 , P -D017 , P -I001",4155592.63,431977.45,DPR,DPR,V0500
P-213BPLG,"P -1018 , P -D017 , P -I001",3805918.44,456352.40,DPR,DPR,V0589
P-202CBMP,"P -0245K, P -I001",20824683.77,1250527.03,DPR,DPR,V0849
P-502MLPG,"P -D020 , P -I001 , P -R245",4407733.82,419382.28,DPR,DPR,V0806 V0006 V0932
SANDY2-30,"P -1018 , P -I001",2232663.00,131416.95,DPR,DPR,V0248 V0086 V0130
SANDY2-31,"P -1018 , P -I001",1686000.00,114618.93,DPR,DPR,V0203 V0183 V0209
SANDY2-32,"P -1018 , P -I001",1249297.52,123513.72,DPR,DPR,V0356 V0216 V0208
SANDY2-33,"P -1018 , P -I001",4008000.00,97390.11,DPR,DPR,V0344
IDA21-12,"P -1018 , P -I001 , TF-0502",424000.00,0.00,DPR,DPR,V0240 V0782 V0878
P-3RIVDIN,"P -0380 , P -1018 , P -D018 , P -I001",11219733.63,852726.64,DPR,DPR,V0150
P-412CRDP,"P -D019 , P -I001 , TF-0502",10874714.70,388920.44,DPR,DPR,V0312 V0813 V0247
P-2BDCHOS,"P -D017 , P -I001",4199680.20,172987.02,DPR,DPR,V0944 V0312 V0707
P-412NRPG,"P -D019 , P -I001",4936012.67,452616.99,DPR,DPR,V0726 V0487
P-211BBST,"P -D017 , P -I001",6699945.44,591603.61,DPR,DPR,V0216 V0803 V0973
P-4FRNOCP,"P -1018 , P -D019 , P -I001 , P -Q245",8934911.37,798171.37,DPR,DPR,V0604
P-402MPDR,"P -1018 , P -D019 , P -I001 , TF-0502",15239377.64,958699.57,DPR,DPR,V0247 V0006 V0411
P-402MPST,"P -D019 , P -I001 , TF-0502",445258.62,445258.62,DPR,DPR,V0964 V0174
P-402MPST,"P -D019 , P -I001 , TF-0502",445258.62,445258.62,DPR,DPR,V0964 V0174
P-202OPGR,"P -D017 , P -I001",3829482.01,551344.30,DPR,DPR,V0189 V0858 V0877
P-304PENN,"P -0245M, P -D018 , P -I001 , P -M245",5301725.27,424122.10,DPR,DPR,V0490
P-307RS91,"P -D018 , P -I001",1650000.00,177669.90,DPR,DPR,V0289
P-105GALO,"P -1018 , P -D021 , P -I001",7561807.75,2213998.18,DPR,DPR,V0130 V0626 V0562
P-4FMCPIC,"P -0506 , P -1250 , P -I001",6242241.00,315546.06,DPR,DPR,V0302 V0798 V0045
SANDY2-35,"P -1018 , P -I001",12494426.66,425412.67,DPR,DPR,V0548 V0054 V0411
P-1TRE24C,P -I001,7953000.00,3127769.10,DPR,DPR,V0411 V0878
P-5TRE24A,"P -0822 , P -I001",6015000.00,15000.00,DPR,DPR,V0118
P-1TRE24A,"P -1018 , P -I001",8410000.00,2840574.00,DPR,DPR,V0187 V0345 V0787
P-2TRE24A,"P -0822 , P -I001",8425000.00,1623076.16,DPR,DPR,V0877
P-4TRE24D,"P -0822 , P -I001",8578000.00,3110700.62,DPR,DPR,V0097 V0155 V0467
P-2PKTR24,"P -0822 , P -0956 , P -1018 , P -I001",5136000.00,30000.00,DPR,DPR,V0172 V0541
P-6PKPL24,"P -0822 , P -1018 , P -I001 , SE-0002X",4461000.00,25000.00,DPR,DPR,V0038 V0570 V0245
P-5PKTR24,"HW-0001R, P -1018 , P -I001",0.00,0.00,DPR,DPR,V0263 V0169
P-4TRE25A,"P -1018 , P -I001",1014000.00,115915.15,DPR,DPR,V0475 V0312
P-2TRE24F,"P -0822 , P -0822 , P -1018 , P -I001",3027000.00,28013.03,DPR,DPR,V0074
P-4TRE25B,"P -1018 , P -I001",1014000.00,11739.47,DPR,DPR,V0970
P-1TRE24B,P -I001,3007000.00,1036190.91,DPR,DPR,V0305
P-4TRE24A,"P -0822 , P -I001",1009000.00,930318.01,DPR,DPR,V0575
P-301MHPI,P -1018,100000.00,0.00,DPR,DPR,V0980
SANDY3-18,"P -1018 , P -I001 , TF-0502",3544751.01,414925.83,DPR,DPR,V0150
P-6EABTRD,"P -0822 , P -I001",4953000.00,0.00,DPR,DPR,V0325 V0916
P-4EABTRA,"P -0822 , P -I001",3040000.00,0.00,DPR,DPR,V0892 V0487
P-6EABTRF,"P -0822 , P -I001",1397000.00,0.00,DPR,DPR,V0733
P-312JHWR,"P -1329 , P -I001",3033836.00,92892.58,DPR,DPR,V0312
P-1CRTMAL,,659871.09,514586.16,DPR,DPR,V0497
P-2CONYGS,P -0822,487276.90,32561.04,DPR,DPR,V0130
SANDY5-05,P -1018,936993.31,385993.31,DPR,DPR,V0426
SANDY2-01,P -1018,220330.64,98979.14,DPR,DPR,V0009 V0086 V0214
SANDY2-09,P -1018,1094771.39,1053771.39,DPR,DPR,V0487 V0183
SANDY5-18,P -1018,7855396.64,4986396.64,DPR,DPR,V0423
P-204BPST,"P -0510 , P -I001",900000.00,629890.42,DPR,DPR,V0923 V0604 V0035
P-5HARBOR,"P -1018 , P -I001",351000.00,19623.69,DPR,DPR,V0183
P-3CPIHRL,"P -1018 , P -I001",1649500.00,171508.68,DPR,DPR,V0411 V0074 V0745
P-200PPTS,"P -0412 , P -D017 , P -I001 , P -K011 , TF-0502",3479288.16,246198.89,DPR,DPR,V0382
P-311MCST,"P -0510 , P -I001",4053259.44,306033.86,DPR,DPR,V0454
P-208BRBC,"P -0245K, P -1018 , P -I001",284000.00,245421.72,DPR,DPR,V0485
P-109NOB1,P -D021,1112000.00,205000.00,DPR,DPR,V0074 V0485 V0817
P-102CPSA,"P -1018 , P -I001",75000.00,0.00,DPR,DPR,V0066 V0969 V0557
P-3CPIMKS,"HW-0001 , P -1018 , P -I001",19567000.00,89408.45,DPR,DPR,V0146 V0183
P-3CPINSP,"P -1018 , P -I001",7630000.00,67998.30,DPR,DPR,V0411
P-6PNYT23,P -0822,2008988.21,1997988.21,DPR,DPR,V0150 V0748
P-503WPMO,"P -D020 , P -I001",424000.00,0.00,DPR,DPR,V0045 V0594
P-6PNYCST,"P -0822 , P -1018",3055000.00,0.00,DPR,DPR,V0453 V0878 V0351
P-6EABTRS,P -0822,321559.00,321559.00,DPR,DPR,V0169
P-200TNCR,"P -0412 , P -D017",347470.92,172136.51,DPR,DPR,V0376 V0747
P-3PSNNTE,"P -1018 , P -I001",0.00,0.00,DPR,DPR,V0365 V0652 V0199
P-5CLVCHL,P -1250,183264.74,183264.74,DPR,DPR,V0163
P-304LRSQ,"P -1018 , P -D018",2884705.47,1965049.37,DPR,DPR,V0245 V0245 V0970
P-307RPSB,P -0380,98493.62,98493.62,DPR,DPR,V0782
P-5PLOT13,,2301614.71,2261966.48,DPR,DPR,V0698 V0572 V0045
SANDY5-28,P -1018,646107.08,196487.41,DPR,DPR,V0790 V0674
P-215PB15,P -0245K,207084.60,207084.60,DPR,DPR,V0216
P-205SPRN,P -0245K,410627.84,401207.84,DPR,DPR,V0710 V0878 V0961
SANDY5-48,P -1018,704000.00,0.00,DPR,DPR,V0612
SANDY3-19,P -1018,1018000.00,0.00,DPR,DPR,V0970 V0248
SANDY3-21,P -1018,937000.00,0.00,DPR,DPR,V0274 V0475 V0312
P-3RIVSTR,"P -0380 , P -M245",2673430.28,1919172.74,DPR,DPR,V0686 V0169 V0150
P-103CGJF,"P -1018 , P -D021",1565612.68,943238.82,DPR,DPR,V0043 V0867
P-3POORRD,P -D018,2819693.42,2667293.11,DPR,DPR,V0982 V0731 V0365
P-4SHRESF,P -Q003,728228.00,614228.00,DPR,DPR,V0248
SANDY4-33,P -1018,4595845.30,4152058.74,DPR,DPR,V0118 V0432 V0562
NDF-HLDN4,ED-0384,1880111.57,1589259.56,DPR,DPR,V0540 V0174
P-102MNDA,P -0245X,2490206.13,1898672.72,DPR,DPR,V0059 V0124
P-200CRSL,P -D017,529947.15,319583.85,DPR,DPR,V0174 V0504
P-200LFHH,"P -0412 , P -D017",3307292.88,2793098.65,DPR,DPR,V0274 V0311
P-206RHCF,"P -0245K, P -0245K, P -D017 , P -K011",784623.38,647222.64,DPR,DPR,V0245
P-414RB59,P -Q245,5487738.87,3428284.59,DPR,DPR,V0076 V0385
P-218MPNC,P -0506,2815928.28,2595868.18,DPR,DPR,V0365 V0475
P-414LABY,P -Q003,456784.94,307709.13,DPR,DPR,V0566
P-2PNYC05,P -1018,11221082.07,9816769.32,DPR,DPR,V0616 V0604
P-4TRE21A,P -D822,3835165.76,3544165.76,DPR,DPR,V0146
NDF-CPFSP,ED-0384,5467454.87,4247253.47,DPR,DPR,V0171
NDF-RDFR,ED-0384,9961898.71,6555675.91,DPR,DPR,V0006 V0755
P-503GCPL,P -R245,4176731.76,4020444.74,DPR,DPR,V0333 V0151 V0111
P-6TRAI20,"P -D019 , P -D021",730145.95,477696.16,DPR,DPR,V0588 V0248
P-118FOXP,P -D021,4072784.71,3462729.40,DPR,DPR,V0118
P-103CPB5,"P -0245X, P -1018 , P -1018",6866517.97,6334807.76,DPR,DPR,V0878 V0069 V0118
P-200FITS,P -D017,594595.08,527154.52,DPR,DPR,V0289
P-107PPV1,P -D021,1153744.27,772388.78,DPR,DPR,V0174
P-112SETW,"P -D021 , P -X245",1319745.29,1007419.02,DPR,DPR,V0005 V0176 V0465
P-1ANCH02,"P -0568 , P -1018",16975018.31,16974615.90,DPR,DPR,V0248 V0793
P-212ALBE,P -K011,836519.51,708555.08,DPR,DPR,V0203
P-4BC94S1,"P -1018 , P -D019 , P -Q003",180345.00,178664.41,DPR,DPR,V0703
P-200LMBF,"P -0412 , P -D017",1591568.70,1534908.54,DPR,DPR,V0046 V0065 V0881
P-216BHIP,P -0505,5233710.00,3841740.87,DPR,DPR,V0009
P-5WHITEP,P -0245R,1691475.82,1370178.67,DPR,DPR,V0169 V0155
P-1WDLNSS,"P -0935 , P -X245",1436248.00,1254851.70,DPR,DPR,V0441 V0470 V0245
P-401HCSW,"P -0245Q, P -1018",6974011.42,5060997.33,DPR,DPR,V0604 V0411 V0274
P-207SPHD,P -D017,873100.58,796403.53,DPR,DPR,V0274 V0365
P-203D17E,"P -1018 , P -1250 , P -D017 , P -D017",9287940.65,9101945.81,DPR,DPR,V0931 V0312 V0527
P-41417PG,P -Q245,2625197.60,2350197.60,DPR,DPR,V0147 V0097 V0144
P-307RPPI,"P -0380 , P -1018 , P -D018",7386923.86,7026194.65,DPR,DPR,V0572 V0443
P-401RAV2,"P -0935 , P -Q245",6954617.50,6364951.07,DPR,DPR,V0871 V0155
P-109NBLE,P -X245,1956646.83,1926429.33,DPR,DPR,V0086 V0566 V0272
P-108VCIW,P -1018,3504796.28,3504152.75,DPR,DPR,V0910 V0848 V0247
P-4SHREDP,P -Q003,153477.12,129451.48,DPR,DPR,V0248 V0043 V0122
P-5FRESH9,P -1321,33544372.61,30943444.18,DPR,DPR,V0026 V0604 V0186
NDF-MORTN,ED-0384,5413254.51,2799542.56,DPR,DPR,V0475
P-5TPSBF,P -1018,28991.00,28612.12,DPR,DPR,V0529
P-4FMGARG,P -0245Q,7586634.06,7581116.14,DPR,DPR,V0352 V0554
NDF-BRPLG,P -X245,3149440.26,2704421.84,DPR,DPR,V0248 V0216 V0426
P-4SHREAC,P -Q003,582975.00,498975.00,DPR,DPR,V0122
P-1CPIBR3,"P -1018 , P -1018",2186591.57,1296035.91,DPR,DPR,V0778 V0443
P-412RWP3,"P -0506 , P -D019 , P -Q245",2968148.87,1745695.97,DPR,DPR,V0950
P-208HVAC,P -1250,4383468.29,4098755.24,DPR,DPR,V0216
P-103WPBC,P -0245X,4207215.00,4033123.86,DPR,DPR,V0118
IDA21-01,"P -1018 , P -1018 , P -I001",827000.00,223783.97,DPR,DPR,V0274 V0611 V0292
P-4OLMST4,"P -0013 , P -0245Q, P -0245Q, P -1018",36963918.07,35561309.21,DPR,DPR,V0183
P-303BPCS,P -1018,2464846.98,2462943.56,DPR,DPR,V0203 V0908 V0411
P-206RHO1,"P -0245K, P -0245K",1753365.87,329365.87,DPR,DPR,V0002 V0814 V0324
P-2RHBALL,"P -0245K, P -0245K",16658797.76,15520887.24,DPR,DPR,V0066 V0248 V0850
P-210SHRD,P -D017,5640255.90,5365937.07,DPR,DPR,V0874 V0510
P-311HWTR,P -0245M,5260214.27,5235156.67,DPR,DPR,V0653
P-300FDCG,P -M245,206122.76,194122.76,DPR,DPR,V0137 V0562 V0705
P-310CCPG,P -D018,504731.76,469731.76,DPR,DPR,V0056 V0487
P-3HMFISH,"P -D018 , P -M245",831786.45,632316.53,DPR,DPR,V0388
P-3LPLZCG,P -D018,264289.19,216551.46,DPR,DPR,V0231 V0873 V0443
P-202CADM,P -0245K,4393911.36,3544901.26,DPR,DPR,V0878 V0118 V0146
P-413IDPK,"P -0245Q, P -Q245",8759946.88,8359828.99,DPR,DPR,V0652 V0526
P-407FGP2,"P -Q126 , P -Q245",5974944.81,5486138.45,DPR,DPR,V0384
P-4BWIDEP,P -D019,2449184.70,1668508.44,DPR,DPR,V0411 V0009
P-308SPCS,P -D018,2056119.61,1948138.78,DPR,DPR,V0490
P-311MGLL,P -0245M,6207973.32,5548166.13,DPR,DPR,V0337 V0006 V0704
P-3LMDCCH,P -1018,3303271.44,2736951.51,DPR,DPR,V0454 V0086 V0312
P-5MCARPK,"P -1018 , P -R245",5121800.50,5080189.74,DPR,DPR,V0203
P-5CHARLS,"P -0245R, P -D020 , P -R245",10079427.45,9056380.63,DPR,DPR,V0476
P-1HGCVPR,P -1018,9653323.83,9644957.87,DPR,DPR,V0147
P-1CRPOHS,"P -1018 , P -1018",3430323.01,3216533.43,DPR,DPR,V0021 V0641
P-4FTTOTB,"P -1018 , P -1324",5787594.97,5769017.61,DPR,DPR,V0605 V0086 V0144
P-209WNGE,P -1018,3011486.94,1968100.04,DPR,DPR,V0604 V0217 V0284
P-200PPFB,"P -D017 , P -K001 , P -K011",2202612.27,2045558.45,DPR,DPR,V0057
P-1PNYFL5,P -0705,1032259.28,922083.69,DPR,DPR,V0856 V0775 V0589
P-3RVSSCA,"P -D018 , P -M245 , P -M380 , P -M380",3377284.07,2958341.14,DPR,DPR,V0056 V0245
P-3ANCH02,"P -0415A, P -1018",11818011.89,11753989.23,DPR,DPR,V0793 V0933
P-308CSPG,"P -1018 , P -D018 , P -M245",3730259.56,3645187.64,DPR,DPR,V0365 V0047 V0117
P-6CPIBN3,"P -1018 , WP-0169",20057358.01,19862642.09,DPR,DPR,V0255 V0368
P-307RPKS,"P -0245M, P -0380 , P -1018",28221567.75,20512865.86,DPR,DPR,V0162 V0515
P-303LGPK,"P -1018 , P -D018 , P -M245",9180556.68,8072833.30,DPR,DPR,V0009 V0168
P-6PBBP15,"P -1018 , P -D019 , P -M245",583145.38,480145.38,DPR,DPR,V0122
P-5CPIB12,P -1018,8336727.01,8292632.57,DPR,DPR,V0160
P-217PDGT,"P -1018 , P -1250",400784.09,401178.65,DPR,DPR,V0026
SANDY2-34,P -1018,3030856.21,3030626.22,DPR,DPR,V0045 V0248
P-6RETW14,"P -1329 , P -1329 , P -D018",28126025.01,21886362.38,DPR,DPR,V0209 V0101
P-1CPIBR2,P -1018,5155286.52,4359501.04,DPR,DPR,V0798 V0544
P-311HEL3,"P -X245 , WP-0112",4075450.73,3365450.73,DPR,DPR,V0678 V0208 V0026
P-311MGFI,P -1018,8325135.71,8021082.06,DPR,DPR,V0109 V0252
P-4DUTCH1,P -0245Q,1680484.80,768307.29,DPR,DPR,V0540 V0639 V0042
P-312JJPG,P -D018,3570160.26,3330112.89,DPR,DPR,V0878
P-5IRENE,P -1018,715055.08,606415.08,DPR,DPR,V0240 V0274 V0274
P-3COLUMB,"P -1018 , P -D018",527696.06,422707.18,DPR,DPR,V0189 V0903
P-4SNDPIP,"P -1018 , P -Q245",5880062.50,5648624.54,DPR,DPR,V0985 V0056 V0947
P-307BLOC,P -1018,1330996.15,1321262.09,DPR,DPR,V0934 V0026 V0026
P-412RWIL,"P -0245Q, P -Q245",5753904.56,5197644.57,DPR,DPR,V0094 V0009 V0652
P-204GRCK,"P -1018 , P -D017",4421763.92,3811092.20,DPR,DPR,V0411 V0076
P-107WBSK,P -1018,1414385.37,1034677.25,DPR,DPR,V0209 V0292 V0118
P-3SUTTON,"P -1018 , P -D018",3036105.68,1800711.51,DPR,DPR,V0086 V0247
P-6BLDG9C,P -1018,1283249.37,1170900.49,DPR,DPR,V0540 V0216
P-215BBPG,P -1018,6110812.17,5536216.48,DPR,DPR,V0986
P-112AGNS,"P -1018 , P -D021",3991847.25,3522059.37,DPR,DPR,V0169 V0187
P-503SSNC,P -1322,68000.00,68464.32,DPR,DPR,V0798 V0195 V0035
SANDY5-24,"P -1018 , P -1018",1705195.49,1705471.55,DPR,DPR,V0631
SANDY5-16,P -1018,621249.08,541670.81,DPR,DPR,V0369
P-208K11E,"P -D017 , P -K011",2372358.90,2098482.71,DPR,DPR,V0354 V0811
P-101STMH,"P -1250 , P -1250",2380600.47,2376237.39,DPR,DPR,V0492 V0908
SANDY3-20,P -1018,702960.07,563960.07,DPR,DPR,V0562 V0562 V0531
SANDY1-04,"P -1018 , P -1018",2384091.06,2347806.70,DPR,DPR,V0009
P-200WCST,P -D017,2656384.69,2507072.70,DPR,DPR,V0617 V0203
P-1PELBRV,"P -0245X, P -1018",4057512.42,3266082.51,DPR,DPR,V0203 V0045
P-3PLG13B,PV-D034,1737480.50,1360914.97,DPR,DPR,V0174 V0188 V0819
SANDY2-21,P -1018,2255720.68,1846720.68,DPR,DPR,V0365 V0248 V0026
SANDY3-14,"P -1018 , P -1018",5157166.67,5118784.18,DPR,DPR,V0198 V0878
P-3TREMTA,P -1018,1656373.66,1414522.15,DPR,DPR,V0169 V0140 V0189
SANDY3-15,P -1018,1262899.72,557829.72,DPR,DPR,V0148 V0130 V0086
P-312MJM2,P -1018,1854537.23,1783537.23,DPR,DPR,V0411
P-3SRISKM,P -0822,852180.45,851933.04,DPR,DPR,V0435 V0387
P-301BPBP,"P -0245M, P -0828 , P -0828",17200512.92,15319910.26,DPR,DPR,V0203
P-3BBGARD,P -0828,12702916.39,14763797.57,DPR,DPR,V0447 V0130
P-4TRE14A,"P -0822 , P -D822 , P -Q822",1521702.89,1508702.89,DPR,DPR,V0035 V0582 V0057
SANDY4-01,P -1018,1673030.58,1661030.58,DPR,DPR,V0572 V0586
SANDY4-09,P -1018,1667168.01,1620168.01,DPR,DPR,V0598 V0511 V0389
P-213BOIL,P -D017,2811841.33,2511762.46,DPR,DPR,V0342 V0006 V0274
SANDY2-14,P -1018,1538150.46,806222.20,DPR,DPR,V0476
P-2PGRD11,P -0245K,3402024.19,3141348.35,DPR,DPR,V0822 V0045 V0736
SANDY1-01,P -1018,328530.86,327530.86,DPR,DPR,V0002 V0888
P-1BXTEN2,P -1018,4621872.35,4621432.68,DPR,DPR,V0189 V0189
P-311TJHV,P -0245M,1090665.25,966665.25,DPR,DPR,V0155 V0978
P-301BURL,"SE-0002M, WM-0001",10567819.73,10143819.73,DPR,DPR,V0086 V0009 V0189
PV510-IRR,PV-0510,970314.18,780314.18,DPR,DPR,V0248 V0208 V0787
P-311TJEM,P -0245M,750644.81,736644.81,DPR,DPR,V0808 V0045
PV510-HLG,PV-0510,1172558.41,1119558.41,DPR,DPR,V0476 V0057
P-201P245,P -0245K,358664.39,341664.39,DPR,DPR,V0090
P-3BWTRAM,P -0245M,781787.51,761787.51,DPR,DPR,V0248 V0189
P-201245E,SE-0002K,1113824.58,1095824.58,DPR,DPR,V0118 V0697
P-5IRRIG,WM-0001,6336209.09,6325209.09,DPR,DPR,V0351 V0652 V0172
P-301C018,"P -1018 , P -C018",30212.45,26212.45,DPR,DPR,V0118
P-6CWREWA,P -1329,2148781.60,1712315.01,DPR,DPR,V0961 V0289
P-414BAY6,P -1018,2739360.00,311992.02,DPR,DPR,V0397 V0878
SANDY4-41,P -1018,8465990.77,3947946.00,DPR,DPR,V0604 V0934 V0232
P-5ANCH01,"P -0245R, P -1018 , P -1321",8773224.91,3553204.48,DPR,DPR,V0535 V0150 V0871
P-3ANCH01,"P -1018 , P -D018",3465002.92,3134232.45,DPR,DPR,V0056 V0615
P-3CPI3AB,P -1018,1044632.12,957785.00,DPR,DPR,V0877 V0312
P-6TRE22A,P -0822,557400.00,542486.25,DPR,DPR,V0942 V0265
P-6GTGDN1,"P -1018 , P -I001",46349337.00,1021939.66,DPR,DPR,V0074 V0935
SANDY3-10,P -1018,79735.00,36925.00,DPR,DPR,V0806
P-400ZOO8,"P -0887 , P -D019 , P -Q245",13989251.00,416052.98,DPR,DPR,V0132 V0122
P-312INWD,P -1018,268000.00,0.00,DPR,DPR,V0216
SANDY3-24,"P -1018 , P -I001",337592.50,72592.50,DPR,DPR,V0135 V0035 V0730
P-6CWCMVE,P -1018,184213.95,137012.87,DPR,DPR,V0394 V0572
P-6TRE19A,P -0822,958000.00,0.00,DPR,DPR,V0443 V0189
P-6SECBOL,"P -1095 , P -I001",6665276.54,968727.89,DPR,DPR,V0354 V0490 V0406
P-300EAST,"P -0501 , P -1018 , P -1245 , PU-0026",6475539.06,3632503.99,DPR,DPR,V0110 V0077 V0118
P-6TRE24A,"P -0822 , P -1018",4111671.00,3245694.69,DPR,DPR,V0688 V0314
P-2CPI23D,P -1018,1856127.00,315655.37,DPR,DPR,V0562 V0373
P-6TRE23A,,1319000.00,1319000.00,DPR,DPR,V0194 V0469 V0274
P-6TRE23B,"P -0822 , P -1018",2348850.00,1477988.25,DPR,DPR,V0045 V0475
P-6WATRF1,P -0501,2937188.18,2124081.49,DPR,DPR,V0026
P-6TRPS21,P -1018,573100.00,571557.00,DPR,DPR,V0724 V0208 V0689
P-3PBGHD7,P -D018,50114.47,34576.23,DPR,DPR,V0625 V0155 V0624
P-3GTACQM,P -D056,450100.00,3100.00,DPR,DPR,V0604
P-6TRFMAT,P -0510,200000.00,0.00,DPR,DPR,V0274 V0312
P-4OLMST3,"P -0013 , P -0013",1963633.16,1802600.22,DPR,DPR,V0057
P-6STFMAT,P -0245M,948483.69,615483.69,DPR,DPR,V0490
P-501PRLL,"P -D020 , P -R245",0.00,0.00,DPR,DPR,V0146
P-3BBASIN,P -0245M,387911.63,155911.63,DPR,DPR,V0582 V0365 V0009
P-200PPMO,"P -1018 , P -1018 , P -D017 , P -D017 , P -I001 , P -K001",9412447.98,404772.54,DPR,DPR,V0411
P-200PPCC,"P -0412 , P -D017 , P -D017 , P -I001",643259.55,218408.99,DPR,DPR,V0652 V0247 V0304
P-200STFP,"P -D017 , P -D017 , P -I001",2215466.35,1410797.63,DPR,DPR,V0476 V0247 V0351
P-200PPOC,"HW-0001K, HW-D101 , P -0412 , P -D017 , P -I001 , P -K001 , P -K011",14478041.60,1056599.52,DPR,DPR,V0943 V0056
P-200PPMB,"P -0412 , P -1018 , P -D017 , P -I001",2003249.43,361476.59,DPR,DPR,V0765 V0289 V0878
P-200PPEB,"P -0412 , P -D017 , P -I001",706600.38,100849.98,DPR,DPR,V0118 V0183 V0919
P-200PPLW,"P -0412 , P -D017 , P -I001 , TF-0502",3072979.37,306189.81,DPR,DPR,V0035
P-200PPWM,"EP-0009 , P -I001",1517307.06,719944.59,DPR,DPR,V0351 V0330
P-200PERG,"P -D017 , P -I001",800221.80,123080.35,DPR,DPR,V0490 V0365 V0122
P-214RIDE,"P -D017 , P -I001 , P -K001",4199665.45,92653.46,DPR,DPR,V0440 V0499 V0045
P-2LITCHF,"P -D017 , P -D017 , P -I001",2017206.64,666020.31,DPR,DPR,V0649 V0124 V0945
P-206GDAM,"P -0245K, P -0412 , P -1141 , P -I001",6946805.08,5810565.49,DPR,DPR,V0872 V0604 V0208
P-200PPNM,P -D017,534102.61,444022.38,DPR,DPR,V0289 V0591 V0274
P-206GDAS,P -1141,3208588.26,2559835.35,DPR,DPR,V0265 V0629
P-200PPPH,"P -1018 , P -I001 , P -K001",761785.35,170828.21,DPR,DPR,V0487 V0903 V0494
P-200HPPP,"P -0412 , P -1018 , P -D017 , P -K001",1730733.53,746061.76,DPR,DPR,V0476 V0274
P-200PRUN,P -D017,370370.56,310370.56,DPR,DPR,V0540
P-6PNYR30,,100000.00,100000.00,DPR,DPR,V0035 V0540
P-6SPCR15,"P -1018 , P -1327 , P -I001",19785548.95,19734548.95,DPR,DPR,V0187
P-3CENT06,"P -1300 , P -I001 , TF-0502",1320403.77,1138752.21,DPR,DPR,V0562
P-4LATRUF,"P -D019 , P -Q245",2520167.42,1731538.23,DPR,DPR,V0540 V0670
P-313CPSW,"P -1018 , P -1250 , P -D018 , P -I001",3619502.08,206651.73,DPR,DPR,V0540 V0057
P-308AGFB,P -D018,538287.13,398993.88,DPR,DPR,V0088
P-311WATT,"P -0245M, P -1018",188329.50,171829.50,DPR,DPR,V0351 V0275 V0189
P-202018A,"P -1200 , P -D017 , P -K011 , PV-0467",287998855.71,283020855.71,DPR,DPR,V0638 V0519
P-308AG03,"P -D018 , P -I001",0.00,0.00,DPR,DPR,V0368
P-3HLNERP,"P -I001 , P -M245",100000.00,0.00,DPR,DPR,V0174 V0006
P-3HRP45A,"P -D018 , P -I001",1240609.00,0.00,DPR,DPR,V0133 V0572
IDA21-04,"P -1018 , P -I001",179000.00,0.00,DPR,DPR,V0209 V0950
P-503CHRF,"P -1018 , P -D020 , P -D020 , P -I001",3055090.00,265154.64,DPR,DPR,V0404
P-412RUKM,"P -0245Q, P -0245Q, P -I001",8412176.00,226231.14,DPR,DPR,V0248 V0130 V0026
P-407LLHM,"P -D019 , P -I001",0.00,0.00,DPR,DPR,V0715 V0441
P-3CENDL2,P -1018,0.00,0.00,DPR,DPR,V0261 V0274
P-3CENDLC,"P -0245M, P -1018 , P -D018 , P -I001 , P -M245",8023000.00,0.00,DPR,DPR,V0149 V0487 V0443
P-3HLGAT2,P -M245,0.00,0.00,DPR,DPR,V0849 V0052 V0155
P-3HLGATE,"P -D018 , P -I001 , P -M245",875000.00,0.00,DPR,DPR,V0122 V0092
P-106PCCA,"P -0245X, P -1018 , P -1018 , P -I001",3067850.30,23885.66,DPR,DPR,V0002
P-3CENBL2,P -1018,21300000.00,0.00,DPR,DPR,V0189 V0679 V0174
P-3CENBOL,"P -1018 , P -1095 , P -I001",130000.00,18299.45,DPR,DPR,V0460 V0251 V0447
P-3HRPTPK,"P -1018 , P -1246 , P -I001",45934795.94,42301141.18,DPR,DPR,V0056 V0174 V0487
P-3CENT13,"P -1300 , P -I001",6297000.00,6297000.00,DPR,DPR,V0209
P-3CPPERM,P -I001,13200975.00,6062625.38,DPR,DPR,V0562 V0572 V0435
P-3HIGHL3,"P -0245M, P -1326 , P -D018 , P -I001",6600000.00,143520.23,DPR,DPR,V0189 V0122
P-308AGEE,"P -D018 , P -I001",0.00,0.00,DPR,DPR,V0208 V0086 V0269
P-300ZO18,P -0887,1800000.00,0.00,DPR,DPR,V0475
P-312MJCR,"P -1018 , P -D018 , P -I001 , P -M245",5037000.00,0.00,DPR,DPR,V0658 V0143
SANDY3-06,P -1018,0.00,0.00,DPR,DPR,V0351 V0223 V0898
SANDY2-13,P -1018,0.00,0.00,DPR,DPR,V0631
SANDY3-07,P -1018,0.00,0.00,DPR,DPR,V0302
SANDY3-09,P -1018,2484.58,2484.58,DPR,DPR,V0604
P-3HRPTSC,P -I001,100000.00,0.00,DPR,DPR,V0526 V0009
P-300ZO16,"P -0887 , P -1018",1751000.00,62366.04,DPR,DPR,V0203 V0556
P-200ZO10,"P -0887 , P -D017",908000.00,0.00,DPR,DPR,V0491
P-200ZO17,"P -0887 , P -K011",1475000.00,0.00,DPR,DPR,V0056 V0318
P-400ZO15,P -0887,326000.00,325600.00,DPR,DPR,V0409 V0189
P-200884L,P -D017,272906.93,78906.93,DPR,DPR,V0189
P-600ZOO3,P -1018,69000.00,69300.00,DPR,DPR,V0021 V0608
P-400ZOO4,P -0887,0.00,0.00,DPR,DPR,V0517
P-600ZOO4,P -0887,718000.00,718000.00,DPR,DPR,V0146 V0218
P-2SEAGTE,"P -0379 , P -D017",2600000.00,0.00,DPR,DPR,V0155 V0355
P-312DFAR,"P -0245M, P -1018 , P -D018 , P -I001 , P -M245",8700593.71,985179.83,DPR,DPR,V0146 V0545 V0183
P-501ALAS,"P -D020 , P -I001",1384733.59,230982.03,DPR,DPR,V0245
P-308AGPF,P -D018,108000.00,0.00,DPR,DPR,V0490 V0209 V0203
P-200ZO18,P -0245K,2360354.00,0.00,DPR,DPR,V0949 V0688
P-3CENCGD,"P -1018 , P -I001",6339261.00,5070873.79,DPR,DPR,V0151
P-3CENCCA,"P -1018 , P -I001",3129488.00,1980263.60,DPR,DPR,V0238
P-3CENNMC,"P -1018 , P -I001 , TF-0502",6063390.00,5600620.50,DPR,DPR,V0652 V0085
P-3HRPLIT,"P -D018 , P -I001 , P -M245 , P -M245",300000.00,0.00,DPR,DPR,V0009 V0006
P-3HLELV1,"P -D018 , P -I001 , P -M245",2250000.00,0.00,DPR,DPR,V0887 V0627 V0026
P-3CENHMP,"P -D018 , P -I001 , P -M245",3996000.00,0.00,DPR,DPR,V0498 V0749 V0150
P-308AG02,P -D018,726486.84,722486.84,DPR,DPR,V0809 V0726
P-3HRPCWP,,5571000.00,5571000.00,DPR,DPR,V0256 V0500
P-4QWCAMS,"P -0245Q, P -D019 , P -Q245",2705000.00,0.00,DPR,DPR,V0312
P-300ZO20,P -D018,43000.00,0.00,DPR,DPR,V0312
P-400ZO17,P -D019,0.00,0.00,DPR,DPR,V0467
P-3P40SPR,"P -1246 , P -I001",3455000.00,3455000.00,DPR,DPR,V0867 V0203
P-3HRPT34,P -1246,3409000.00,0.00,DPR,DPR,V0247 V0473 V0806
P-300ZO19,P -0887,2300000.00,0.00,DPR,DPR,V0086 V0832 V0086
P-400ZO20,P -0887,540000.00,0.00,DPR,DPR,V0282 V0737
P-400ZO16,"P -0887 , P -Q245",50000.00,0.00,DPR,DPR,V0245 V0471 V0189
P-4QWCABR,"P -0887 , P -Q245",99700.00,0.00,DPR,DPR,V0559 V0476 V0443
P-400ZO23,P -0887,200000.00,0.00,DPR,DPR,V0495 V0941 V0224
P-600ZOO5,P -0887,700000.00,0.00,DPR,DPR,V0540 V0248
P-400ZO22,P -0887,0.00,0.00,DPR,DPR,V0684
P-400ZO18,"P -0887 , P -D019",853728.00,0.00,DPR,DPR,V0443
P-104FIS2,"P -1018 , P -I001",6757829.00,1951259.25,DPR,DPR,V0908
P-3ASGRSU,"P -D018 , P -I001 , P -M245",300000.00,0.00,DPR,DPR,V0372 V0651 V0411
P-400ZO19,P -0887,220000.00,0.00,DPR,DPR,V0716
P-302HIGH,"P -0245M, P -1018 , P -D018 , P -I001",5325000.00,69514.35,DPR,DPR,V0247 V0915
P-3SHRMRW,"P -D018 , P -I001 , P -M245",1655000.00,81987.05,DPR,DPR,V0057 V0497 V0365
P-30AG05,P -D018,0.00,0.00,DPR,DPR,V0692 V0248 V0150
P-200ZO19,P -0887,8263000.00,0.00,DPR,DPR,V0335
P-308FFCA,"P -I001 , P -M245",325000.00,250000.00,DPR,DPR,V0209 V0184
P-400QZOO,P -Q245,639550.51,373550.51,DPR,DPR,V0562 V0566 V0878
P-3ASGRGN,"P -D018 , P -I001",0.00,0.00,DPR,DPR,V0365 V0130
P-3HGLNPH,"P -D018 , P -I001",0.00,0.00,DPR,DPR,V0574 V0274
P-4RGROI2,"P -0245Q, P -I001",16073000.00,860000.00,DPR,DPR,V0086 V0365 V0613
P-3HRPDG8,"P -D018 , P -I001 , P -M245",648182.00,648182.00,DPR,DPR,V0693
P-3HGLNRC,"P -0245M, P -1326",1925000.00,0.00,DPR,DPR,V0289
P-3HR2944,"P -1246 , P -I001",23000000.00,0.00,DPR,DPR,V0443 V0986 V0312
P-3HRPTEN,P -D018,504048.00,504048.00,DPR,DPR,V0436 V0503 V0183
P-308AGPO,P -D018,0.00,0.00,DPR,DPR,V0745 V0487 V0312
P-415PABR,P -0508,0.00,0.00,DPR,DPR,V0622 V0490 V0572
P-309RSLG,"P -D018 , P -I001",70000.00,0.00,DPR,DPR,V0604 V0705
P-3CENTRL,P -M245,80000.00,75000.00,DPR,DPR,V0026
P-415PAS4,P -0245Q,0.00,0.00,DPR,DPR,V0056
P-3HRP26U,"P -1246 , P -I001",9114000.00,0.00,DPR,DPR,V0144
P-3HLNACC,"P -0245M, P -D018 , P -I001",2269997.00,2040999.19,DPR,DPR,V0766 V0339
P-110MAN2,"P -1018 , P -1250 , P -1329 , P -D021 , P -D021 , P -I001 , P -X245",7450201.76,336963.66,DPR,DPR,V0755
P-412BAI2,"P -0245Q, P -D019 , P -I001",12585326.37,1159390.77,DPR,DPR,V0236
P-405MPPG,"P -1018 , P -D019 , P -I001 , P -Q125",6465000.00,494961.78,DPR,DPR,V0144
P-2LNCON,"P -0412 , P -D017 , P -I001 , P -K011",5039809.01,188639.05,DPR,DPR,V0267
P-4FITZPG,"P -D019 , P -I001 , P -Q245",5625226.04,440680.35,DPR,DPR,V0216 V0373
P-3BWWAT1,"P -0245M, P -1250 , P -D018 , P -I001 , P -M822",1513737.18,305174.08,DPR,DPR,V0146 V0584 V0169
P-308STCP,"P -1018 , P -D018 , P -I001",9650448.46,892643.64,DPR,DPR,V0476 V0026 V0877
P-104MPSK,"P -0245X, P -1018 , P -D021 , P -I001 , P -X245",11021441.63,943188.10,DPR,DPR,V0056 V0974
P-409EQTY,"P -D019 , P -I001 , P -Q245 , TF-0502",3421810.85,555974.59,DPR,DPR,V0187
P-4DSTG02,"P -0245Q, P -I001",4003073.76,518056.95,DPR,DPR,V0572 V0629
P-407WBPK,"P -0245Q, P -D019 , P -I001",6457571.00,635603.74,DPR,DPR,V0129 V0792
P-102JCAP,"P -D021 , P -I001",6700000.00,383305.32,DPR,DPR,V0411 V0734 V0788
P-307SBPG,"P -D018 , P -I001",3642000.00,462000.00,DPR,DPR,V0365
P-415WRD2,P -1018,38825969.29,2009174.42,DPR,DPR,V0247
SANDY4-26,"P -1018 , P -I001",8028521.71,1060467.24,DPR,DPR,V0092 V0411 V0461
P-303HFOP,P -1008,44642000.00,0.00,DPR,DPR,V0091 V0604 V0086
P-303HFRC,"P -0245M, P -0506 , P -1018 , P -1250 , P -I001 , TF-0502",91684510.65,1560565.37,DPR,DPR,V0866 V0076 V0604
P-2GATEW6,P -1018,188838.22,10838.22,DPR,DPR,V0345 V0056
P-2SHORTR,"P -0822 , P -I001",930000.00,0.00,DPR,DPR,V0405 V0880
P-1HAMMON,"P -1018 , P -I001",1630000.00,5955.82,DPR,DPR,V0462 V0696 V0768
P-4RAMBLE,"P -1018 , P -I001",4844071.00,543930.60,DPR,DPR,V0723 V0466
P-4BRODCH,"P -1018 , P -D019 , P -I001",3466781.42,161050.00,DPR,DPR,V0941
P-5SNUGLL,"P -1018 , P -I001",600000.00,0.00,DPR,DPR,V0458 V0155 V0534
P-5GSIGI1,"P -0245R, P -I001",692652.00,61432.42,DPR,DPR,V0086 V0487 V0465
NDF-GESPL,"ED-0384 , P -I001",6020000.00,1870.05,DPR,DPR,V0475
NDF-GGPRK,"ED-0384 , P -I001",14400000.00,0.00,DPR,DPR,V0709 V0216
NDF-BNDST,"ED-0384 , P -I001",3250000.00,13967.07,DPR,DPR,V0933
P-409FRDR,"P -D019 , P -I001",2040452.85,249000.00,DPR,DPR,V0209 V0100
P-204ISPD,"P -D017 , P -I001",1382000.00,167000.00,DPR,DPR,V0921 V0209
P-405JUNP,"P -1018 , P -D019 , P -I001",6970007.39,362741.96,DPR,DPR,V0604 V0289
P-411OKPG,"P -D019 , P -D019 , P -I001",0.00,0.00,DPR,DPR,V0902
P-203HVKP,"P -0510 , P -D017 , P -I001 , P -K011",2192000.00,394000.00,DPR,DPR,V0035
P-411CRPG,"P -D019 , P -I001 , P -Q245",6234600.65,627081.70,DPR,DPR,V0929
P-211BHPI,"P -1018 , P -D017 , P -I001 , TF-0502",12218643.95,774526.99,DPR,DPR,V0189 V0009
P-217CPRN,"P -0245K, P -I001",1000000.00,0.00,DPR,DPR,V0475 V0351
P-4OVERLO,"P -1249 , P -I001",2455000.00,1164205.16,DPR,DPR,V0678
P-413LAPC,"P -D019 , P -I001",4869604.21,448659.66,DPR,DPR,V0397 V0160 V0562
P-218CPBF,"P -D017 , P -I001 , P -K011",12000000.00,0.00,DPR,DPR,V0174
P-111BRAD,"P -D021 , P -I001",0.00,0.00,DPR,DPR,V0487 V0208
P-107WOIF,"P -D021 , P -I001",10000000.00,0.00,DPR,DPR,V0433
P-106CICP,"P -D021 , P -I001",77168.79,77168.79,DPR,DPR,V0183 V0574 V0312
P-108WORC,"P -1249 , P -D021 , P -I001",4225000.00,35000.00,DPR,DPR,V0289
P-309STN4,"P -1018 , P -I001",3079791.03,369483.00,DPR,DPR,V0381
P-402TLLP,"P -D019 , P -I001",7225174.81,582867.19,DPR,DPR,V0864 V0851
P-414BC32,"P -D019 , P -I001 , P -Q245",4240000.00,0.00,DPR,DPR,V0062 V0079
P-303KILS,P -1018,0.00,0.00,DPR,DPR,V0365
P-104BCMR,P -1329,0.00,0.00,DPR,DPR,V0088 V0144 V0245
P-213ALDR,"P -D017 , P -I001",1778000.00,358000.00,DPR,DPR,V0130 V0787
P-415ALOT,"P -1018 , P -D019 , P -I001",672000.00,41056.91,DPR,DPR,V0247 V0006 V0247
P-501CLPR,"P -I001 , P -R245",5090022.10,444611.86,DPR,DPR,V0910 V0153
P-306SSHR,"P -0505 , P -1018 , P -D018 , P -I001",4322145.50,234162.15,DPR,DPR,V0604 V0509
P-410ROCK,"P -D019 , P -I001",8550341.82,583258.32,DPR,DPR,V0144
P-210SRPD,"P -D017 , P -I001",3446000.00,0.00,DPR,DPR,V0691 V0146 V0426
P-102HPRC,"P -D021 , P -I001",1288000.00,168000.00,DPR,DPR,V0809
P-412HARP,"P -0245Q, P -D019 , P -I001",3269687.48,378970.00,DPR,DPR,V0291
P-309TMPR,"P -D018 , P -I001",7408000.00,0.00,DPR,DPR,V0856 V0490 V0475
P-312IWDH,"P -D018 , P -D018 , P -I001",2148000.00,0.00,DPR,DPR,V0877 V0274
P-405MPSL,"P -D019 , P -I001",3630000.00,293673.62,DPR,DPR,V0045 V0475 V0327
P-210RPPI,"P -D017 , P -I001",4000000.00,0.00,DPR,DPR,V0035 V0150 V0035
P-411TELE,"P -D019 , P -I001 , TF-0502",3440356.15,455845.11,DPR,DPR,V0806 V0640 V0082
P-311MGAP,"P -1018 , P -1018 , P -I001",12049888.00,221778.06,DPR,DPR,V0886 V0742
P-304MPRC,"P -0505 , P -1018 , P -D018 , P -I001",2818273.86,107173.01,DPR,DPR,V0490 V0026
P-106CRTN,"P -D021 , P -I001",2175000.00,852614.77,DPR,DPR,V0881
P-30634LS,"P -D018 , P -I001",0.00,0.00,DPR,DPR,V0443 V0289 V0475
P-307RIVR,"P -1018 , P -D018 , P -I001 , P -M245",9922604.69,279529.71,DPR,DPR,V0710 V0526
P-503CHLP,"P -D017 , P -D020 , P -I001 , TF-0502",988000.00,254882.79,DPR,DPR,V0053 V0057 V0364
P-4CUNHCP,"P -D019 , P -I001 , P -Q245",10000.00,534.57,DPR,DPR,V0009 V0407 V0289
P-3ISAAC,"P -D018 , P -I001 , P -M245",550000.00,0.00,DPR,DPR,V0274 V0226 V0027
P-408CHLG,"P -D019 , P -I001 , P -Q245",6179571.05,554825.23,DPR,DPR,V0490
P-4DELGRP,"P -D019 , P -I001 , P -Q245",7825050.18,81709.83,DPR,DPR,V0057 V0150
P-203SBIP,"P -I001 , P -K011",5425000.00,95000.00,DPR,DPR,V0487 V0150
P-3SYCAMO,"P -1018 , P -D018 , P -I001 , P -M245",4580000.00,360000.00,DPR,DPR,V0878
P-2JRCOUR,"P -D017 , P -I001 , P -K011",5149546.96,441535.76,DPR,DPR,V0274
P-413BRKE,"P -I001 , P -Q245",2060106.73,238532.88,DPR,DPR,V0604 V0009
P-413BRO4,"P -D019 , P -I001",1100000.00,0.00,DPR,DPR,V0421
P-3ALSMTH,"P -0505 , P -1018 , P -I001",2546000.00,190000.00,DPR,DPR,V0562 V0540
P-6CNGEVC,"P -1018 , P -I001",976000.00,108000.00,DPR,DPR,V0122 V0457 V0503
P-103DBPR,"P -D021 , P -I001",3800000.00,0.00,DPR,DPR,V0183
P-403TRVR,"P -I001 , P -Q245",1438000.00,388000.00,DPR,DPR,V0312
P-2CPIGPP,"P -1018 , P -I001 , TF-0502",9327620.72,784759.03,DPR,DPR,V0183 V0123
P-414ARVR,"P -1018 , P -D019 , P -I001 , P -Q245 , TF-0502",7484000.00,175149.42,DPR,DPR,V0189
P-2MCTURF,"P -D017 , P -K011",0.00,0.00,DPR,DPR,V0627
P-502OBRF,"P -0506 , P -0506 , P -1018 , P -1018 , P -I001",70243381.14,747138.70,DPR,DPR,V0174
P-501WLKR,"P -D020 , P -I001 , P -R245",4442638.89,522854.23,DPR,DPR,V0402 V0214
P-2CPISMP,"P -1018 , P -I001 , TF-0502",3192000.00,362000.00,DPR,DPR,V0535 V0248 V0411
P-503WLFP,"P -1018 , P -D020 , P -I001 , P -R245",10664799.63,678101.09,DPR,DPR,V0476 V0150 V0248
P-1CPIEJM,"P -1018 , P -I001",2359219.76,189219.76,DPR,DPR,V0209 V0118 V0043
P-5CPILIP,"P -1018 , P -I001",5392643.49,600395.78,DPR,DPR,V0781 V0274 V0652
P-3CPIPMP,"P -1018 , P -I001",6590127.26,302726.76,DPR,DPR,V0125
P-4CPICOL,"P -1018 , P -I001",8120087.55,636613.90,DPR,DPR,V0443
P-3CPIHRP,"P -1018 , P -I001",7020296.57,568336.90,DPR,DPR,V0356
P-210DBDM,"P -D017 , P -D017 , P -I001",2225000.00,300000.00,DPR,DPR,V0118 V0026
P-409PRPC,"P -1018 , P -I001 , P -Q245",3845483.83,245469.04,DPR,DPR,V0074
P-2BKHQLV,"P -D017 , P -I001 , P -K011",1214000.00,0.00,DPR,DPR,V0538 V0833 V0475
P-414ODON,P -D019,0.00,0.00,DPR,DPR,V0801 V0002
P-2CPICWC,"P -1018 , P -I001 , TF-0502",6707959.28,575412.23,DPR,DPR,V0454 V0122
P-3ASRLVY,"P -0505 , P -I001",3500000.00,0.00,DPR,DPR,V0465 V0878 V0170
P-3CPIERP,"P -1018 , P -I001",8611626.19,320626.19,DPR,DPR,V0458 V0312 V0485
P-4CPIHPP,"P -1018 , P -I001",4520970.76,411970.76,DPR,DPR,V0209 V0209
P-2CPIHCP,"P -1018 , P -I001",7016168.19,238168.19,DPR,DPR,V0599
P-1CPIFIP,"P -1018 , P -I001",6672202.54,352270.88,DPR,DPR,V0428 V0883 V0265
P-5CPISCP,"P -1018 , P -I001",7158000.00,165000.00,DPR,DPR,V0490 V0576 V0336
P-303ABCP,"P -1018 , P -D018 , P -I001",6103000.00,45000.00,DPR,DPR,V0701 V0203
P-309MPP1,"P -0245M, P -I001",9875472.53,111978.59,DPR,DPR,V0126 V0768
P-307MPSP,"P -D018 , P -I001",4770000.00,0.00,DPR,DPR,V0619 V0543
P-312JHWD,"P -D018 , P -I001",1000000.00,0.00,DPR,DPR,V0189
P-307RPAF,"P -1018 , P -D018 , P -I001",347000.00,39126.44,DPR,DPR,V0002
P-2CPILIP,"P -1018 , P -I001",6678802.35,307743.95,DPR,DPR,V0367 V0216
P-310JRPG,"P -D018 , P -I001 , P -M245",5001000.00,0.00,DPR,DPR,V0036 V0750 V0247
P-1CPIHAP,"P -0245X, P -1018 , P -D021 , P -I001",14165042.28,1205035.52,DPR,DPR,V0562 V0118
P-1CPIYVP,"P -1018 , P -I001 , TF-0502",3274233.76,215233.76,DPR,DPR,V0169 V0220 V0146
P-5SIPOOL,"P -0245R, P -0632 , P -I001",16780000.00,0.00,DPR,DPR,V0859 V0526
P-408MLDY,"P -I001 , P -Q245",296000.00,0.00,DPR,DPR,V0208 V0800
P-4IDLETB,"P -I001 , P -Q245",1055000.00,53722.29,DPR,DPR,V0572
SANDY2-25,"P -1018 , P -I001",2603000.00,0.00,DPR,DPR,V0723 V0080
P-6TREESB,"ED-0075 , ED-0409 , HB-0215 , HB-1193 , HW-0001R, P -0245K, P -0822 , P -0822 , P -0950 , P -1018 , P -D019 , P -D822 , PO-0141 , S -0186",205399000.00,0.00,DPR,DPR,V0312 V0833
P-6CW1250,P -1250,442482.03,426785.17,DPR,DPR,V0296
P-405FPPR,"P -D019 , P -I001 , P -Q245",8561542.81,754360.49,DPR,DPR,V0733 V0630
P-105MHGT,"P -D021 , P -I001",404000.00,52322.35,DPR,DPR,V0956 V0301 V0231
P-110HRMO,"P -0245X, P -I001",2719557.07,298138.44,DPR,DPR,V0817
P-3CPISNS,"P -1018 , P -I001 , P -M245",6218980.33,305980.33,DPR,DPR,V0916
P-304DWCP,"P -0245M, P -1018 , P -D018 , P -I001",6322000.00,193000.00,DPR,DPR,V0850
P-401DMPG,"P -0245Q, P -D019 , P -I001",340000.00,178897.86,DPR,DPR,V0130 V0247 V0365
P-502WBBF,"P -0245R, P -D020 , P -I001 , P -R245",20972000.00,0.00,DPR,DPR,V0131 V0523 V0189
P-110HART,"P -1018 , P -1018",17113466.26,492007.30,DPR,DPR,V0877
SANDY1-12,"P -1018 , P -I001",6726000.00,100000.00,DPR,DPR,V0115
P-414SFHR,"P -D019 , P -I001",2645000.00,334000.00,DPR,DPR,V0247 V0418
SANDY4-56,"P -1018 , P -I001",1229000.00,0.00,DPR,DPR,V0500 V0557
P-206RHBH,"P -0245K, P -I001 , TF-0502",5225000.00,85030.26,DPR,DPR,V0248 V0245
HPF-BPPK,"ED-0075 , P -I001",15164740.90,654088.77,DPR,DPR,V0189
P-412RWR3,"P -0245Q, P -0506 , P -I001",77248.57,48642.82,DPR,DPR,V0118 V0189 V0271
SEED-ROYW,"P -0245Q, P -0506 , P -1018 , P -I001",26041809.73,568258.57,DPR,DPR,V0206 V0839
P-200WLCS,"P -0412 , P -D017 , P -I001 , P -K001",2040000.00,0.00,DPR,DPR,V0878
P-312DACC,"P -0245M, P -D018 , P -I001",0.00,0.00,DPR,DPR,V0975 V0155
P-2CIGNWY,P -0007,0.00,0.00,DPR,DPR,V0045 V0188 V0609
P-2DSTG01,"HW-0001K, HW-K005 , P -1018 , P -I001 , TF-0502",8300000.00,190060.55,DPR,DPR,V0756 V0619
P-105UWPB,"P -D021 , P -I001",550000.00,0.00,DPR,DPR,V0304 V0498 V0187
P-2DSTG03,"HW-0001K, P -0245K, P -1018 , P -I001 , P -K011 , TF-0502",38022000.00,182265.82,DPR,DPR,V0216 V0074
P-2DSTG04,"P -1018 , P -I001 , P -K011",62169.12,62169.12,DPR,DPR,V0169
P-2DSTGNN,P -0245K,0.00,0.00,DPR,DPR,V0443 V0881 V0006
P-5BLOOMB,"P -1018 , P -D020 , P -I001 , P -R245",770000.00,615809.46,DPR,DPR,V0118
P-4DSTG5A,"HW-0001Q, HW-D103 , P -1018 , P -D019 , P -I001",26677847.68,857412.77,DPR,DPR,V0475 V0432
P-4LLVIRG,"P -D019 , P -I001 , P -Q245 , TF-0502",11016469.13,1193904.03,DPR,DPR,V0144 V0209 V0045
P-4STMCPG,"P -1018 , P -D019 , P -I001 , P -Q245",7577229.07,676550.46,DPR,DPR,V0725
P-1VANCPL,"P -1008 , P -1018 , P -I001",27447000.00,2698.36,DPR,DPR,V0208 V0104
P-3GRTDRF,"P -0245M, P -1249 , P -I001",2930000.00,45081.55,DPR,DPR,V0604
P-311RIWR,"P -1018 , P -D018 , P -D018 , P -I001 , P -M245",3984955.25,179258.47,DPR,DPR,V0216 V0150 V0506
P-108VCPT,"P -0088 , P -I001 , WM-0011",4857656.63,7662.06,DPR,DPR,V0401
P-307FDBB,"P -1018 , P -D018 , P -I001",8840217.16,557000.00,DPR,DPR,V0111
P-108SDPW,"P -D021 , P -D021 , P -I001",3549943.20,57105.33,DPR,DPR,V0352 V0467
P-1WASHPK,"P -1018 , P -I001",7465900.38,473470.97,DPR,DPR,V0351 V0382
P-3HBCGRD,P -D018,0.00,0.00,DPR,DPR,V0756
P-6GASBSI,"P -1018 , P -1250 , P -I001",4114681.25,136681.25,DPR,DPR,V0699
SANDY5-47,"P -1018 , P -I001",872000.00,0.00,DPR,DPR,V0130
P-302HUHO,"P -1018 , P -I001 , P -M245 , W -0013",4955991.86,231991.86,DPR,DPR,V0125 V0002
P-301BPOC,"P -0828 , P -D018 , P -I001 , P -M245",5619000.00,36536.33,DPR,DPR,V0921 V0247
P-411APNA,"P -0822 , P -1245 , P -I001",2419300.87,133902.91,DPR,DPR,V0340 V0044
P-502RUSS,"P -1018 , P -D020",0.00,0.00,DPR,DPR,V0386
SANDY5-55,"P -1018 , P -I001",748000.00,47740.89,DPR,DPR,V0514 V0049
P-307TDRV,"P -I001 , P -M245",200000.00,0.00,DPR,DPR,V0540 V0734 V0118
P-3R5422A,"P -0506 , P -D018 , P -I001",43380359.99,667210.68,DPR,DPR,V0296 V0340
P-3TDREC2,"P -0506 , P -1018 , P -1329 , P -I001",33271.82,10359.51,DPR,DPR,V0107 V0955 V0085
P-401SOGP,"P -D019 , P -I001",126000.00,0.00,DPR,DPR,V0961 V0150 V0485
P-2FGCSUP,"P -I001 , P -K011",0.00,0.00,DPR,DPR,V0118 V0155 V0500
P-2GPWBPC,"P -D017 , P -I001",0.00,0.00,DPR,DPR,V0006
P-218BKBF,"P -0505 , P -1018 , P -D017 , P -I001 , P -K011",8000000.00,0.00,DPR,DPR,V0312 V0931 V0507
P-413BROK,"P -D019 , P -D019 , P -I001",600000.00,0.00,DPR,DPR,V0131
P-201DEHO,"P -D017 , P -I001",740000.00,0.00,DPR,DPR,V0169
P-6CWRPZ1,"P -1018 , P -1250 , P -I001",1827800.00,315375.60,DPR,DPR,V0878 V0209
SANDY5-56,"P -1018 , P -1018 , P -I001",1451639.59,70175.94,DPR,DPR,V0166 V0411 V0538
P-200PPCS,"P -1018 , P -D017 , P -I001",6925000.00,14010.97,DPR,DPR,V0476 V0794
P-107SJRC,"P -0245X, P -0505 , P -0506 , P -1018 , P -D021 , P -I001",14464161.47,432844.07,DPR,DPR,V0274 V0469
SANDY2-38,P -1018,14000.00,0.00,DPR,DPR,V0652
SANDY2-39,"P -1018 , P -I001",1318436.00,63998.74,DPR,DPR,V0274
SANDY3-08,"P -1018 , P -I001",715580.00,89993.76,DPR,DPR,V0685 V0187 V0328
SANDY3-25,"P -1018 , P -1018 , P -I001",2999377.88,71084.67,DPR,DPR,V0430 V0437
SANDY3-26,"P -1018 , P -I001",320645.00,2001.16,DPR,DPR,V0789 V0208
SANDY3-27,P -1018,265829.00,0.00,DPR,DPR,V0530 V0743 V0485
SANDY4-52,"P -1018 , P -I001",1651334.00,92017.61,DPR,DPR,V0016 V0930 V0615
SANDY4-53,"P -1018 , P -I001",361133.00,18605.26,DPR,DPR,V0208
SANDY5-51,"P -1018 , P -I001",11265.18,265.18,DPR,DPR,V0971 V0314
SANDY5-52,P -1018,48000.00,0.00,DPR,DPR,V0045
SANDY5-53,P -1018,178042.00,11950.13,DPR,DPR,V0216
SANDY5-54,"P -1018 , P -I001",462729.00,25849.65,DPR,DPR,V0840 V0667
P-414B9TH,P -D019,0.00,0.00,DPR,DPR,V0248
P-201TRNS,"P -D017 , P -I001",300000.00,0.00,DPR,DPR,V0562
P-203HPUP,"P -1018 , P -D017 , P -I001 , P -K011",5250000.00,0.00,DPR,DPR,V0002 V0793 V0494
P-3PHILSQ,"HW-0001 , HW-0001M, P -D018 , P -I001 , P -M245",17342910.47,879260.00,DPR,DPR,V0604
P-3HRPCW1,P -D018,0.00,0.00,DPR,DPR,V0636 V0009 V0724
P-104SMPG,"P -D021 , TF-0502",3043711.98,437611.75,DPR,DPR,V0786 V0365 V0958
P-405HPRR,"P -0896 , P -I001",1576329.26,29329.26,DPR,DPR,V0169
P-207SPOS,P -D017,0.00,0.00,DPR,DPR,V0454
P-218BPLG,"P -0245K, P -1018 , P -D017 , P -I001 , P -K011",8069212.89,2212.89,DPR,DPR,V0793 V0289
P-309RPK1,P -0380,600000.00,0.00,DPR,DPR,V0019 V0098
P-3MCRPAV,P -I001,4890000.00,4667961.53,DPR,DPR,V0353 V0652
P-5PNYC08,"P -1018 , P -I001",319000.00,0.00,DPR,DPR,V0208 V0312 V0540
P-108MUSM,"P -0245X, P -I001",21274450.00,468638.46,DPR,DPR,V0183 V0422 V0189
P-200CPSW,"P -0245K, P -1018 , P -I001",4003000.00,1265583.50,DPR,DPR,V0406
P-4GBLPLG,"P -D019 , P -Q245",0.00,0.00,DPR,DPR,V0274
P-303CRH2,"P -D018 , P -I001 , P -M245",803527.75,3527.75,DPR,DPR,V0877 V0427 V0045
P-3RANDVC,"P -I001 , P -M245",239000.00,0.00,DPR,DPR,V0595
P-217HMCS,"P -D017 , P -I001",500000.00,0.00,DPR,DPR,V0144
P-4FTTOTC,"P -D019 , P -I001 , P -Q245",0.00,0.00,DPR,DPR,V0668 V0733
P-200PPPL,"P -D017 , P -I001 , TF-0502",969000.00,36322.29,DPR,DPR,V0769 V0455 V0209
P-216OSPL,"P -D017 , P -I001",0.00,0.00,DPR,DPR,V0712 V0074 V0411
P-6ENVLP1,"P -1249 , P -I001",8221000.00,0.00,DPR,DPR,V0816 V0229
P-2GATE12,"HD-0161 , P -1018 , P -I001",5075000.00,0.00,DPR,DPR,V0540
P-302HGLR,"P -0508 , P -I001",5324000.00,91634.96,DPR,DPR,V0449 V0493 V0724
P-4SUNRSE,P -D019,500000.00,0.00,DPR,DPR,V0203 V0167 V0533
P-6CPPRGW,"P -0245K, P -I001",679000.00,0.00,DPR,DPR,V0174
P-200PPUV,"P -0412 , TF-0502",678383.39,575344.22,DPR,DPR,V0351
P-200PPEC,"P -0412 , TF-0502",1376206.82,1029385.82,DPR,DPR,V0956 V0097 V0562
P-208SJRC,"P -0245K, P -D017",1266689.63,1155414.44,DPR,DPR,V0175 V0026
P-312MJMR,"P -0245M, P -1018 , P -D018 , P -DN510, P -I001 , P -M094 , P -M245",7012320.96,670882.34,DPR,DPR,V0238 V0901 V0540
P-3HRP40W,"P -1246 , P -I001",591623.82,591623.82,DPR,DPR,V0752
P-312IWDH,"P -D018 , P -D018 , P -I001",2148000.00,0.00,DPR,DPR,V0877 V0274
P-200PPLV,"P -0412 , TF-0502",955635.03,737184.92,DPR,DPR,V0777 V0877
P-5CHARLE,P -0245R,2606651.87,2497156.15,DPR,DPR,V0365 V0138
SANDY5-35,P -1018,595722.66,543264.66,DPR,DPR,V0877
P-5JOHLPL,"P -1008 , P -I001 , P -I001",4781000.00,0.00,DPR,DPR,V0443 V0091
P-2CPIAPR,"P -0505 , P -1018 , P -I001",329419.83,84985.65,DPR,DPR,V0490
P-3CPIHPR,"P -0505 , P -1018 , P -I001",4989058.87,106876.42,DPR,DPR,V0233
P-3CPINPR,"P -0505 , P -1018 , P -I001",4984058.87,113240.72,DPR,DPR,V0666 V0813 V0177
P-3CPIEPR,"P -0505 , P -1018 , P -I001",8720000.00,20000.00,DPR,DPR,V0572 V0057 V0150
P-4CPICPR,"P -0505 , P -1018 , P -I001",3623697.91,122585.33,DPR,DPR,V0737 V0144
P-308SCPR,"P -1018 , P -I001",2200000.00,0.00,DPR,DPR,V0312 V0189
P-6SITEIN,"P -1018 , P -1018",1517411.80,823088.59,DPR,DPR,V0239 V0183
P-200PPWC,"P -0412 , P -I001",355000.00,11125.91,DPR,DPR,V0002 V0895 V0490
P-303BDCG,"P -D018 , P -I001",125000.00,0.00,DPR,DPR,V0729 V0878
P-303CRES,"P -D018 , P -I001",275000.00,16110.45,DPR,DPR,V0278 V0040 V0035
P-303LPVG,"P -D018 , P -I001",175000.00,0.00,DPR,DPR,V0028 V0040
P-301BPCR,"P -0828 , P -I001",258000.00,8839.50,DPR,DPR,V0562
P-5OBRZDR,"P -0506 , P -1018 , P -I001",1425000.00,115967.95,DPR,DPR,V0626 V0339
P-2CPIPPR,"P -0505 , P -1018 , P -1018 , P -I001",614419.83,82386.95,DPR,DPR,V0122
P-209WGTF,"P -D017 , P -I001",21775000.00,36822.98,DPR,DPR,V0026 V0588 V0312
P-310MGSL,"P -D018 , P -D018",0.00,0.00,DPR,DPR,V0035 V0877 V0652
P-413IDPM,"P -1018 , P -D019 , P -D019 , P -I001",2101337.82,130967.58,DPR,DPR,V0604 V0009 V0146
P-202GREN,"P -D017 , P -I001",2500000.00,0.00,DPR,DPR,V0838
P-3RV105L,"P -1018 , P -I001",500000.00,0.00,DPR,DPR,V0560
LIC-QBPTG,"ED-0075 , P -I001",1000000.00,0.00,DPR,DPR,V0009 V0144
P-312RCKY,"P -D018 , P -D018 , P -I001",1535000.00,0.00,DPR,DPR,V0392 V0056 V0162
P-105GRNW,"P -D021 , P -I001",1042741.99,133741.99,DPR,DPR,V0028 V0248 V0267
P-109HPCG,"P -D021 , P -I001",350000.00,0.00,DPR,DPR,V0119 V0487 V0386
P-109WFNT,"P -D021 , P -I001",450000.00,0.00,DPR,DPR,V0281
P-302P46T,"P -1246 , P -D018 , P -I001 , P -M245",458000.00,0.00,DPR,DPR,V0209 V0562 V0057
P-102JCBC,"P -D021 , P -I001",150000.00,0.00,DPR,DPR,V0979 V0337 V0416
P-308CSPC,"P -D018 , P -I001",2780000.00,0.00,DPR,DPR,V0138 V0130 V0797
P-312FWTC,"P -D018 , P -I001",500000.00,0.00,DPR,DPR,V0248 V0431 V0572
P-312HRUL,"P -D018 , P -I001",4810000.00,0.00,DPR,DPR,V0146 V0652 V0659
P-405JVPP,"P -I001 , P -Q245",0.00,0.00,DPR,DPR,V0487 V0002 V0312
P-410BPPR,"P -1018 , P -I001",300000.00,0.00,DPR,DPR,V0045
P-414APBC,"P -1018 , P -I001",600000.00,0.00,DPR,DPR,V0809
P-5MIDLPL,"P -1018 , P -I001",1000000.00,0.00,DPR,DPR,V0139 V0245
P-104TCFF,"P -1018 , P -I001",90000.00,0.00,DPR,DPR,V0248 V0056 V0245
P-2PVMNRO,"P -0245K, P -I001",1015000.00,267.29,DPR,DPR,V0700 V0882 V0373
P-3SHLFNC,"P -1018 , P -I001",473000.00,0.00,DPR,DPR,V0189 V0118
P-408BRNK,"P -D019 , P -I001",130000.00,0.00,DPR,DPR,V0562 V0447
P-501SLTL,P -D020,2007000.00,97000.00,DPR,DPR,V0865 V0066
P-501SGDR,"P -D020 , P -I001",1735000.00,127267.26,DPR,DPR,V0180 V0289
P-1VCPWCP,"P -0245X, P -0508 , P -1018 , P -I001 , WM-0011",16331000.00,0.00,DPR,DPR,V0878 V0938 V0476
P-307RAMP,"P -D018 , P -I001",1575000.00,64798.19,DPR,DPR,V0122 V0118 V0784
P-5WPOLDT,"P -D020 , P -I001 , P -R245",1178000.00,0.00,DPR,DPR,V0338 V0056 V0183
P-311TJDR,"P -1018 , P -D018 , P -I001",1768000.00,200000.00,DPR,DPR,V0866 V0487 V0203
P-102FDBP,"P -D021 , P -I001",550000.00,0.00,DPR,DPR,V0531 V0365
P-108SPTP,"P -D021 , P -I001",2000000.00,0.00,DPR,DPR,V0923 V0194 V0540
P-304MCFR,"P -D018 , P -I001",0.00,0.00,DPR,DPR,V0572
P-305USP1,"P -I001 , P -M245",400000.00,0.00,DPR,DPR,V0526 V0495 V0248
P-102JCBC,"P -D021 , P -I001",150000.00,0.00,DPR,DPR,V0979 V0337 V0416
P-104ARPU,"P -0505 , P -1018 , P -D021 , P -I001",13723000.00,0.00,DPR,DPR,V0559 V0906 V0540
P-106GYWI,"P -D021 , P -I001",805000.00,105000.00,DPR,DPR,V0045 V0562
P-401QBBF,"P -D019 , P -I001",12000000.00,0.00,DPR,DPR,V0737 V0122
P-105SLRG,P -I001,0.00,0.00,DPR,DPR,V0352 V0411 V0144
P-413CDMR,"P -D019 , P -I001 , P -Q245",4350000.00,0.00,DPR,DPR,V0394 V0122
P-109WFNT,"P -D021 , P -I001",450000.00,0.00,DPR,DPR,V0281
P-312FWTC,"P -D018 , P -I001",500000.00,0.00,DPR,DPR,V0248 V0431 V0572
P-311MGPG,"P -1018 , P -D018 , P -I001",6044000.00,134419.46,DPR,DPR,V0208 V0819 V0764
P-210DRPG,"P -D017 , P -I001",4000000.00,0.00,DPR,DPR,V0604
P-412BPP5,"P -I001 , P -Q245",6100000.00,0.00,DPR,DPR,V0716 V0403
P-413SUNR,"P -D019 , P -I001",5000000.00,0.00,DPR,DPR,V0006
P-4DSTG08,"P -D019 , P -I001",11900000.00,0.00,DPR,DPR,V0557
P-406MCPI,"P -D019 , P -I001",852000.00,102000.00,DPR,DPR,V0490 V0640
P-414B17R,"P -D019 , P -I001",3000000.00,0.00,DPR,DPR,V0130
P-414BCSK,"P -D019 , P -I001",6000000.00,0.00,DPR,DPR,V0411 V0312
P-213POSE,"P -D017 , P -I001",4000000.00,0.00,DPR,DPR,V0497 V0623 V0475
P-201AMPU,"P -D017 , P -I001",5225000.00,395000.00,DPR,DPR,V0351 V0664
P-412BLST,"P -1018 , P -I001 , P -Q245",852000.00,102000.00,DPR,DPR,V0652 V0312 V0189
P-312RIDS,"P -D018 , P -I001",1400000.00,0.00,DPR,DPR,V0485
P-4EABTRA,"P -0822 , P -I001",3040000.00,0.00,DPR,DPR,V0892 V0487
P-411CRCH,"P -D019 , P -I001",441000.00,40681.47,DPR,DPR,V0853 V0457 V0006
P-304CMMC,"P -D018 , P -I001",350000.00,0.00,DPR,DPR,V0772 V0496
P-306VPSL,"P -0245M, P -I001",0.00,0.00,DPR,DPR,V0969 V0169 V0274
P-216BVR1,P -0506,0.00,0.00,DPR,DPR,V0074 V0931
P-204ISPG,"P -D017 , P -I001",4770000.00,0.00,DPR,DPR,V0015 V0816 V0150
P-409FPAR,"P -D019 , P -I001",5150000.00,0.00,DPR,DPR,V0144 V0315
P-412LBRT,"P -I001 , P -Q245",800000.00,0.00,DPR,DPR,V0216 V0074
P-307RIBF,P -D018,426000.00,51000.00,DPR,DPR,V0313 V0006 V0977
P-307VRSL,"P -D018 , P -I001",0.00,0.00,DPR,DPR,V0217 V0045
P-307HWSC,"P -D018 , P -I001",3100000.00,23743.58,DPR,DPR,V0009 V0118
P-306STTN,"P -D018 , P -I001",1500000.00,0.00,DPR,DPR,V0009 V0189 V0365
P-204BUWP,"P -D017 , P -I001",800000.00,0.00,DPR,DPR,V0572 V0475 V0245
P-413WYBB,"P -D019 , P -I001",6425000.00,48088.21,DPR,DPR,V0194 V0398
P-6EABTRD,"P -0822 , P -I001",4953000.00,0.00,DPR,DPR,V0325 V0916
P-211BESQ,"P -D017 , P -I001",1893000.00,0.00,DPR,DPR,V0274 V0330
P-216PPCS,"P -D017 , P -I001",4500000.00,0.00,DPR,DPR,V0302 V0351 V0461
P-213KSRP,"P -0245K, P -I001",4840000.00,0.00,DPR,DPR,V0838
P-311RIFL,"P -I001 , P -M245",250000.00,0.00,DPR,DPR,V0247
P-4KNDYFL,"P -D019 , P -I001",2252000.00,302000.00,DPR,DPR,V0208 V0756 V0203
P-213MRLB,"P -D017 , P -I001",9075000.00,71752.29,DPR,DPR,V0440
P-207MLPG,"P -D017 , P -I001",4175000.00,75000.00,DPR,DPR,V0256 V0683
P-307RIDS,P -D018,0.00,0.00,DPR,DPR,V0597 V0262
P-308CSPB,P -D018,1500000.00,0.00,DPR,DPR,V0351 V0247
P-111ZMPB,"P -D021 , P -I001",4600000.00,0.00,DPR,DPR,V0836 V0692 V0443
P-6EABTRF,"P -0822 , P -I001",1397000.00,0.00,DPR,DPR,V0733
NDF-GNTRB,"ED-0384 , P -I001",3000000.00,0.00,DPR,DPR,V0155
P-4FRKPOL,"ED-0384 , P -1018 , P -1250 , P -I001 , P -Q245",64512000.00,0.00,DPR,DPR,V0265
LIC-QNBP2,"ED-0075 , P -I001",7342000.00,0.00,DPR,DPR,V0404 V0002
P-413BPRC,"P -D019 , P -I001",0.00,0.00,DPR,DPR,V0476
P-200PPEP,"P -D017 , P -I001",1325000.00,13368.86,DPR,DPR,V0381 V0155
P-403NPBB,"P -1018 , P -D019 , P -I001",1316000.00,155000.00,DPR,DPR,V0208
P-200PPBH,"P -0245K, P -0245K, P -I001",800000.00,11356.74,DPR,DPR,V0045 V0799
P-1VCTURF,"P -0510 , P -1018 , P -I001",2860000.00,0.00,DPR,DPR,V0146
P-503OWLH,"P -D020 , P -I001",4600000.00,0.00,DPR,DPR,V0971 V0487 V0749
P-4RDGEWD,"P -D019 , P -Q245",3238654.81,3130761.24,DPR,DPR,V0599
P-3EMRCPK,P -1018,531348.83,510348.83,DPR,DPR,V0065 V0035
P-2PNYT28,,882102.84,847301.70,DPR,DPR,V0150
P-3WGNRPL,"P -1008 , P -I001",14225000.00,220066.96,DPR,DPR,V0635 V0428
P-109NOBE,P -D021,2253495.66,2170660.18,DPR,DPR,V0137 V0439
P-205SDFC,,231923.86,222965.78,DPR,DPR,V0169
P-2BWCC05,"P -D017 , P -K011",708301.51,587278.45,DPR,DPR,V0086 V0652 V0203
P-413WGPF,"P -D019 , P -I001",5399939.52,400450.82,DPR,DPR,V0490 V0086 V0945
P-312JHRW,"P -D018 , P -I001",175481.36,481.36,DPR,DPR,V0493
P-308CSPC,"P -D018 , P -I001",2780000.00,0.00,DPR,DPR,V0138 V0130 V0797
P-205GRP2,"P -D017 , P -I001",50000.00,2491.42,DPR,DPR,V0245
P-214ANDP,"P -D017 , P -I001",900000.00,0.00,DPR,DPR,V0441
P-303TSPK,"P -1018 , P -I001",9991000.00,103621.89,DPR,DPR,V0443
P-3RVLILE,"P -1018 , P -I001",1000000.00,0.00,DPR,DPR,V0877 V0666
P-312LRLR,"P -1018 , P -I001",13100000.00,0.00,DPR,DPR,V0289
P-1HAFFP4,"P -0245X, P -0505 , P -I001",23756000.00,200000.00,DPR,DPR,V0615 V0056 V0759
P-312WPTH,"P -1018 , P -I001",4475000.00,75000.00,DPR,DPR,V0199 V0828 V0122
P-300ZO22,P -1018,700000.00,0.00,DPR,DPR,V0289 V0026
P-104POOL,P -1018,2900000.00,0.00,DPR,DPR,V0155 V0226
P-6TCPOOL,"P -1008 , P -1018 , P -I001",2975000.00,150000.00,DPR,DPR,V0245 V0128
P-213SPBC,P -1018,0.00,0.00,DPR,DPR,V0247 V0700
P-4QNSWY2,P -1018,775000.00,0.00,DPR,DPR,V0512 V0562
P-4OLMST8,"P -1018 , P -I001",1855246.00,1253543.29,DPR,DPR,V0074 V0912
P-112BRPW,"P -1329 , P -1329 , P -I001",21206000.00,0.00,DPR,DPR,V0490
P-306RBPK,"P -1018 , P -I001",1000000.00,0.00,DPR,DPR,V0749 V0886 V0056
P-213ALPE,"P -1018 , P -I001",714000.00,52166.69,DPR,DPR,V0169 V0045 V0231
P-407FLPU,"P -D018 , P -I001",2175000.00,190000.00,DPR,DPR,V0086 V0174 V0572
P-300ZO21,P -1018,4621000.00,0.00,DPR,DPR,V0586
P-3CENW85,"P -1018 , P -I001 , TF-0502",3079000.00,0.00,DPR,DPR,V0438 V0146 V0396
P-200PPGF,"P -0412 , P -I001",114000.00,267.30,DPR,DPR,V0150
P-312FWMO,"P -1018 , P -I001",1000000.00,0.00,DPR,DPR,V0056 V0026
P-307MNRV,"P -D018 , P -I001",0.00,0.00,DPR,DPR,V0540
P-200PPLS,"P -0412 , P -I001",5075071.83,24883.53,DPR,DPR,V0209
P-112BRPW,"P -1329 , P -1329 , P -I001",21206000.00,0.00,DPR,DPR,V0490
P-312HPRF,"P -1329 , P -1329 , P -I001",5265000.00,0.00,DPR,DPR,V0312 V0598
P-6RWRFDS,"P -1018 , P -1329",5574000.00,0.00,DPR,DPR,V0001 V0335
P-6EABS25,P -0822,1409000.00,0.00,DPR,DPR,V0490 V0744
P-6CWCMFT,"P -0505 , P -1018",0.00,0.00,DPR,DPR,V0274
P-3CENHMW,"EP-0009 , P -1018 , P -I001 , P -M245",24496000.00,0.00,DPR,DPR,V0604 V0074 V0302
P-106BATH,"P -0505 , P -D021 , P -I001",0.00,0.00,DPR,DPR,V0508
SEED-BTHG,"P -0245X, P -0505 , P -D021 , P -I001",23500000.00,0.00,DPR,DPR,V0855
P-305ARMY,"P -I001 , TF-0502",3754567.00,3500836.63,DPR,DPR,V0929 V0540 V0009
P-2CPIRHB,"P -1018 , P -I001",2200000.00,0.00,DPR,DPR,V0562 V0604 V0531
P-6GBPTMS,"P -0822 , P -I001",408055.16,88055.16,DPR,DPR,V0237
P-4CPIFPR,"P -1018 , P -I001",2200000.00,0.00,DPR,DPR,V0183 V0254
P-210SPRB,"P -1018 , P -I001",6412000.00,0.00,DPR,DPR,V0387 V0218
P-2PPLHFR,"P -0412 , P -I001",1001000.00,1552.83,DPR,DPR,V0045
P-2SJFLTR,"P -1008 , P -I001",1400000.00,0.00,DPR,DPR,V0026
P-107PPVC,"P -D021 , P -X245",5019894.95,4787982.73,DPR,DPR,V0651 V0084
SEED-RZPR,"P -0505 , P -I001",5100000.00,0.00,DPR,DPR,V0830 V0604
P-108VCPE,"P -0245X, P -I001",8000000.00,0.00,DPR,DPR,V0209 V0209 V0155
SEED-MCDP,"P -0510 , P -I001",48000000.00,0.00,DPR,DPR,V0474 V0187
SEED-RNZI,"P -0245X, P -I001",14140000.00,0.00,DPR,DPR,V0026 V0203
P-2MCTURF,"P -D017 , P -K011",0.00,0.00,DPR,DPR,V0627
SEED-MCGI,"P -1018 , P -D017 , P -I001 , P -K011",14700000.00,0.00,DPR,DPR,V0150 V0011
P-1PBPTWR,"P -0822 , P -I001",12000000.00,0.00,DPR,DPR,V0705 V0378
P-1CPITIF,"P -0245X, P -0505 , P -1018 , P -1329 , P -I001",27750000.00,0.00,DPR,DPR,V0572 V0878
P-413BPRC,"P -D019 , P -I001",0.00,0.00,DPR,DPR,V0476
SEED-BRRC,"P -1018 , P -D019 , P -I001",22500000.00,0.00,DPR,DPR,V0002 V0572 V0956
SEED-GARI,"P -0245K, P -I001",6700000.00,0.00,DPR,DPR,V0135 V0475 V0026
P-3INHPHR,"P -1018 , P -I001",20796000.00,0.00,DPR,DPR,V0926 V0216
SEED-EPPR,"P -0505 , P -I001",5100000.00,0.00,DPR,DPR,V0312
SEED-VPPR,"P -0505 , P -I001",3650000.00,0.00,DPR,DPR,V0415 V0155
P-2CPIWLB,"P -1018 , P -I001",5835000.00,0.00,DPR,DPR,V0104 V0877 V0614
SEED-LPPR,"P -0505 , P -I001",3650000.00,0.00,DPR,DPR,V0568
SEED-PPLS,"P -1018 , P -I001",12000000.00,0.00,DPR,DPR,V0183 V0189
P-3CPIMCN,"P -1018 , P -I001",8000000.00,0.00,DPR,DPR,V0086 V0652 V0957
SEED-BRPR,"P -0505 , P -I001",3650000.00,0.00,DPR,DPR,V0812
P-1CPITPR,P -0505,0.00,0.00,DPR,DPR,V0009
P-5CPITPR,"P -0505 , P -I001",5000000.00,0.00,DPR,DPR,V0009
SEED-CHPR,"P -0505 , P -I001",5000000.00,0.00,DPR,DPR,V0522 V0146
SEED-PBBL,"P -0245X, P -I001",11600000.00,0.00,DPR,DPR,V0272
SEED-BFPR,P -0505,0.00,0.00,DPR,DPR,V0354 V0643 V0926
SEED-BFNO,"P -0245X, P -0505 , P -I001",14400000.00,0.00,DPR,DPR,V0490 V0006
SEED-CSTL,"P -0245X, P -1018 , P -I001",23059000.00,0.00,DPR,DPR,V0122 V0205 V0465
SEED-LRTO,"P -0245X, P -I001",13750000.00,0.00,DPR,DPR,V0845 V0174 V0189
SEED-VAPG,"P -0245X, P -I001",7250000.00,0.00,DPR,DPR,V0828 V0410
SEED-GPPR,"P -0505 , P -I001",2300000.00,0.00,DPR,DPR,V0645 V0777 V0582
P-3CPIART,"P -1018 , P -I001",4500000.00,0.00,DPR,DPR,V0795
P-1CPIAPR,P -0505,0.00,0.00,DPR,DPR,V0035 V0035 V0379
P-2CPIBPR,P -0505,0.00,0.00,DPR,DPR,V0150 V0013 V0878
P-312WBRD,P -1018,2000000.00,0.00,DPR,DPR,V0471
P-5CPITRC,"P -1018 , P -I001",6775000.00,54606.05,DPR,DPR,V0485 V0056
SEED-TYLR,"P -0245X, P -I001",14750000.00,0.00,DPR,DPR,V0145 V0440 V0317
SEED-TPPR,"P -0505 , P -I001",3650000.00,0.00,DPR,DPR,V0620
P-2CPIWPR,"P -0505 , P -I001",5000000.00,0.00,DPR,DPR,V0452
P-2PDBRC2,"P -1018 , P -I001",21978457.45,8325513.88,DPR,DPR,V0572 V0057 V0451
SEED-MBCB,"P -0245Q, P -I001",9330000.00,0.00,DPR,DPR,V0183 V0248
SEED-BRDY,"P -0245X, P -D021 , P -I001",7850000.00,0.00,DPR,DPR,V0604 V0976
P-202BRD2,"P -1018 , P -I001",1388000.00,0.00,DPR,DPR,V0672 V0556 V0113
P-3CENZPG,"P -1018 , P -I001",1549000.00,0.00,DPR,DPR,V0002 V0169
P-104TCFF,"P -1018 , P -I001",90000.00,0.00,DPR,DPR,V0248 V0056 V0245
P-4BQFLTR,"P -0245Q, P -I001",318000.00,0.00,DPR,DPR,V0107 V0673
P-6CPSTR1,"P -0822 , P -I001",4144000.00,0.00,DPR,DPR,V0476 V0039 V0142
P-4WATEDG,"P -0245Q, P -I001",15889846.16,1257131.09,DPR,DPR,V0130 V0414 V0123
P-6TPR24B,"P -0822 , P -1018 , P -I001",5760000.00,0.00,DPR,DPR,V0118 V0677 V0676
P-6TRP24B,"P -0822 , P -1018",0.00,0.00,DPR,DPR,V0362 V0174 V0698
P-6TPR24A,"P -1018 , P -I001",5760000.00,0.00,DPR,DPR,V0002
P-6TRP24A,P -0822,0.00,0.00,DPR,DPR,V0562 V0470 V0475
P-2MTRORC,"P -1008 , P -I001",3300000.00,0.00,DPR,DPR,V0187 V0898
P-311RILS,P -1018,3809325.06,2559825.06,DPR,DPR,V0125
P-1PNYT20,P -0822,1626746.86,1626290.76,DPR,DPR,V0804 V0122
P-211BENS,P -D017,1566273.98,1337036.54,DPR,DPR,V0489 V0045 V0627
P-1PNYC03,P -0060,2805006.61,2772585.39,DPR,DPR,V0362 V0169
P-4PNYT25,P -0822,1254407.40,1253977.25,DPR,DPR,V0572 V0769
P-2BWCC09,P -K011,2698865.59,2619696.87,DPR,DPR,V0006
P-311RIFW,P -0245M,1708759.04,1708804.37,DPR,DPR,V0209 V0572 V0030
P-210DBCS,P -D017,2477215.01,2423660.50,DPR,DPR,V0510
P-302DRYD,P -1018,2059987.72,2060103.73,DPR,DPR,V0057
P-312ISA2,P -D018,1099116.56,1064116.53,DPR,DPR,V0009 V0135 V0150
P-6WALK11,P -1018,464170.71,463733.66,DPR,DPR,V0365
P-1PNYFL1,P -0705,648232.37,648525.84,DPR,DPR,V0516 V0057
P-216K11C,"P -1018 , P -K011",2231435.34,2133166.65,DPR,DPR,V0312 V0970 V0540
SANDY5-04,"P -1018 , P -1018",2891229.12,2890745.64,DPR,DPR,V0249 V0009 V0248
P-1KNGSBR,P -X245,1329495.09,1184870.16,DPR,DPR,V0163 V0365
P-4PNYC05,P -0581,10121409.60,10121797.02,DPR,DPR,V0578 V0189
P-218CNRS,P -D017,1904324.51,1796324.51,DPR,DPR,V0026 V0035 V0528
P-4BWIDEC,P -D019,1326654.31,1148790.36,DPR,DPR,V0133 V0840 V0056
P-407MPRC,P -Q245,866683.76,800263.76,DPR,DPR,V0359
P-407KPTC,P -D019,764318.75,720318.75,DPR,DPR,V0002 V0189
P-1JARDIN,P -D021,395212.67,370212.67,DPR,DPR,V0274 V0466 V0241
P-1TRAILW,"P -0963 , P -D021",2420512.63,2420721.63,DPR,DPR,V0680 V0204
P-214D17A,P -D017,1418004.61,1383004.61,DPR,DPR,V0299 V0406 V0057
P-413QFMF,"P -D019 , P -Q245",1262516.15,1161516.15,DPR,DPR,V0763
P-102CEME,P -X245,10375484.66,10111315.39,DPR,DPR,V0074 V0642
P-502DNGN,"P -I001 , P -R245",3300000.00,0.00,DPR,DPR,V0676
P-303CAPJ,"P -D018 , P -I001 , P -M245",1700000.00,0.00,DPR,DPR,V0562 V0758 V0612
P-309NICH,"P -1018 , P -D018 , P -I001 , P -M245",9800000.00,0.00,DPR,DPR,V0435 V0189 V0540
P-309RBNK,"P -D018 , P -I001",4400000.00,0.00,DPR,DPR,V0203 V0475
P-312HRUL,"P -D018 , P -I001",4810000.00,0.00,DPR,DPR,V0146 V0652 V0659
P-503BDPG,"P -0245R, P -I001 , P -R245",5600000.00,0.00,DPR,DPR,V0146
P-412BPP1,"P -D019 , P -I001",5100000.00,0.00,DPR,DPR,V0703 V0143
P-312DFLA,"P -0245M, P -I001",2741000.00,0.00,DPR,DPR,V0351
P-209LCGI,"P -D017 , P -I001",450000.00,0.00,DPR,DPR,V0608 V0155 V0572
P-2GPWB29,P -1018,5200000.00,0.00,DPR,DPR,V0248
P-213SGWS,"P -D017 , P -I001",400000.00,0.00,DPR,DPR,V0144
P-503WDHL,"P -I001 , P -R245",2250000.00,0.00,DPR,DPR,V0604 V0451
P-414NPST,"P -0245Q, P -I001",4200000.00,0.00,DPR,DPR,V0006
P-1CPITDC,"P -1018 , P -I001",3250000.00,0.00,DPR,DPR,V0984
P-203HVBC,"P -D017 , P -I001",6000000.00,0.00,DPR,DPR,V0075 V0515
P-200F4PG,"P -D017 , P -I001",500000.00,0.00,DPR,DPR,V0476 V0146 V0770
P-210SPTC,"P -D017 , P -I001",4000000.00,0.00,DPR,DPR,V0225
P-2CPIBDC,"P -1018 , P -I001",2000000.00,0.00,DPR,DPR,V0203 V0929 V0652
P-218BBCG,"P -D017 , P -I001",296000.00,0.00,DPR,DPR,V0274 V0124 V0169
P-412LCMP,"P -D019 , P -I001",3820000.00,0.00,DPR,DPR,V0237 V0966 V0503
P-415FMTP,"P -D019 , P -I001",6250000.00,0.00,DPR,DPR,V0274 V0878 V0658
P-503WPPL,"P -D020 , P -I001",1500000.00,0.00,DPR,DPR,V0562 V0755
P-202CLOT,"P -D017 , P -I001 , P -K011",21000000.00,0.00,DPR,DPR,V0556
P-203RBP1,"P -D017 , P -I001 , P -K011",5000000.00,0.00,DPR,DPR,V0645 V0476
P-215HHCE,"P -D017 , P -I001",3000000.00,0.00,DPR,DPR,V0006
P-312AGOR,"P -D018 , P -I001",3000000.00,0.00,DPR,DPR,V0130 V0487
P-304HLKP,"P -D018 , P -I001",0.00,0.00,DPR,DPR,V0274 V0698
P-303SWRD,"P -D018 , P -I001",290000.00,0.00,DPR,DPR,V0074 V0216
P-104LCCG,"P -D021 , P -I001",450000.00,0.00,DPR,DPR,V0325 V0971
P-215KPTC,"P -D017 , P -I001",2500000.00,0.00,DPR,DPR,V0821
P-405FPDH,"P -D019 , P -I001",2000000.00,0.00,DPR,DPR,V0686 V0749 V0074
P-203HVPP,"P -D017 , P -I001",500000.00,0.00,DPR,DPR,V0490 V0499 V0711
SEED-BGDC,"P -0245X, P -I001",3000000.00,0.00,DPR,DPR,V0604 V0267 V0081
P-301WMKT,"P -D018 , P -I001",200000.00,0.00,DPR,DPR,V0443 V0268 V0035
P-308TRAM,"P -D019 , P -I001",2000000.00,0.00,DPR,DPR,V0208 V0971 V0155
P-4TRE27B,"P -0822 , P -D822 , P -I001",9600000.00,0.00,DPR,DPR,V0086 V0155 V0340
P-3TRE27A,"P -0245M, P -0822 , P -D822 , P -I001 , P -M245 , PU-0100",11515000.00,0.00,DPR,DPR,V0917 V0816
P-501HPSP,"P -D020 , P -I001",0.00,0.00,DPR,DPR,V0189 V0572
P-301BNEW,"P -D018 , P -I001",250000.00,0.00,DPR,DPR,V0130 V0613 V0203
P-307RPWR,"P -D018 , P -I001",212000.00,0.00,DPR,DPR,V0026
P-106IPPC,"P -1018 , P -D021 , P -I001",10200000.00,0.00,DPR,DPR,V0490
P-109HPCG,"P -D021 , P -I001",350000.00,0.00,DPR,DPR,V0119 V0487 V0386
P-413IWRE,"P -0245Q, P -I001",38000000.00,0.00,DPR,DPR,V0110
P-312JHEP,"P -D018 , P -I001",1500000.00,0.00,DPR,DPR,V0189 V0001
P-414B142,"P -D019 , P -I001",100000.00,0.00,DPR,DPR,V0800
P-2TRE27B,"P -D822 , P -I001",128000.00,0.00,DPR,DPR,V0900 V0580 V0247
P-4TRE27A,"P -0822 , P -D019 , P -D822 , P -I001 , P -Q245",9555000.00,0.00,DPR,DPR,V0703
P-303LESP,"P -D018 , P -I001",350000.00,0.00,DPR,DPR,V0247 V0693 V0045
P-409MAFP,"P -D019 , P -I001",500000.00,0.00,DPR,DPR,V0074
P-503BHNC,"P -D020 , P -I001",500000.00,0.00,DPR,DPR,V0925 V0833 V0057
P-301DUAN,"P -D018 , P -I001",300000.00,0.00,DPR,DPR,V0475
P-501APPD,"P -D020 , P -I001",1560000.00,0.00,DPR,DPR,V0183
P-307BWYM,"P -D018 , P -I001",200000.00,0.00,DPR,DPR,V0411
P-307GEGF,"P -D018 , P -I001",200000.00,0.00,DPR,DPR,V0976
P-102PRNT,"P -1018 , P -I001",16740000.00,0.00,DPR,DPR,V0203 V0209
P-2TRE27A,"HW-0001K, P -0822 , P -D822 , P -I001",8200000.00,0.00,DPR,DPR,V0452
P-312FTDR,"P -D018 , P -I001",1600000.00,0.00,DPR,DPR,V0269
P-210FHAM,"P -D017 , P -I001",600000.00,0.00,DPR,DPR,V0973 V0174 V0312
SEED-MCFR,P -0245M,13480000.00,0.00,DPR,DPR,V0216 V0042
P-1TRE27A,"P -D822 , P -I001",50000.00,0.00,DPR,DPR,V0056 V0618
P-213CIGA,P -0704,0.00,0.00,DPR,DPR,V0365 V0803
P-309PG12,"P -I001 , P -M245",500000.00,0.00,DPR,DPR,V0174 V0026 V0628
SEED-VRTN,P -0245M,2700000.00,0.00,DPR,DPR,V0622 V0770
P-311PRPR,"P -D018 , P -I001",4600000.00,0.00,DPR,DPR,V0761
P-216OSCS,"P -D017 , P -I001",1500000.00,0.00,DPR,DPR,V0878 V0118
P-6SITEI3,P -1018,1910000.00,0.00,DPR,DPR,V0056 V0056
P-6SITEI5,P -1018,451000.00,0.00,DPR,DPR,V0074 V0443 V0749
P-6SITEI6,P -1018,809000.00,0.00,DPR,DPR,V0122
P-200PPGA,"P -0704 , P -I001",103075000.00,0.00,DPR,DPR,V0572 V0878 V0699
SEED-JFPR,"P -0505 , P -I001",5000000.00,0.00,DPR,DPR,V0144 V0341 V0831
P-4QTDSRC,"P -0245Q, P -I001",1650000.00,0.00,DPR,DPR,V0208
P-302HFFE,P -0506,800000.00,0.00,DPR,DPR,V0796 V0775 V0247
P-6SWRC23,"P -0245M, P -0245X, P -I001",4346000.00,0.00,DPR,DPR,V0733 V0703
P-6IHOTPS,"P -0822 , P -I001",476000.00,0.00,DPR,DPR,V0487 V0026
P-302PI51,"P -I001 , P -M245",250000.00,0.00,DPR,DPR,V0351 V0056 V0002
P-6IHTPPS,"P -0822 , P -I001",1428000.00,0.00,DPR,DPR,V0617 V0155
P-302HSRC,"P -0506 , P -I001",79200000.00,0.00,DPR,DPR,V0056 V0324
P-4SWRO23,"P -0245Q, P -I001",6160000.00,0.00,DPR,DPR,V0008
P-3CENTHM,"P -D018 , P -I001 , P -M245",1325000.00,0.00,DPR,DPR,V0962 V0092
P-413QCAF,"P -D019 , P -I001",5250000.00,0.00,DPR,DPR,V0165 V0315 V0847
P-302TDRS,"P -1008 , P -1018",88099000.00,0.00,DPR,DPR,V0008
SEED-PTMC,"P -0245K, P -I001",10100000.00,0.00,DPR,DPR,V0174 V0035
P-308AGFA,"P -D018 , P -I001",1840000.00,0.00,DPR,DPR,V0540
P-402ANGP,"P -D019 , P -I001",4500000.00,0.00,DPR,DPR,V0335
P-201ROEB,"P -1018 , P -I001 , P -K011",8550000.00,0.00,DPR,DPR,V0088 V0026
SEED-JHPR,"P -0505 , P -I001",5000000.00,0.00,DPR,DPR,V0709
SEED-PTPR,"P -0505 , P -I001",4000000.00,0.00,DPR,DPR,V0115 V0972
P-4SWRC23,"P -0245Q, P -I001",6022000.00,0.00,DPR,DPR,V0118 V0026 V0604
P-1OWEND4,"P -1250 , P -I001",2533000.00,0.00,DPR,DPR,V0155 V0035 V0146
P-2SWRO23,"P -1018 , P -I001",3195000.00,0.00,DPR,DPR,V0572 V0006 V0183
P-408CPFR,"P -0245Q, P -D019 , P -I001 , P -Q245",18300000.00,0.00,DPR,DPR,V0057 V0122
P-501MMRP,"P -0245R, P -1018 , P -I001",6943000.00,0.00,DPR,DPR,V0102 V0173
P-6SCACON,"P -1018 , P -I001",5842000.00,0.00,DPR,DPR,V0673
P-410WWPR,"P -0245Q, P -D019 , P -I001",9300000.00,0.00,DPR,DPR,V0154
P-308AGDH,"P -D018 , P -I001",1270000.00,0.00,DPR,DPR,V0248 V0523 V0476
P-1CROUL9,"P -I001 , WM-0011",2197000.00,0.00,DPR,DPR,V0609 V0187 V0228
SEED-DEAN,"P -0245K, P -I001",12300000.00,0.00,DPR,DPR,V0745 V0848
P-403AORC,"P -1250 , P -I001",2644000.00,0.00,DPR,DPR,V0130 V0252 V0562
P-2GPWB28,"P -0839 , P -I001",50000000.00,0.00,DPR,DPR,V0476
P-4QPGIRC,"P -0245R, P -I001",20000.00,0.00,DPR,DPR,V0540
P-302HLUP,"P -D018 , P -I001 , P -M245",450000.00,0.00,DPR,DPR,V0706 V0560
P-1CROUL8,"P -I001 , WM-0011",12800000.00,0.00,DPR,DPR,V0536 V0109
SEED-JHNK,"P -0245K, P -I001",20000000.00,0.00,DPR,DPR,V0374
P-5SWRC23,"P -1018 , P -I001",5601000.00,0.00,DPR,DPR,V0540 V0209 V0247
P-411KPEF,"P -D019 , P -I001",6300000.00,0.00,DPR,DPR,V0248 V0523 V0475
SEED-LPCG,"P -0245K, P -I001",450000.00,0.00,DPR,DPR,V0183
SEED-JFRT,"P -0245K, P -I001",5600000.00,0.00,DPR,DPR,V0878 V0648
IDA21-05,"P -1018 , P -I001",735000.00,0.00,DPR,DPR,V0373 V0878 V0414
P-501LYPG,P -0505,516000.00,0.00,DPR,DPR,V0699 V0487 V0685
SANDY4-55,"P -1018 , P -I001",3889000.00,0.00,DPR,DPR,V0010 V0518 V0698
P-2SWRC23,"P -1018 , P -I001",3356000.00,0.00,DPR,DPR,V0231 V0347 V0772
P-2FULMP2,"P -1018 , P -I001",2000000.00,0.00,DPR,DPR,V0150 V0288
P-4TRE20R,P -0822,2891565.95,2891723.68,DPR,DPR,V0861
P-4TRS21A,P -0822,944543.14,944118.92,DPR,DPR,V0189 V0553
NDF-NMKE,ED-0384,4079478.34,772401.43,DPR,DPR,V0461 V0640
P-6PNYR37,P -0822,1238549.92,1239040.60,DPR,DPR,V0216
P-211BNHT,"P -0245K, P -D017",7748997.17,7748817.61,DPR,DPR,V0788 V0100 V0912
P-4SAND02,P -1018,3462904.75,3278904.75,DPR,DPR,V0248 V0201
P-201JAME,P -1018,254905.42,255082.60,DPR,DPR,V0630 V0009 V0076
P-210SHRS,P -D017,763450.00,672982.34,DPR,DPR,V0174 V0174 V0157
P-214KPKP,P -D017,450244.49,249539.70,DPR,DPR,V0056
P-2HOOPER,P -D017,336091.78,177821.21,DPR,DPR,V0443
P-1ANCH01,"P -0568 , P -1018",9202089.49,9173634.29,DPR,DPR,V0121
P-1BWRCTR,P -1250,1265666.18,1264949.18,DPR,DPR,V0502
P-501CLRT,"P -1018 , P -R245",2118032.68,1969902.63,DPR,DPR,V0013
P-4BWIDEN,P -D019,2069079.77,2003896.06,DPR,DPR,V0243 V0150 V0466
P-2TRE18C,"P -0822 , P -1018",3343466.42,3343137.12,DPR,DPR,V0702 V0130 V0365
P-2TRE18B,P -0822,3124104.71,3124267.21,DPR,DPR,V0411
P-108SPDU,P -D021,1568620.87,1557707.72,DPR,DPR,V0563 V0985
P-404NTPG,P -Q245,1756397.76,1443115.04,DPR,DPR,V0475 V0821
P-109PAR2,P -X245,4171380.83,4170015.45,DPR,DPR,V0536
P-302CJSC,P -D018,1303040.48,1293367.23,DPR,DPR,V0585 V0203
P-30420S2,"ED-0075 , P -D018",2997304.34,2997147.36,DPR,DPR,V0702 V0086
P-3PNYT12,P -0822,1049354.27,1049322.77,DPR,DPR,V0248 V0476
P-4PNYT31,P -0822,1156000.00,1155790.83,DPR,DPR,V0909 V0696 V0252
P-1TRE19B,P -0822,1118000.00,1118274.50,DPR,DPR,V0795 V0931 V0155
P-4CPIBOW,"P -1018 , WP-0169",5244087.32,5244175.22,DPR,DPR,V0380 V0696
P-6BLPB14,P -1018,686299.84,682299.84,DPR,DPR,V0878 V0026
P-302DPCA,P -M245,2330092.03,2298596.60,DPR,DPR,V0558 V0980
P-1TRE19A,P -0822,1025501.72,1025067.72,DPR,DPR,V0002
P-3TRE17A,P -0822,2743446.78,2743576.95,DPR,DPR,V0122
SANDY2-10,P -1018,2095407.62,2072865.74,DPR,DPR,V0719
P-4PNYT27,P -0822,2422553.03,2422420.43,DPR,DPR,V0650 V0243 V0476
P-4TRE17A,P -0822,2264856.50,2265313.70,DPR,DPR,V0289 V0485 V0026
P-309STNC,P -D018,1644729.23,1514445.68,DPR,DPR,V0476
P-1CPIP52,P -1018,4498751.57,4498673.23,DPR,DPR,V0208 V0026
P-4PLG15C,P -Q245,2437134.37,2358457.58,DPR,DPR,V0351 V0889
P-4CPIGRS,"P -1018 , WP-0169",3968690.90,3969571.12,DPR,DPR,V0325
P-313CPA2,P -1018,1043339.18,1036792.18,DPR,DPR,V0289 V0009
P-110CLPK,P -D021,1156051.00,1102059.17,DPR,DPR,V0863 V0006 V0365
P-207SUNS,"P -1018 , P -D017",4219586.04,4196979.93,DPR,DPR,V0672 V0648 V0569
P-4PNYT26,P -0822,1897366.30,1897440.80,DPR,DPR,V0485
P-4TRE16B,P -0822,1511013.85,1511208.80,DPR,DPR,V0166 V0130 V0187
P-300ZOO7,P -M245,273000.00,128393.00,DPR,DPR,V0877 V0130 V0476
P-210PTRK,P -D017,1331990.45,1303260.84,DPR,DPR,V0925
P-5TRE15A,P -0822,1145394.16,1145261.18,DPR,DPR,V0434 V0485
IDA21-11,"P -1018 , P -I001",432000.00,0.00,DPR,DPR,V0245
P-2CPIELS,"P -1018 , P -I001",4800000.00,0.00,DPR,DPR,V0763 V0304 V0059
P-218FBFG,P -1018,2500000.00,0.00,DPR,DPR,V0818 V0485
P-2CPIVAD,"P -1018 , P -I001",10800000.00,0.00,DPR,DPR,V0960 V0274
P-501NSES,"P -D020 , P -I001",5400000.00,0.00,DPR,DPR,V0087
IDA21-13,"P -1018 , P -I001",177000.00,0.00,DPR,DPR,V0194
P-5CPIKTM,"P -1018 , P -I001",5300000.00,0.00,DPR,DPR,V0035 V0110
P-409WELL,"P -0013 , P -I001",1864000.00,0.00,DPR,DPR,V0146
P-4CPICHS,"P -1018 , P -I001",2400000.00,0.00,DPR,DPR,V0828 V0652
P-103ROOF,"P -1018 , P -I001",729000.00,0.00,DPR,DPR,V0248 V0443 V0776
P-1CPIMMP,P -1018,2200000.00,0.00,DPR,DPR,V0486 V0057
P-1CPIMPG,P -1018,9300000.00,0.00,DPR,DPR,V0083 V0323 V0174
P-410TPFP,"P -1018 , P -I001",250000.00,0.00,DPR,DPR,V0145 V0056
P-1CPIFYP,P -1018,8000000.00,0.00,DPR,DPR,V0130
P-1HAFFP5,"P -0245X, P -I001",200000.00,0.00,DPR,DPR,V0487 V0489 V0203
P-300ZOO8,P -0887,268640.00,268615.00,DPR,DPR,V0001
P-400ZOO7,P -0887,78500.00,78166.00,DPR,DPR,V0475 V0443
IDA21-07,"P -1018 , P -I001",260000.00,0.00,DPR,DPR,V0655 V0369
IDA21-10,"P -1018 , P -I001",119000.00,0.00,DPR,DPR,V0974
IDA21-08,"P -1018 , P -I001",283000.00,0.00,DPR,DPR,V0166
IDA21-14,"P -1018 , P -I001",138000.00,0.00,DPR,DPR,V0558
P-3HLSNKN,"P -1018 , P -I001 , P -M245",500000.00,0.00,DPR,DPR,V0751 V0581
P-6PKTREE,"P -0245Q, P -0822",1779000.00,0.00,DPR,DPR,V0877
P-3CPIVLD,"P -1018 , P -I001",5830000.00,0.00,DPR,DPR,V0073
P-409PRSP,"P -1018 , P -I001",500000.00,0.00,DPR,DPR,V0715 V0146
P-200LEHH,"P -1018 , P -I001",125000.00,0.00,DPR,DPR,V0189
IDA21-15,"P -1018 , P -I001",826000.00,0.00,DPR,DPR,V0169
P-1JASPBB,P -D021,1000000.00,0.00,DPR,DPR,V0976 V0313 V0167
IDA21-09,"P -1018 , P -I001",243000.00,0.00,DPR,DPR,V0061
P-303TDRR,"P -1018 , P -I001",400000.00,0.00,DPR,DPR,V0560 V0767
IDA21-06,"P -1018 , P -I001",118000.00,0.00,DPR,DPR,V0840 V0899
P-2TRS27B,"P -0822 , P -I001",8975000.00,0.00,DPR,DPR,V0208
P-4TRS27B,"P -0822 , P -I001 , SE-0002Q",8950000.00,0.00,DPR,DPR,V0140 V0487
P-1TRS27A,"P -0822 , P -I001",4055000.00,0.00,DPR,DPR,V0247
P-5BBPAV,"P -0245R, P -D020 , P -R245",3098509.67,2800838.11,DPR,DPR,V0169 V0724 V0289
P-5PRESPL,"P -D020 , P -R245",4488352.95,3806535.20,DPR,DPR,V0485
P-1ECHOPK,"P -0245X, P -1018 , P -D021",4507545.32,4507614.11,DPR,DPR,V0022
P-1TRE18A,P -0822,3197000.00,3196866.80,DPR,DPR,V0183 V0807 V0540
P-3TOMJPK,P -D018,2763227.43,2761645.94,DPR,DPR,V0933
P-207SSPK,P -D017,1180089.71,1179089.71,DPR,DPR,V0169
P-4PNYT29,P -0822,3168000.00,3168158.20,DPR,DPR,V0365
P-210SHRE,P -1018,1924755.27,1919755.27,DPR,DPR,V0122 V0002
P-6GRST01,WP-0169,3129362.68,3129395.61,DPR,DPR,V0282 V0878 V0110
P-4TRS27A,"P -0822 , P -I001 , SE-0002Q",9250000.00,0.00,DPR,DPR,V0562 V0351 V0948
P-2TRS27A,"P -0822 , P -I001 , P -K011",2400000.00,0.00,DPR,DPR,V0174 V0238
P-4TRS27C,"P -0822 , P -I001",4368000.00,0.00,DPR,DPR,V0150 V0722
P-2PROSPK,"P -1018 , P -I001",620000.00,0.00,DPR,DPR,V0485 V0732
P-209WGPK,"P -1018 , P -I001",310000.00,0.00,DPR,DPR,V0203 V0887
P-218CAPK,P -1018,286000.00,0.00,DPR,DPR,V0227 V0441
P-6PROGBT,P -1018,1321000.00,0.00,DPR,DPR,V0169 V0078
SEED-142S,P -0245Q,3800000.00,0.00,DPR,DPR,V0485 V0056 V0045
SEED-KING,P -0245Q,3800000.00,0.00,DPR,DPR,V0913 V0351 V0277
SEED-PHCR,P -0245Q,2000000.00,0.00,DPR,DPR,V0203 V0540
SEED-MPPR,P -0505,7000000.00,0.00,DPR,DPR,V0401
SEED-ASPK,P -0245Q,21000000.00,0.00,DPR,DPR,V0009 V0009 V0393
SEED-PCCS,P -1249,900000.00,0.00,DPR,DPR,V0517 V0130 V0968
SEED-QBBP,P -0245Q,2300000.00,0.00,DPR,DPR,V0274 V0943 V0035
SEED-QBRG,P -0245Q,30000000.00,0.00,DPR,DPR,V0597
P-4FMPFAC,P -Q245,17500000.00,0.00,DPR,DPR,V0796 V0247
P-200SCMP,"P -I001 , PV-0467",1314000.00,642415.11,DPR,DPR,V0540
SEED-TILY,P -0245Q,3400000.00,0.00,DPR,DPR,V0006 V0411 V0355
P-407OTFB,P -Q245,1500000.00,0.00,DPR,DPR,V0193 V0765
SEED-OSQB,P -0245Q,47500000.00,0.00,DPR,DPR,V0146 V0263 V0130
SEED-RKPH,P -0505,9100000.00,0.00,DPR,DPR,V0443 V0540 V0268
P-1SJRCAM,"P -1018 , P -X245",200000.00,0.00,DPR,DPR,V0351
P-408CPPB,P -D019,4026000.00,0.00,DPR,DPR,V0056 V0241 V0208
P-414VBWR,P -0822,3000000.00,0.00,DPR,DPR,V0312
P-306SPPK,P -0245M,150000.00,0.00,DPR,DPR,V0154
P-501CLP1,P -1018,2750000.00,0.00,DPR,DPR,V0603 V0965
SEED-138S,P -0245Q,2100000.00,0.00,DPR,DPR,V0922 V0118 V0443
P-1PBPTCS,"P -0822 , P -1018 , P -I001",3105000.00,0.00,DPR,DPR,V0604 V0859
P-302MERH,P -M245,1000000.00,0.00,DPR,DPR,V0208 V0150 V0774
P-203HVPK,"P -1018 , P -I001",303000.00,0.00,DPR,DPR,V0233 V0823
P-203SHAB,P -K011,4500000.00,0.00,DPR,DPR,V0708 V0208 V0216
S136-264H,S -0136,2346941.88,2242569.83,DSNY,,V0475 V0588 V0593
S136-365,,20018494.19,20018494.19,DSNY,,V0079 V0006
S136-366G,S -0136,1116110.76,1049464.98,DSNY,,V0189 V0035
S136-383T,S -0136,2092001.39,1936402.67,DSNY,,V0144 V0540 V0833
S136-419F,S -0136,14.35,0.00,DSNY,,V0155 V0009 V0118
S136-439,S -0136,55494000.00,0.00,DSNY,,V0881
S136-464A,S -0136,3354631.50,3182247.06,DSNY,,V0877
S186-224A,S -0186,1353938.92,1164173.41,DSNY,,V0684 V0128
S195-228J,S -0195,173176.95,168597.59,DSNY,,V0074 V0840 V0002
S216-240,S -0216,2523000.00,0.00,DSNY,,V0978 V0365
SANDBK4EL,S -0187,1170080.00,1169842.44,DSNY,,V0026 V0540 V0646
SANDBK4FA,S -0136,3168191.65,1834708.16,DSNY,DSNY,V0490
SANDBX12C,S -0136,234614.83,614.83,DSNY,DSNY,V0100 V0339 V0887
SANDBX12G,S -0136,2561529.29,502807.17,DSNY,DSNY,V0213 V0604
SANDGPTWH,,95521.10,95521.10,DSNY,DSNY,V0787 V0694 V0562
SANDGPWHC,,0.00,0.00,DSNY,DSNY,V0475 V0878 V0652
SANDQ14EL,S -0136,4788619.60,4389724.68,DSNY,DSNY,V0631
SAND26MBC,S -0136,637731.84,19731.84,DSNY,DSNY,V0312 V0652 V0026
SAND26MBS,S -0136,5049399.46,1006161.46,DSNY,DSNY,V0248
SAND44BVC,S -0136,47295.97,500.00,DSNY,DSNY,V0638 V0678 V0443
SAND44BVR,S -0136,7641757.41,1043085.69,DSNY,DSNY,V0072 V0247
S136-251E,S -0136,1374716.48,378862.74,DSNY,DSNY,V0174 V0958
S136-264Q,S -0136,2979970.14,2120663.95,DSNY,DSNY,V0630 V0880 V0540
S136-264Y,S -0136,8267440.00,6691037.37,DSNY,DSNY,V0769 V0663
S136-332M,S -0136,34264615.71,4691396.97,DSNY,DSNY,V0476 V0365 V0693
S136-332N,S -0136,29453118.65,3615520.14,DSNY,DSNY,V0652 V0009 V0698
S136-380G,S -0136,736392.85,531265.19,DSNY,DSNY,V0245 V0202 V0778
S136-383G,S -0136,8624704.09,6054375.68,DSNY,DSNY,V0189 V0333
S136-385E,S -0136,2773141.13,1602303.75,DSNY,DSNY,V0707 V0515
S136-424,S -0136,59282645.37,3704451.32,DSNY,DSNY,V0002 V0929
S136-432,S -0136,377939.61,337293.49,DSNY,DSNY,V0581 V0150
S136-437,S -0136,10013432.50,6519940.89,DSNY,DSNY,V0539 V0157
S136-440B,S -0136,36202101.62,16707404.98,DSNY,DSNY,V0725 V0284
S136-441B,S -0136,1761217.11,188414.76,DSNY,DSNY,V0502
S136-441S,S -0136,1474374.91,281398.30,DSNY,DSNY,V0443
S136-449B,S -0136,5525664.92,1108749.64,DSNY,DSNY,V0187 V0844
S136-464B,S -0136,10912959.36,2089468.20,DSNY,DSNY,V0183
S136-464D,S -0136,1073507.35,998478.62,DSNY,DSNY,V0693 V0013
S136-464G,S -0136,587373.30,497493.64,DSNY,DSNY,V0357
S136-464H,S -0136,3938318.35,3954071.76,DSNY,DSNY,V0878
S186-224,S -0186,211081962.61,200764506.10,DSNY,DSNY,V0877 V0520
S195-227K,,202211.84,202211.84,DSNY,DSNY,V0843 V0508
S248-423,"S -0248 , SE-0002X",530934495.33,16437846.62,DSNY,DSNY,V0591
S136-366F,,571610.66,529345.38,DSNY,DSNY,V0289 V0056
S216-401D,S -0216,4100424.69,141492.56,DSNY,DSNY,V0274 V0411
S216-402D,S -0216,12125337.84,7318002.36,DSNY,DSNY,V0279 V0189 V0259
S216-403C,S -0216,10717223.49,9858904.15,DSNY,DSNY,V0638 V0884
S216-415C,S -0216,16838240.53,13105255.50,DSNY,DSNY,V0903
S216-403A,PU-0200,6159477.96,403477.96,DSNY,DSNY,V0425 V0274
S136-265A,S -0136,1270240.02,112029.86,DSNY,DSNY,V0247 V0802
S136-366D,"S -D136 , S -K136",10924529.22,10719529.22,DSNY,DSNY,V0351 V0495 V0154
S136-380K,S -0136,244953.60,28488.20,DSNY,DSNY,V0155
S136-428,S -0136,11097197.15,1998355.69,DSNY,DSNY,V0057 V0751
S136-452,S -0136,11356848.46,1766398.83,DSNY,DSNY,V0056 V0026
S136-470,S -0136,1103940.29,1026191.77,DSNY,DSNY,V0187
APIDSBK11,PU-0025,46648567.36,1585297.47,DSNY,DSNY,V0209
APIDSMN12,PU-0025,26522788.57,1501715.29,DSNY,DSNY,V0150
APIDSSI02,PU-0025,27879160.58,1293662.39,DSNY,DSNY,V0652
S216-403D,S -0216,5091678.68,2933336.47,DSNY,DSNY,V0274
S136-452A,,100000.00,8288.06,DSNY,DSNY,V0086 V0118
S111-395D,S -0111,3404000.00,77995.51,DSNY,DSNY,V0009 V0144 V0026
S136-431,S -0136,284433000.00,800000.00,DSNY,DSNY,V0247 V0867 V0009
S136-449D,S -0136,641586.46,4268.19,DSNY,DSNY,V0459
S136-464E,S -0136,0.00,0.00,DSNY,DSNY,V0145 V0960 V0800
SANDMAN3C,S -0136,47000.00,0.00,DSNY,DSNY,V0636
SANDMAN3G,S -0136,3652000.00,0.00,DSNY,DSNY,V0805 V0183 V0291
ACEDOS241,PU-0025,973269.81,86932.19,DSNY,DSNY,V0604 V0357 V0604
S136-423A,"PU-0025 , S -0136",34830000.00,0.00,DSNY,DSNY,V0149
S136-436A,S -0136,14144000.00,0.00,DSNY,DSNY,V0183 V0514
S136-467A,,64521.16,0.00,DSNY,DSNY,V0751
S136-467B,,104428.77,0.00,DSNY,DSNY,V0208 V0415
ACEDOS242,"PU-0025 , S -0136",1571000.00,0.00,DSNY,DSNY,V0572 V0537 V0318
S136-456D,S -0136,4134636.55,589295.72,DSNY,DSNY,V0057 V0497
S216-402G,S -0216,7233000.00,19045.09,DSNY,DSNY,V0009 V0540 V0634
S136-442B,S -0136,40658000.00,0.00,DSNY,DSNY,V0848
S136-366J,S -0136,18377000.00,0.00,DSNY,DSNY,V0289 V0045 V0604
S136-383R,S -0136,1389000.00,0.00,DSNY,DSNY,V0878 V0585 V0072
S136-383U,S -0136,511000.00,0.00,DSNY,DSNY,V0245 V0042
S136-449F,S -0136,411000.00,0.00,DSNY,DSNY,V0203
126STDEPO,ED-0075,29999594.00,2677228.90,EDC,,V0478 V0245 V0206
181STBID,"ED-D384 , ED-D384",225150.00,147150.00,EDC,,V0118 V0423 V0015
181STBID2,ED-D384,399771.26,248771.26,EDC,,V0118 V0189
25202301,"HO-0214 , HO-D003",14250000.00,0.00,EDC,,V0534
73RDSTACQ,HN-0300,46610000.00,0.00,EDC,,V0562
8THSTREET,ED-0075,785640.00,356640.00,EDC,,V0540 V0115 V0876
AKLBRENO,ED-0075,4400000.00,0.00,EDC,,V0245 V0814 V0189
ALTFUELS,"ED-0075 , ED-X075",6000117.00,0.00,EDC,,V0770
AMMI2004,ED-D075,54738074.51,54735074.51,EDC,,V0666
AVENUEJ,ED-D384,1499318.70,1494318.70,EDC,,V0354 V0443
BATFACADE,ED-0373,1243000.00,1092953.98,EDC,,V0384 V0056
BATHGATE,ED-0075,4800209.22,2029209.22,EDC,,V0144
BCTCLINW,ED-0075,50000000.00,0.00,EDC,,V0540
BCTP12REP,"ED-0075 , ED-0409",38260000.00,0.00,EDC,,V0604 V0652
BCTSHOREP,ED-0075,6000000.00,0.00,EDC,,V0652 V0652 V0361
BEDSTURP,ED-D075,7294543.01,7289543.01,EDC,,V0411 V0454
BMBSLIP5,,517545.44,517545.44,EDC,,V0248
BMTCRANE,ED-0409,15883000.00,0.00,EDC,,V0726
BMTMATCH,ED-0075,109200000.00,0.00,EDC,,V0351 V0009
BMTPIER10,ED-0409,2126000.00,0.00,EDC,,V0943
BMTPIER8,ED-0409,1897000.00,0.00,EDC,,V0169
BNY212MWB,ED-0319,1752000.00,0.00,EDC,,V0562
BNY5THST,ED-0319,3749909.08,2579955.85,EDC,,V0378 V0599
BNY910SBB,ED-0319,55000000.00,50762293.72,EDC,,V0161 V0274 V0824
BNYB120FS,ED-0319,4000000.00,0.00,EDC,,V0490 V0445
BNYB12FSP,ED-0319,3000000.00,0.00,EDC,,V0312 V0263 V0631
BNYB131FS,ED-0319,5000000.00,0.00,EDC,,V0122 V0351 V0278
BNYB132RH,ED-0319,5000000.00,0.00,EDC,,V0939
BNYB275FS,ED-0319,2600000.00,0.00,EDC,,V0009
BNYB275RF,ED-0319,6500000.00,0.00,EDC,,V0074 V0573 V0057
BNYB280RF,ED-0319,6058040.00,4615335.28,EDC,,V0604 V0428 V0178
BNYB292RH,ED-0319,16500000.00,0.00,EDC,,V0526 V0150 V0068
BNYB3SUBD,ED-0319,3475793.48,2699793.48,EDC,,V0443
BNYB50REH,ED-0319,6500000.00,0.00,EDC,,V0146 V0203 V0209
BNYB5RFGD,ED-0319,1000000.00,0.00,EDC,,V0274 V0146
BNYB62REH,ED-0319,2500000.00,0.00,EDC,,V0045 V0312 V0326
BNYB62RFR,ED-0319,4350000.00,0.00,EDC,,V0248 V0123 V0285
BNYB772FL,ED-0319,3000000.00,0.00,EDC,,V0351
BNYB77CTW,ED-0319,1250000.00,0.00,EDC,,V0215 V0548
BNYB77PSG,ED-0319,2500000.00,0.00,EDC,,V0248 V0122 V0562
BNYB92MBE,ED-K319,300000.00,0.00,EDC,,V0724 V0855
BNYBD132,ED-0319,2699750.00,45750.00,EDC,,V0150
BNYBDELEV,"ED-0319 , ED-K319",23963296.59,19257296.59,EDC,,V0444
BNYCUNY,"ED-0319 , ED-D319 , ED-K319",7400000.00,0.00,EDC,,V0056 V0877
BNYDCSUBF,ED-0319,11281907.13,10202654.64,EDC,,V0150 V0002 V0203
BNYDCWELD,"ED-D319 , ED-K319",3000420.00,435420.00,EDC,,V0263 V0351 V0174
BNYELCMTR,ED-0319,2000000.00,0.00,EDC,,V0206
BNYFNCLIN,"ED-0319 , ED-D319 , ED-K319",14825920.00,7358773.00,EDC,,V0189
BNYHARBOR,ED-K319,242000.00,0.00,EDC,,V0247 V0289
BNYHITN,ED-K319,2500000.00,0.00,EDC,,V0443 V0487 V0289
BNYINF-BD,"ED-0319 , ED-D319 , ED-K319",374983583.00,2365583.00,EDC,,V0490
BNYINF-WF,ED-0319,81330642.53,16806642.53,EDC,,V0485 V0894 V0600
BNYLL11,ED-0319,6390087.00,5231087.00,EDC,,V0208
BNYMWBEEI,"ED-D319 , ED-K319",6500000.00,0.00,EDC,,V0035 V0074
BNYMWBEFO,ED-0319,2248000.00,0.00,EDC,,V0652
BNYOPENTR,ED-0319,25000000.00,0.00,EDC,,V0831 V0011 V0896
BNYPRATT2,ED-K319,2185434.00,2185000.00,EDC,,V0312 V0433
BNYRPZBFL,ED-0319,10600255.96,4892111.97,EDC,,V0365
BNYSPKFIR,ED-0319,27999649.50,24536935.27,EDC,,V0144 V0002 V0490
BNYSTEAM2,ED-K319,175000.00,0.00,EDC,,V0487 V0144 V0641
BNYTIFUND,ED-0319,8370000.00,0.00,EDC,,V0248 V0229
BNYUBFARM,ED-K319,1000000.00,0.00,EDC,,V0652 V0209
BNYUPSTM,ED-0319,5550874.98,4596181.00,EDC,,V0086 V0002 V0194
BPMCBUA,ED-0075,2000000.00,0.00,EDC,,V0027 V0611 V0652
BUSHAHVAC,ED-0075,5500000.00,0.00,EDC,,V0738 V0086 V0581
BUSHMINYR,ED-0075,4500000.00,0.00,EDC,,V0041
BUSHTCAFE,ED-0075,13999418.41,258304.68,EDC,,V0544
BUSHUNTBD,ED-0075,59999616.42,2341934.06,EDC,,V0604
BWAYJPACQ,ED-0075,33121000.00,0.00,EDC,,V0091 V0384 V0074
C5234A,FA-0027,495196.00,495169.18,EDC,,V0045
C5235,FA-0027,2685568.00,2685163.69,EDC,,V0810 V0006 V0203
CANTONBLK,RE-0025,3554845.12,794042.93,EDC,,V0183 V0411
CHATHAMSQ,HW-0001M,59864205.17,2313890.49,EDC,,V0245 V0248 V0176
CIVICHAL2,ED-M075,500000.00,0.00,EDC,,V0122
CMPRENO,"ED-D075 , PW-M077",273000.00,0.00,EDC,,V0096 V0578
CPCDRAIN,ED-0075,110000.00,109700.01,EDC,,V0537 V0003 V0427
CUNYBYSEA,PW-Q077,1141894.91,845894.91,EDC,,V0289 V0378 V0373
CWFSHOMEP,ED-0409,54955076.56,54479542.99,EDC,,V0312
DTBKLYNFM,"ED-0075 , HW-0001K",17772229.95,17770713.81,EDC,,V0057
ECODOCKHC,"ED-0409 , ED-D401 , P -Q245",3578783.62,3400575.44,EDC,,V0169 V0248 V0443
EDCDCAS,"PU-0100 , PW-0077",39200000.00,0.00,EDC,,V0540 V0690 V0216
EDCLUMP,"ED-0075 , ED-0404",23052000.00,0.00,EDC,,V0216 V0493 V0414
ERIVERSPB,ED-0075,576029.42,556341.42,EDC,,V0130 V0540 V0426
ERIVERSPS,ED-0075,8711895.92,8697801.91,EDC,,V0467
ERVRWALL,ED-0409,2998804.33,2948080.46,EDC,,V0710 V0843 V0228
ESSEX-C,"ED-0075 , ED-0408",2263694.36,2263476.81,EDC,,V0554 V0878
ESSEX-D,ED-0408,83361.00,77022.28,EDC,,V0620
F175-MP36,F -0175,626106.00,626251.08,EDC,,V0031 V0138 V0387
FREIGHT23,"ED-0404 , ED-0410",12246000.00,0.00,EDC,,V0002 V0026 V0176
FREIGHTDS,"ED-0404 , ED-0410",24600000.00,0.00,EDC,,V0572 V0259
FREIGHTSP,ED-0410,3953000.00,0.00,EDC,,V0690
GE-343,WM-0006,142522492.53,139592602.69,EDC,,V0274
GIF-RPI,ED-0075,8400000.00,0.00,EDC,,V0485
GIF-SURGE,ED-0831,4800000.00,0.00,EDC,,V0072 V0334
GOVISB108,ED-0831,1868000.00,0.00,EDC,,V0209
GOVISB110,ED-0831,5000134.00,104880.00,EDC,,V0009
GOVISB140,ED-0831,3199724.00,31642.96,EDC,,V0468 V0944
GOVISB301,ED-0831,5400000.00,2476991.29,EDC,,V0833 V0436 V0187
GOVISB324,ED-0831,7290000.00,0.00,EDC,,V0485 V0216 V0841
GOVISBLNP,"ED-0831 , PV-0467",9047314.00,870831.04,EDC,,V0572 V0208
GOVISBMB2,ED-0075,12701680.00,9650062.93,EDC,,V0487 V0411 V0245
GOVISBMBF,ED-0831,53086000.00,0.00,EDC,,V0183
GOVISBMBL,ED-0831,1772000.00,0.00,EDC,,V0918 V0086
GOVISBNP2,"ED-0831 , ED-0831",58063000.00,0.00,EDC,,V0958 V0002 V0705
GOVISBTRL,ED-D831,434051.15,418501.76,EDC,,V0312 V0245 V0853
GOVISELE2,ED-0831,18799380.24,14777688.40,EDC,,V0202
GOVISESUB,ED-0831,88425585.37,19744489.65,EDC,,V0604 V0203
GOVISFCHG,ED-0831,12999557.14,1425244.33,EDC,,V0475
GOVISLIMA,ED-0831,25179620.00,674506.75,EDC,,V0714 V0312 V0234
GOVISLND2,ED-0831,1527000.00,0.00,EDC,,V0122 V0335
GOVISNYCX,ED-0831,126000000.00,0.00,EDC,,V0258 V0339
GOVISP101,"ED-D831 , ED-M831",2700000.00,0.00,EDC,,V0134
GOVISUNUT,ED-0831,37326114.16,29669519.83,EDC,,V0149 V0247
GOVISWLL2,ED-0831,4875000.00,0.00,EDC,,V0122
GOVISWTR2,ED-0831,18499675.00,741280.55,EDC,,V0074 V0262 V0070
GOVISYANK,ED-0831,38663512.58,3085555.24,EDC,,V0489
GROCERY,ED-0075,70000000.00,0.00,EDC,,V0247 V0009
HBMA4501B,"HB-0215 , HW-0001M",1375206.76,1328567.40,EDC,,V0289
HEARTLRC,ED-X075,1000000.00,0.00,EDC,,V0562 V0476 V0798
HIGHLINE,"P -0245M, P -1326 , P -D018",81961197.81,81157253.39,EDC,,V0771 V0466
HOMEPORT,"ED-0380 , ED-0380 , ED-0409",1194120.00,1193908.50,EDC,,V0002 V0676 V0969
HPAOU2EV,ED-0075,15000000.00,0.00,EDC,,V0085
HPMTINFRA,ED-0075,28300000.00,0.00,EDC,,V0490 V0533
HPPRINGLE,ED-0075,1000000.00,0.00,EDC,,V0169 V0187
HUNTSGATE,ED-D075,150000.00,0.00,EDC,,V0485 V0575
HWD10214,"HW-0001M, HW-D102",6960981.91,6842981.91,EDC,,V0035 V0118 V0479
HWKFHAWF,"HW-0003 , PU-0200",26063323.29,645096.93,EDC,,V0284 V0513 V0475
HWQ1209,"HW-0001Q, PU-0200",25262571.00,3273165.05,EDC,,V0043 V0118 V0518
HWQ20AVWF,"PU-0200 , PU-0200",3168000.00,0.00,EDC,,V0208 V0056 V0004
HWQFHRPWF,HW-0003,24119000.00,0.00,EDC,,V0086 V0189
INFNEIG-H,ED-0384,63647000.00,0.00,EDC,,V0291 V0562
INFRANEIG,ED-0384,11341000.00,0.00,EDC,,V0189 V0209 V0112
INFRASEED,ED-0384,5000.00,0.00,EDC,,V0604 V0035
JAMAAECT,"ED-0075 , ED-0075 , ED-Q384 , ED-Q384 , HW-0001Q",14246537.34,13198890.82,EDC,,V0415 V0644 V0035
JAMAVE1,ED-Q384,2624420.99,2604420.99,EDC,,V0171
JAMSTATN,ED-0075,928063.78,568063.78,EDC,,V0351 V0685
JAMSUTPHI,ED-0075,15220185.55,15218183.55,EDC,,V0487
JULIABURG,"ED-0373 , ED-D075",10300000.00,0.00,EDC,,V0365 V0250 V0045
KINGBRARM,"ED-0075 , ED-D075 , ED-X075",115000000.00,0.00,EDC,,V0174 V0317 V0428
LAMRQGRNT,ED-0075,1250000.00,0.00,EDC,,V0540 V0146 V0289
LIGHTHOUS,"ED-0075 , ED-D075 , ED-R075",7629766.85,7607766.85,EDC,,V0134 V0370 V0430
LOWMANHUD,"ED-0075 , HW-0001M, WM-0001",164234294.92,163278941.62,EDC,,V0858 V0026
LS-BNY303,ED-0319,12800000.00,0.00,EDC,,V0037 V0245
LS-C4PH,ED-0075,8000000.00,0.00,EDC,,V0475
LS-CCNY1,ED-0075,15000000.00,0.00,EDC,,V0086 V0289 V0312
LS-GOTHAM,ED-0075,45000000.00,0.00,EDC,,V0009
LS-STEM,ED-0075,800000.00,0.00,EDC,,V0443
MAIMRE,ED-D075,1000000.00,0.00,EDC,,V0485
MCTROOFSV,ED-0409,51100000.00,0.00,EDC,,V0856
MOCADAMUS,"ED-D380 , PV-D467",480869.52,470869.52,EDC,,V0026 V0174
NDF-EHWF1,ED-0384,500000.00,0.00,EDC,,V0556
NDF-INWCC,ED-0384,15000000.00,0.00,EDC,,V0581
NDF-LAMAR,ED-0384,25000165.31,98659.41,EDC,,V0209 V0726 V0601
NHARLEMGW,ED-0075,170000000.00,0.00,EDC,,V0894 V0045 V0575
NRELUMP,"ED-0075 , ED-0075",327036000.00,0.00,EDC,,V0404 V0487 V0493
NYCF34ST,ED-0409,75000000.00,0.00,EDC,,V0604 V0961 V0547
NYCFEMISS,ED-0409,20215000.00,0.00,EDC,,V0250 V0360
NYCFSHELT,ED-D075,330000.00,0.00,EDC,,V0208
NYCFSHUTT,ED-D075,100000.00,0.00,EDC,,V0312 V0002
NYCFSWING,ED-0409,5199000.00,0.00,EDC,,V0112 V0485 V0203
NYCFTVM,ED-0409,3094000.00,0.00,EDC,,V0312 V0247
NYSE,ED-0075,24239965.71,24114965.71,EDC,,V0208
OFFSHRWND,ED-0075,35000000.00,0.00,EDC,,V0490 V0597
P-102LADY,P -1008,4722000.00,0.00,EDC,,V0274
P-209MTPP,"P -1018 , P -D017 , P -K011",10915000.00,380809.34,EDC,,V0430 V0069 V0534
P-213SCR1,"P -0245K, P -D017",5282000.00,0.00,EDC,,V0964
P-215SHBS,"P -0501 , P -1018 , P -D017 , P -K011",12487000.00,0.00,EDC,,V0877 V0150 V0229
P-2CIB22H,"P -0704 , P -1018 , P -1018",1150272000.00,0.00,EDC,,V0312 V0397 V0208
P-2GPWB07,"P -0839 , P -D017 , WP-0283",4810433.78,4178520.95,EDC,,V0056 V0574
P-2GPWB08,"ED-0384 , P -0839 , P -1018",10431130.16,10332118.56,EDC,,V0043 V0130
P-2GPWNB,"P -0839 , P -1018 , WP-0283",21627870.49,19453744.09,EDC,,V0146 V0209
P-301BATW,"ED-0409 , PU-0200 , RE-0025",5905987.65,5410329.66,EDC,,V0247 V0456
P-307RIVP,P -0501,19411000.00,0.00,EDC,,V0312 V0169
P-401AST,P -0245Q,1771000.00,0.00,EDC,,V0488
P-401HPS,P -0245Q,1808000.00,0.00,EDC,,V0807
P-401RANP,P -0245Q,10227000.00,0.00,EDC,,V0604 V0536 V0175
P-410BYR1,"P -1018 , P -Q245",5376000.00,0.00,EDC,,V0026 V0350 V0209
P-6NEWYN1,P -1515,160699353.29,160566471.61,EDC,,V0379 V0376
PASSSHIP2,"ED-0409 , ED-D075",201341608.19,201244956.88,EDC,,V0174 V0572 V0739
PCEMETERY,P -Q245,919961.76,908961.76,EDC,,V0293
PENISUPH1,ED-D075,2500000.00,0.00,EDC,,V0487 V0411 V0193
PIER6PILE,ED-0409,1825471.59,1775339.20,EDC,,V0074 V0487 V0677
PIER90,ED-0409,1941346.62,1941564.69,EDC,,V0483
PTBKWHMKT,ED-0408,3453671.55,3412718.05,EDC,,V0424
PUBLICPLA,HD-0097,1668915.63,1578915.63,EDC,,V0187 V0187
PV034GRUV,"PV-0034 , PV-D034 , PV-M034",14218000.00,0.00,EDC,,V0245 V0146
PV050ELMO,PV-0050,3515000.33,3475837.82,EDC,,V0665 V0621
PV230-ACF,PV-0230,10148000.00,8848064.33,EDC,,V0490 V0034
PV264FULT,PV-K264,1773910.00,1489852.75,EDC,,V0248
PV264HART,"PV-0264 , PV-0467",22131594.00,22132061.18,EDC,,V0411
PV467M125,"PV-0467 , PV-D467",3528916.07,601916.07,EDC,,V0500 V0877 V0940
PV503FACD,"PV-0467 , PV-0503 , PV-D503 , PV-M503",27019000.00,0.00,EDC,,V0276
PWDSIBPCT,PW-D308,49000.00,0.00,EDC,,V0550 V0487 V0056
QNSPLJACK,"ED-0075 , ED-0384",16035483.46,16034620.97,EDC,,V0611
QWESTC,"ED-0075 , HD-0211",104936284.03,83670760.27,EDC,,V0227
REDHOOKDE,ED-0409,48094000.00,0.00,EDC,,V0057 V0475
ROOSEOPER,ED-D075,144000.00,0.00,EDC,,V0118 V0765 V0351
SAND1113,HO-0214,19999861.30,14877054.69,EDC,,V0199 V0411
SAND2601C,HO-0214,7898305.86,7816944.73,EDC,,V0562
SAND6701,HO-0214,16936286.15,13370145.13,EDC,,V0490 V0187 V0004
SANDB3416,ED-0319,1500618.62,831240.00,EDC,,V0348 V0931
SANDB4123,ED-0319,8832583.00,7785267.00,EDC,,V0085 V0189 V0146
SANDB4269,ED-0319,4001000.00,0.00,EDC,,V0207 V0982
SANDB4270,ED-0319,1184477.00,134477.00,EDC,,V0035 V0101
SANDB4271,ED-0319,4787949.00,2789188.89,EDC,,V0189
SANDB4272,ED-0319,6511000.00,0.00,EDC,,V0884 V0829
SANDB4273,ED-0319,1441050.00,181050.00,EDC,,V0155
SANDB4274,ED-0319,3026204.00,1154204.00,EDC,,V0411 V0625 V0130
SANDB4275,ED-0319,33800192.00,21572105.00,EDC,,V0274 V0932 V0574
SANDB4307,ED-0319,8183261.00,776261.00,EDC,,V0392
SANDB4388,ED-0319,2064675.00,249053.00,EDC,,V0208
SANDB4582,ED-0319,10502091.40,391091.40,EDC,,V0896 V0476
SANDB4583,ED-0319,11537890.20,350890.20,EDC,,V0247 V0174
SANDBNYAM,ED-0319,29587000.00,0.00,EDC,,V0182 V0144 V0730
SANDBNYEC,ED-0319,5417657.81,1525657.81,EDC,,V0122 V0578 V0855
SANDBNYWF,ED-0319,92000.00,0.00,EDC,,V0627
SANDEDCG5,ED-0075,670000.00,0.00,EDC,,V0898 V0122
SANDHOME,ED-0404,2175000.00,0.00,EDC,,V0712 V0072
SANDSMC,"ED-0075 , ED-0409",29257794.81,13214939.13,EDC,,V0174 V0475 V0394
SANDTGI,ED-0831,5318000.00,0.00,EDC,,V0475 V0569
SANDTGIBM,ED-0831,1100000.00,0.00,EDC,,V0008 V0469 V0823
SANDTGIEL,ED-0075,7383522.72,5327973.88,EDC,,V0284
SANDTWOBR,WP-0112,29676955.00,26069072.84,EDC,,V0426 V0189
SANDYNYA,"PV-0230 , PV-0467",238698343.12,173250406.00,EDC,,V0525 V0297 V0312
SBMTAUTO,"ED-0075 , ED-0380 , ED-0404 , SE-0200K, WM-0001",69654800.64,68057800.64,EDC,,V0074 V0652 V0203
SBMTBKHD,ED-0409,9803616.00,9803446.54,EDC,,V0364 V0009
SBSRELOCA,ED-0075,20271166.10,20153801.07,EDC,,V0002
SEAVIEW,PW-D005,48650414.45,44878364.52,EDC,,V0248 V0815 V0169
SEEDESPL,ED-0075,10900000.00,0.00,EDC,,V0209
SEED-JNP,ED-0075,7000000.00,0.00,EDC,,V0274 V0487
SEED-LICL,ED-0075,11100000.00,0.00,EDC,,V0662 V0203
SEEDVERN,ED-0075,50000000.00,0.00,EDC,,V0210 V0929
SHEEPBULK,"ED-0409 , ED-0409",18148271.15,18146374.07,EDC,,V0035 V0795
SIRRAIL,"ED-0409 , ED-0410 , ED-0410 , ED-R075",72264743.07,71968280.54,EDC,,V0487 V0121
SIRRBRDG,ED-0410,4379424.16,4300424.16,EDC,,V0246 V0475
SIYDRAIN,ED-0075,179900.00,169459.00,EDC,,V0949 V0146
SKYPORT,"ED-0075 , ED-0409",5999193.65,1657802.94,EDC,,V0111 V0475
STHMARINE,"ED-0409 , ED-0409",1746310.00,1745823.06,EDC,,V0485 V0247 V0860
SUNSETPAR,"ED-0075 , ED-0410 , ED-D075 , P -1245 , P -D017 , S -0216",55921350.13,51435800.86,EDC,,V0604
VETMEM,"ED-0075 , ED-Q075",4000000.00,0.00,EDC,,V0045
W125THST,ED-0075,3019677.60,2996677.60,EDC,,V0952
W125TRANS,"ED-0075 , ED-0384 , WM-0001 , WM-0006",32609995.94,21926610.51,EDC,,V0248
WATERLUMP,"ED-0075 , ED-0409 , ED-0409",211531000.00,0.00,EDC,,V0038
WCSNONPW,PV-0467,3721613.00,558312.00,EDC,,V0811 V0463
WHARLMPK,"ED-0409 , P -D018",1162000.00,0.00,EDC,,V0312 V0086 V0002
WHARLMPRN,ED-D075,150000.00,0.00,EDC,,V0253 V0274 V0267
WHITEPLRD,ED-0384,160000.00,0.00,EDC,,V0462
WILLETPH2,ED-0075,272761000.00,64531073.06,EDC,,V0169 V0009 V0004
WILLETS23,ED-0075,100000.00,0.00,EDC,,V0247 V0208 V0064
WILLETSEN,ED-0075,7957276.87,5329276.87,EDC,,V0281
WILLTFAON,"ED-0075 , SE-0200Q",118361045.00,97411254.66,EDC,,V0122
YANKDEMO,ED-0075,23436909.69,23396909.69,EDC,,V0373
BATRPZDEP,"ED-0075 , ED-0373",4599885.00,3307224.13,EDC,EDC,V0035 V0784
BATBEYOND,"ED-0075 , ED-0373",129880174.30,125746016.34,EDC,EDC,V0463 V0209 V0593
BAT4LAN,"ED-0373 , ED-0380 , ED-0401 , ED-0404 , ED-0409",14537555.68,6667859.05,EDC,EDC,V0752 V0038
NDF-IBMOD,"ED-0075 , ED-0384",8799366.78,7613276.62,EDC,EDC,V0205 V0209 V0876
RCBBALLPK,ED-0075,9374930.90,6701355.47,EDC,EDC,V0414
911MEMOR,ED-0075,2889673.00,2242447.39,EDC,EDC,V0411 V0155 V0604
HWRLASEWF,PU-0200,4222601.17,417089.88,EDC,DOT,V0093
SANDR2BRG,FA-0021,18330065.00,1831070.96,EDC,DOT,V0245 V0183
SANDRLE34,"ED-0409 , FA-0027",2658964.72,862011.09,EDC,DOT,V0490 V0743
WLPIER7,ED-0409,8499782.00,298444.47,EDC,EDC,V0974 V0647 V0926
ARTHURAVE,"ED-0075 , ED-0408 , ED-D408",10061953.00,4733189.27,EDC,EDC,V0245 V0208
PIER36,PU-0200,108593945.58,10519935.28,EDC,DSNY,V0479
PIER36STR,PU-0200,13630816.19,9027308.26,EDC,DSNY,V0878
PIERS35N6,ED-0409,1999139.50,803435.56,EDC,DSNY,V0056 V0365 V0603
WLPMCTPH4,ED-0409,85134726.85,4112530.42,EDC,EDC,V0659 V0490 V0365
STUYBULK2,ED-0409,2899794.11,480633.58,EDC,EDC,V0331 V0189
HUNTSFISH,"ED-0075 , ED-0408 , ED-D075 , ED-D408",27193559.90,6216400.42,EDC,EDC,V0006
SANDHPRX2,ED-0075,13684520.01,8522680.72,EDC,EDC,V0878 V0751
SANDHPRXD,ED-0075,65227060.00,6409743.59,EDC,EDC,V0396
P-3ERE22J,"P -1018 , P -1018 , P -1018",294591713.79,17001601.50,EDC,DPR,V0289
P-309RVP2,"P -1018 , PU-0200",60935695.84,5782356.55,EDC,DPR,V0351 V0045 V0659
SAND79BAS,P -1018,28281000.00,0.00,EDC,DPR,V0652
NDF-NWOOD,"ED-0075 , ED-0384",69999905.83,2776199.65,EDC,EDC,V0867 V0150
P-2GPWBOX,"P -0839 , P -1018 , P -1018",35749977.00,2838550.22,EDC,DPR,V0242 V0096 V0652
PV471SWA2,"PU-0025 , PV-0467 , PV-0471 , PV-D471 , PV-X467 , PV-X471",45126724.07,23079125.69,EDC,DCLA,V0024 V0174
BKBRESP,"ED-0075 , ED-0409",34197616.07,25234216.65,EDC,EDC,V0203 V0209
BUSHDEVSP,ED-0075,26006185.03,12804637.85,EDC,EDC,V0618
BUSHUTIL,"ED-0075 , ED-0410 , SE-0200K",83027691.22,74885568.70,EDC,EDC,V0045 V0183 V0312
HWQ187A,"ED-0075 , HW-0001 , HW-0001Q, HW-1674",48363950.45,42149378.64,EDC,DOT,V0499
CONEYWEST,"ED-0075 , SE-0002K, SE-0200K, WM-0001 , WM-0006",171396391.74,121606569.01,EDC,DEP,V0485 V0512
PV467-BEY,,1000000.00,164618.56,EDC,DCLA,V0002 V0233
PV467-PCT,PV-0467,1000000.00,40812.05,EDC,DCLA,V0235 V0067
GREEN,"WP-0169 , WP-0170",54935895.08,53881025.66,EDC,DEP,V0187 V0652 V0184
GXHP07-02,"WP-0169 , WP-0170",44093470.70,40166499.79,EDC,DEP,V0118 V0387
HL82PHL,"HL-0082 , HO-0214 , PU-0025",621349461.18,498891984.68,EDC,DOHMH,V0464
PV264CINE,"ED-0075 , ED-0075 , PV-0264 , PV-K264",28538895.11,28529759.47,EDC,DCLA,V0540
PV467SOST,"ED-0075 , PV-0467",19423607.87,18342190.92,EDC,DCLA,V0529 V0155 V0818
PV467STFO,PV-0467,19026183.75,18903069.14,EDC,DCLA,V0144 V0562 V0130
SANDG1HP,"ED-0075 , PU-0025",27905491.99,20234532.37,EDC,EDC,V0146 V0604 V0169
SANDG1HS,,6398149.44,5887697.08,EDC,EDC,V0203 V0122
SAND3705,HO-0214,100376908.41,94681464.62,EDC,H+H,V0247 V0122 V0074
SAND2605,HO-0214,764675101.96,692914104.20,EDC,H+H,V0035 V0959
P-3HIGHLL,"P -0245M, P -D018",5650610.00,4651077.41,EDC,DPR,V0146
NYCFHP2,ED-0409,116220515.66,38459061.41,EDC,EDC,V0652 V0475 V0150
SANDBATTR,PU-0100,199854086.48,119941924.73,EDC,DPR,V0485 V0487
LCNPARK,ED-0384,35408054.50,11739039.50,EDC,EDC,V0026
SWBXINFRA,ED-0384,118491293.74,60515578.39,EDC,EDC,V0118 V0189 V0877
SWBXLCN,ED-0384,800348.00,197141.00,EDC,EDC,V0010
NDF-3HRGL,ED-0384,83000615.00,30479078.32,EDC,DPR,V0330 V0411
P-3HRP132,"ED-0075 , P -0501 , P -1018 , PU-0200",276155825.00,56925566.68,EDC,DPR,V0351 V0845 V0150
AHGREEN,"ED-0075 , ED-0409 , P -0245M, P -1018 , P -1018 , P -1018",42729177.71,41047960.15,EDC,EDC,V0921 V0026
MANHGREEN,"ED-0075 , HB-0215",190041269.55,172868774.32,EDC,EDC,V0289 V0652 V0130
HOMEPORT2,ED-0075,172308409.83,48856894.32,EDC,EDC,V0272 V0877
SANDSIHP2,ED-0075,25640732.52,10419783.35,EDC,EDC,V0009 V0897 V0216
SAND3705,HO-0214,100376908.41,94681464.62,EDC,H+H,V0247 V0122 V0074
CWFSBARGE,ED-0409,123146702.67,104191076.18,EDC,EDC,V0604 V0169 V0652
NYCFBARGE,ED-0409,70962579.90,57424457.81,EDC,EDC,V0185
LNEA16PRT,LN-0008,26706146.00,25746667.24,EDC,NYPL,V0124
LNEA16125,"LN-0008 , LN-D008",31789211.35,30939869.28,EDC,NYPL,V0935 V0652 V0878
LNEA16FWT,"LN-0008 , LN-D008",35995693.00,35253017.43,EDC,NYPL,V0690 V0350
LNEA16HPT,LN-0008,30647359.00,30368786.39,EDC,NYPL,V0365
LNEA16MLR,"LN-D008 , LN-X001",34483153.00,33330716.15,EDC,NYPL,V0790 V0877
P-1ORCHPA,"P -0715 , P -0715 , P -1018 , P -X245 , P -X245",113482597.00,98783369.38,EDC,DPR,V0122
PIER42CNT,"ED-0075 , P -0245M, P -1018 , SE-0002M",51375261.30,34624238.61,EDC,DPR,V0122
RAISESHOR,PU-0100,0.00,0.00,EDC,EDC,V0983
RS-CIC,PU-0100,47000000.00,0.00,EDC,EDC,V0934 V0074 V0891
RS-PH1,PU-0100,55894040.55,5490172.33,EDC,EDC,V0118 V0817
TRAVLIFT,,3000000.00,0.00,EDC,EDC,V0221
TRAVSIDEW,ED-0075,2000816.17,62788.87,EDC,EDC,V0477
SANDHWMO,HW-0001M,648403.94,11357.81,EDC,DOT,V0860 V0216
WATERST,"ED-0075 , ED-0075 , HW-0001 , HW-0001M",23366185.78,8001945.96,EDC,DOT,V0056
REDHOOK,"LB-0104 , LB-D104 , PU-0025",22422964.41,17627964.70,EDC,BPL,V0540 V0076
SOLAR2,"ED-0075 , ED-D075 , ED-D075 , ED-M075",18981577.00,15569997.29,EDC,EDC,V0665 V0118
JAMSTPLZ,"ED-0075 , HW-0001Q, TF-0502",48493578.29,2082031.21,EDC,DOT,V0056
SNSTFRGH2,ED-0384,37499904.31,24400807.35,EDC,EDC,V0045 V0122
NDF-TOMPK,ED-0384,35000000.00,3778919.00,EDC,EDC,V0443
SANDG4DOC,"ED-0075 , ED-0409 , FA-0021 , PU-0025",130272418.46,48959470.61,EDC,EDC,V0651 V0604 V0118
DTBKWSPK,"ED-0075 , PV-0467",18151978.19,16262311.34,EDC,EDC,V0336 V0396
BUSHUNTAC,"ED-0075 , ED-0410 , ED-0410",168705552.89,159691403.77,EDC,EDC,V0014 V0057
PV463ABC2,"PV-0467 , PV-0N463, PV-D467 , PV-DN463, PV-MN463",23243408.65,12999454.92,EDC,EDC,V0035 V0174
HBGRWESPN,HB-0215,135999671.51,2775708.61,EDC,EDC,V0236 V0057 V0187
P-2BUSHDE,P -1018,7225496.61,3850327.07,EDC,EDC,V0144 V0351 V0562
P-4QNSWAY,"P -0245Q, P -0245Q, P -1018",54031971.18,3979505.86,EDC,EDC,V0245 V0144 V0490
WLPIER6,ED-0409,33999537.05,4249770.04,EDC,EDC,V0490
MOOREROOF,"ED-0075 , ED-D384 , ED-K075 , ED-K384",4443970.00,179962.54,EDC,EDC,V0080 V0247 V0770
PIER4,"ED-0075 , ED-0409 , ED-0409",1890728.19,525650.55,EDC,EDC,V0130 V0155 V0604
SIBULK,"ED-0380 , ED-0409",12389446.07,1244619.71,EDC,EDC,V0890 V0893
8890PHA3,"ED-0409 , ED-0409",9684144.70,8348422.67,EDC,EDC,V0056
PIER94ENC,ED-0409,54085129.45,13661098.52,EDC,EDC,V0378
34STHELI,"ED-0409 , P -1018 , P -D018",59331444.83,8215549.30,EDC,EDC,V0552 V0009
SANDRBCT,FA-0027,20322629.00,1205814.29,EDC,EDC,V0836 V0386
600FCDRNV,ED-0075,4500219.62,226386.32,EDC,EDC,V0834 V0569
EDXHPGEN,,4449999.21,3077478.08,EDC,EDC,V0289 V0155 V0173
HPBOILER,,1500000.00,1381505.00,EDC,EDC,V0957 V0562 V0118
HPCMFRIDG,ED-D408,950000.00,0.00,EDC,EDC,V0006 V0006 V0500
HUNTMEAT2,"ED-0075 , ED-0408 , ED-D075 , ED-D408 , ED-X384",106432204.19,24924829.43,EDC,EDC,V0174
SANDG3BAT,"ED-0075 , ED-0075 , ED-0075 , ED-0373",21596987.35,1002662.15,EDC,EDC,V0169 V0591
HWQBCH6WF,"PU-0200 , PU-0200",6249142.42,92097.19,EDC,EDC,V0198
HWQBCH8WF,"PU-0200 , PU-0200",6249000.00,0.00,EDC,EDC,V0443 V0487
P79MBR,FA-0027,669520.00,348232.45,EDC,EDC,V0877 V0002
PIER79REH,FA-0027,664548.00,259459.20,EDC,EDC,V0208 V0553 V0465
BROADWAYJ,ED-0075,85879000.00,0.00,EDC,EDC,V0540
SEEDVANST,ED-0384,11495000.00,0.00,EDC,EDC,V0861
SPARCCUNY,"HB-1221 , HN-0300",536316683.00,28101934.02,EDC,EDC,V0572
P-200PPE1,"P -0245K, P -1018",19604923.61,214426.98,EDC,EDC,V0663 V0475
P-200PPL1,"P -0245K, P -1018",9813943.23,172293.20,EDC,EDC,V0055 V0885 V0476
P-200PPU1,"P -0245K, P -1018",7256133.16,0.00,EDC,EDC,V0086
P-109SVSK,"ED-D075 , P -1018 , P -X245",7801241.15,413155.00,EDC,EDC,V0284
P-111BXSK,"ED-D075 , P -1018",2789515.54,378026.69,EDC,EDC,V0604 V0487
P-208BRSK,"P -1018 , P -D017 , P -K011",2718280.00,360632.14,EDC,EDC,V0245 V0273
LMCRFIDI,ED-0075,220000434.66,6559997.37,EDC,EDC,V0673 V0505 V0307
INWDGRWAY,ED-0075,222000000.00,0.00,EDC,EDC,V0786 V0351
HPPRODUCE,"ED-0075 , ED-0408",405000000.00,0.00,EDC,EDC,V0205 V0922
HUNTSPROD,"ED-0075 , ED-0408",5944000.00,0.00,EDC,EDC,V0636 V0351 V0683
CONEYWIRD,"ED-0075 , ED-0075",42000100.00,345000.00,EDC,EDC,V0177
BKCRUISE,"ED-0409 , ED-K409",1200000.00,0.00,EDC,EDC,V0174 V0858
BUSHMINYC,ED-0075,153763000.00,0.00,EDC,EDC,V0245 V0580 V0247
HWQ102WF,"PU-0200 , PU-0200",1917000.00,0.00,EDC,EDC,V0274 V0216
HWQSHORWF,"PU-0200 , PU-0200",19524000.00,0.00,EDC,DOT,V0208
NYCFACCES,ED-0409,0.00,0.00,EDC,EDC,V0363
PIER12PH2,ED-0409,13999536.64,1550378.28,EDC,EDC,V0878 V0427 V0001
SANDCD15,PO-0079,1020340.00,172810.08,EDC,NYPD,V0143
SANDCD9,PO-0079,6098780.00,237708.46,EDC,NYPD,V0057 V0009 V0302
SANDRLLIC,FA-0027,12725065.00,291480.00,EDC,EDC,V0808 V0443 V0187
SBMTOSW,ED-0075,106491000.00,0.00,EDC,EDC,V0238
SBMTSIM,ED-0409,10000000.00,0.00,EDC,EDC,V0175
SEEDPIER1,ED-0384,8500000.00,0.00,EDC,EDC,V0009 V0056
SIPIER1RE,ED-0409,13500289.12,322779.85,EDC,EDC,V0731
STGEOREBP,"ED-0409 , P -D020",15398000.00,196090.70,EDC,EDC,V0146
WLBKWSMM,ED-0409,2000000.00,0.00,EDC,EDC,V0883 V0058 V0080
P79ROOFRP,FA-0021,2887000.00,0.00,EDC,DOT,V0274
HWKBCCTWF,"PU-0200 , PU-0200",1667000.00,0.00,EDC,DOT,V0002 V0584 V0891
HWKDAREWF,"PU-0200 , PU-0200",1527000.00,0.00,EDC,DOT,V0954 V0247 V0274
HWKFANEWF,"PU-0200 , PU-0200",1257000.00,0.00,EDC,DOT,V0035
NYCFBAYRI,ED-0409,835000.00,0.00,EDC,EDC,V0650 V0265
NYCFNOWIL,ED-0409,892000.00,0.00,EDC,EDC,V0409
NYCFROCKA,ED-0409,836000.00,0.00,EDC,EDC,V0146
NYCFROOSE,ED-0409,842000.00,0.00,EDC,EDC,V0503 V0122
SLIPEBARG,FA-0027,6029000.00,0.00,EDC,DOT,V0199 V0512
WLBKWSMM,ED-0409,2000000.00,0.00,EDC,EDC,V0883 V0058 V0080
FUTURE5TH,"ED-0075 , SE-0002M, WM-0001 , WM-0006",355588000.00,0.00,EDC,EDC,V0074 V0307 V0754
LN26SEWCR,"LN-0008 , LN-M001",53000000.00,0.00,EDC,NYPL,V0248 V0201 V0146
BALLPKIMP,ED-0075,1731781.00,1488529.19,EDC,EDC,V0045 V0490 V0443
HP-FOOD,ED-0075,20225754.00,247298.86,EDC,EDC,V0365
HUNTSAOU2,ED-0408,6767647.64,799647.64,EDC,EDC,V0487 V0826
BATAGFLA,"ED-0075 , ED-0373",15045725.00,792536.79,EDC,EDC,V0770 V0203
BATAIMPS,"ED-0075 , ED-0373",17999275.00,1329945.80,EDC,EDC,V0475
BATAPH6RE,ED-0075,117785000.00,0.00,EDC,EDC,V0827 V0238 V0035
BATBIMPRV,ED-0075,15638000.00,0.00,EDC,EDC,V0607
BATBIMPS,"ED-0075 , ED-0373",19426101.00,266101.00,EDC,EDC,V0163 V0691 V0443
BATCIHLC,ED-0075,100000000.00,0.00,EDC,EDC,V0519 V0248 V0183
BATENVEL,"ED-0075 , ED-0373 , ED-K075",58292000.00,4702940.29,EDC,EDC,V0194 V0150 V0174
BATIMPRO,ED-0373,27363722.40,15724944.70,EDC,EDC,V0443
ACEFDN231,PU-0025,324216.38,47593.84,FDNY,,V0351
ACEFDN902,PU-0025,3033821.67,1761222.94,FDNY,,V0854 V0490 V0485
F175CHL20,F -0175,295000.00,0.00,FDNY,,V0930 V0245
F175CHM14,F -0175,181000.00,0.00,FDNY,,V0183
F175DRMC6,F -0175,105000.00,0.00,FDNY,,V0475
F175-EC65,F -0175,1635000.00,0.00,FDNY,,V0929
F175FMUSM,F -0175,2150000.00,0.00,FDNY,,V0633
F175HBKCO,F -0175,104000.00,0.00,FDNY,,V0252
F175RF161,F -0175,2021966.95,1832791.08,FDNY,,V0203 V0877
F175RF264,F -0175,5182000.00,0.00,FDNY,,V0443
F175RTU45,F -0175,240000.00,0.00,FDNY,,V0594
F175SE263,F -0175,257000.00,0.00,FDNY,,V0188 V0274
F175TPE45,F -0175,283000.00,0.00,FDNY,,V0118 V0118 V0630
F175UPSCO,F -0175,1357000.00,0.00,FDNY,,V0479 V0462 V0208
F175WE291,F -0175,993000.00,0.00,FDNY,,V0002 V0489
F175WS270,F -0175,103000.00,0.00,FDNY,,V0807 V0719
F1GAZ2601,F -0001,127000.00,0.00,FDNY,,V0340 V0631 V0487
F204CLEAR,F -0204,7737000.00,0.00,FDNY,,V0724
F204CMPRS,F -0204,6931000.00,0.00,FDNY,,V0684
F204-DEMO,F -0204,3013086.71,3012713.91,FDNY,,V0571 V0785 V0006
F204FT420,F -0204,1800000.00,0.00,FDNY,,V0086 V0128 V0118
F204FTGAS,F -0204,13071000.00,0.00,FDNY,,V0130
F204PPANE,F -0204,800000.00,0.00,FDNY,,V0247
F204RAND1,F -0204,302000.00,0.00,FDNY,,V0217 V0316
F204RAND9,F -0204,220000.00,0.00,FDNY,,V0487 V0189
F204RF333,F -0204,408685.38,266137.42,FDNY,,V0274
FD175D270,F -D175,250000.00,0.00,FDNY,,V0144 V0926 V0312
FD175DRS3,F -D175,69000.00,0.00,FDNY,,V0621
FD175DRS4,F -D175,70000.00,0.00,FDNY,,V0274
FD175DRS8,F -D175,69000.00,0.00,FDNY,,V0026 V0457 V0062
FD175DS20,F -D175,69000.00,0.00,FDNY,,V0652
FD175DS32,F -D175,69000.00,0.00,FDNY,,V0901 V0169 V0248
FD175DS47,F -D175,68000.00,0.00,FDNY,,V0289
FD175G301,F -D175,1200000.00,0.00,FDNY,,V0717
FD175M156,"F -0175 , F -D175",1800000.00,0.00,FDNY,,V0115 V0174
FD175M329,F -D175,2600000.00,0.00,FDNY,,V0248
FD175MB95,F -D175,223000.00,0.00,FDNY,,V0118 V0494 V0253
FD175MC62,F -D175,1400000.00,0.00,FDNY,,V0208
FD175MC96,F -D175,2200000.00,0.00,FDNY,,V0984 V0443
FD175WHZT,F -D175,300000.00,0.00,FDNY,,V0130
FR175G166,F -0175,1126045.12,893140.82,FDNY,,V0061
SEED-EC72,F -0175,1500000.00,0.00,FDNY,,V0248
SANDHM266,F -0175,950058.52,100058.52,FDNY,FDNY,V0189 V0411
SANDHMES4,F -0175,1213919.38,180810.37,FDNY,FDNY,V0026 V0411
ACEFDN202,"F -0175 , PU-0025",91793.41,75243.86,FDNY,FDNY,V0915 V0877 V0652
F175CHILL,F -0175,22049047.53,883718.10,FDNY,FDNY,V0581 V0699 V0878
F175EC287,F -0175,54146697.19,25143465.59,FDNY,FDNY,V0365
F175EMS4M,F -0175,15525867.71,385314.96,FDNY,FDNY,V0245 V0118
F175EMS58,"F -0175 , PU-0025",30760105.75,1258083.26,FDNY,FDNY,V0659 V0183
F175FASBK,F -0175,2170019.77,87472.35,FDNY,FDNY,V0572 V0002 V0135
F175FE163,F -0175,11063316.16,409291.43,FDNY,FDNY,V0035 V0874 V0023
F175FE221,F -0175,9395720.11,270460.37,FDNY,FDNY,V0801 V0726 V0351
F175FE260,F -0175,8248327.19,2166357.22,FDNY,FDNY,V0118 V0460 V0186
F175FE294,F -0175,8456248.86,386446.51,FDNY,FDNY,V0404
F175FMHVC,F -0175,12540313.88,11468183.07,FDNY,FDNY,V0674 V0604
F175KIT42,F -0175,1799078.61,240591.64,FDNY,FDNY,V0485
F175KTE22,F -0175,1616834.90,1560782.19,FDNY,FDNY,V0351 V0035
F175MC152,F -0175,9049989.29,689989.29,FDNY,FDNY,V0766
F175MC153,F -0175,8366020.06,6207944.80,FDNY,FDNY,V0562 V0209
F175MC159,F -0175,11646627.45,10366791.74,FDNY,FDNY,V0601
F175MC266,F -0175,8014461.54,571908.15,FDNY,FDNY,V0935
F175MC304,F -0175,5560597.37,512641.17,FDNY,FDNY,V0562
F175MC307,F -0175,8460856.56,694836.28,FDNY,FDNY,V0925 V0009
F175MCE33,F -0175,7865687.01,593208.50,FDNY,FDNY,V0679 V0083 V0117
F175MCE74,F -0175,6578050.58,6353615.02,FDNY,FDNY,V0190 V0503 V0852
F175MCE91,F -0175,1042738.39,873820.70,FDNY,FDNY,V0365 V0703 V0260
F175WN266,F -0175,400000.00,0.00,FDNY,FDNY,V0979
F175WP301,F -0175,5421871.00,4770309.14,FDNY,FDNY,V0863
F175WP303,F -0175,2601254.56,2318306.24,FDNY,FDNY,V0204 V0365
F175WP325,F -0175,2182545.57,2112587.92,FDNY,FDNY,V0351 V0482
F175WU299,F -0175,2838552.18,2507736.34,FDNY,FDNY,V0944 V0074
F175XIN82,F -0175,11702871.61,10516801.41,FDNY,FDNY,V0074 V0247 V0026
F204TRAN1,F -0204,23258329.80,587244.29,FDNY,FDNY,V0518 V0035 V0074
F204TRAN2,"F -0204 , F -D109",16554577.12,1788745.08,FDNY,FDNY,V0878 V0430 V0487
F204TRAN3,F -0204,17016965.98,1761312.70,FDNY,FDNY,V0218 V0247 V0056
FD175G153,F -D175,1444340.95,180849.15,FDNY,FDNY,V0444 V0056 V0384
FD175G161,"F -0175 , F -D175",1140846.72,529442.92,FDNY,FDNY,V0259 V0193
FD175G246,F -D175,1199523.09,324070.82,FDNY,FDNY,V0877
FD175G295,F -D175,1199881.23,39744.50,FDNY,FDNY,V0290 V0203
FD175G307,"F -0175 , F -D175",1060979.82,32739.11,FDNY,FDNY,V0878
FD175GE16,F -D175,1199653.94,79092.30,FDNY,FDNY,V0056 V0247
FD175GE40,F -D175,1199328.35,153660.88,FDNY,FDNY,V0216 V0740 V0855
FD175GE74,F -D175,1199934.79,544229.23,FDNY,FDNY,V0664 V0006
FD175GE89,F -D175,1199253.38,97160.66,FDNY,FDNY,V0183 V0487 V0086
FD175GE95,"F -0175 , F -D175",957371.94,739945.97,FDNY,FDNY,V0601 V0410 V0056
FD175GE96,F -D175,1199175.00,75177.41,FDNY,FDNY,V0130 V0476 V0131
FD175K221,F -D175,1829000.00,0.00,FDNY,FDNY,V0840
FD175K316,F -D175,1200000.00,0.00,FDNY,FDNY,V0581 V0130 V0002
FD175KT96,F -D175,1883349.94,149360.86,FDNY,FDNY,V0006 V0350 V0199
FD175WN22,F -0175,570770.85,384015.85,FDNY,FDNY,V0208
FD175WN28,F -0175,561487.44,519909.57,FDNY,FDNY,V0476
FQ175G260,F -0175,970110.56,373620.84,FDNY,FDNY,V0146 V0059 V0490
FQ175K307,F -Q175,1199525.81,65801.29,FDNY,FDNY,V0067 V0544
FX175GE42,F -0175,992803.76,845889.24,FDNY,FDNY,V0886 V0057
ID21WDR82,F -0175,2733860.28,2302973.53,FDNY,FDNY,V0002 V0130 V0765
SANDHM265,F -0175,1927411.01,199411.01,FDNY,FDNY,V0074 V0056
ACEFDN203,PU-0025,1167388.45,355280.31,FDNY,FDNY,V0312 V0150 V0002
F175FTANK,F -0175,1530633.81,48877.36,FDNY,FDNY,V0867
F175M9EWF,F -0175,35058196.28,914568.18,FDNY,FDNY,V0381
F175MC288,F -0175,6771337.47,447051.39,FDNY,FDNY,V0501
F175MR1WF,F -0175,20288000.00,0.00,FDNY,FDNY,V0146 V0026 V0289
F175RFMR9,F -0175,4200000.00,0.00,FDNY,FDNY,V0074
F175SPACE,F -0175,12037907.78,274480.30,FDNY,FDNY,V0216 V0274 V0146
F1FTRENOV,F -0204,2471654.28,0.00,FDNY,FDNY,V0414 V0446
ID21WD299,F -0175,386148.31,379148.31,FDNY,FDNY,V0773 V0948 V0009
SANDHM246,F -0175,492830.49,462956.19,FDNY,FDNY,V0247 V0155
F175CHLL2,F -0175,11000000.00,0.00,FDNY,FDNY,V0141 V0612
F175FE295,F -0175,7235568.34,208003.02,FDNY,FDNY,V0376 V0427 V0604
FD175D152,F -D175,125000.00,0.00,FDNY,FDNY,V0877
FD175D156,F -D175,125000.00,0.00,FDNY,FDNY,V0289 V0330 V0688
FD175D231,F -D175,200000.00,0.00,FDNY,FDNY,V0540 V0448 V0151
FD175D288,F -D175,280000.00,0.00,FDNY,FDNY,V0880 V0314
FD175D326,F -D175,235000.00,0.00,FDNY,FDNY,V0255 V0130
FD175DR70,F -D175,124587.12,89587.12,FDNY,FDNY,V0490
FD175G155,F -D175,1200000.00,0.00,FDNY,FDNY,V0922
FD175G254,F -D175,1384658.68,100426.09,FDNY,FDNY,V0878
FD175G318,F -D175,1200000.00,0.00,FDNY,FDNY,V0074 V0981 V0468
FD175G320,F -D175,1200000.00,0.00,FDNY,FDNY,V0408 V0106
FD175GE97,F -D175,1200000.00,0.00,FDNY,FDNY,V0150
FD175W288,F -D175,300000.00,0.00,FDNY,FDNY,V0144
02200901,HO-D003,1521307.43,702103.58,HHC,,V0074 V0985
02201601,HO-0214,24272000.00,0.00,HHC,,V0837
02201602,HO-0214,58292188.88,20415508.39,HHC,,V0275 V0933
02201723,HO-0214,7501128.57,6072305.91,HHC,,V0959
02201804,HO-0214,2873677.53,2763677.53,HHC,,V0120 V0407 V0652
02201901,HO-0214,30247854.91,30246258.47,HHC,,V0534
02202101,HO-0214,3553844.60,3257237.53,HHC,,V0641 V0845 V0082
022021PM,HO-0214,4800000.00,0.00,HHC,,V0859 V0490 V0475
02202401,HO-0214,14798000.00,0.00,HHC,,V0247 V0536 V0008
02202402,HO-0214,4873000.00,0.00,HHC,,V0086 V0243
02202403,HO-0214,19000000.00,0.00,HHC,,V0122 V0150
02202405,HO-0214,3000000.00,0.00,HHC,,V0182 V0604 V0906
02202406,HO-0214,6000000.00,0.00,HHC,,V0118 V0667
02202407,HO-0214,24000000.00,0.00,HHC,,V0963 V0982
11200912,HO-0214,551829.00,523829.00,HHC,,V0351
11201803,HO-0214,1562168.00,839009.60,HHC,,V0345
11201903,"HO-0214 , HO-D003 , HO-M001",1113237.46,0.00,HHC,,V0472
11202101,HO-D003,971868.82,869868.82,HHC,,V0304 V0051 V0096
11202104,"HO-0214 , HO-D003",3210916.16,916603.39,HHC,,V0333
11202106,HO-0214,9033052.02,728315.38,HHC,,V0487
11202201,HO-0214,31000032.00,1604613.52,HHC,,V0086 V0984
11202202,HO-0214,1452427.82,1108942.42,HHC,,V0521 V0086
11202204,HO-0214,3785489.39,3259495.79,HHC,,V0420
11202205,HO-0214,13627908.00,338908.00,HHC,,V0155 V0146
11202206,HO-0341,234746688.57,209420885.05,HHC,,V0955 V0604
11202209,HO-0214,17288440.26,3302880.62,HHC,,V0026 V0122
11202402,"HO-0214 , HO-D003",3249577.00,283791.02,HHC,,V0289
11202403,HO-0214,10999550.00,268393.03,HHC,,V0292
11202406,HO-0214,992705.64,212863.26,HHC,,V0783
11202445,HO-0214,3000000.00,0.00,HHC,,V0169
11202608,HO-0214,18000000.00,0.00,HHC,,V0490
11202609,HO-0214,12000000.00,0.00,HHC,,V0395
11202615,HO-0214,48240000.00,0.00,HHC,,V0086 V0223 V0490
11202622,HO-X002,1000000.00,0.00,HHC,,V0086
12201501,"HO-D003 , HO-M001",1095166.75,708350.75,HHC,,V0540 V0562 V0466
12201601,HO-0214,486167.46,485167.46,HHC,,V0805 V0707
12201702,HO-0214,106589.22,94333.54,HHC,,V0130
12201801,HO-0214,290783.41,244783.41,HHC,,V0208 V0352
12201802,HO-0214,89260.46,80260.46,HHC,,V0431 V0372 V0070
12201804,HO-0214,196281.47,175281.47,HHC,,V0122 V0351 V0168
12201902,"HO-0214 , HO-D003",381628.80,227628.80,HHC,,V0494
12201903,HO-0214,42458.88,40458.88,HHC,,V0237 V0443
12202001,HO-0214,52050.00,51050.00,HHC,,V0490 V0877
12202101,HO-0214,4299541.00,96159.80,HHC,,V0365 V0758
12202201,HO-0214,2499198.00,1746623.76,HHC,,V0652 V0470 V0491
12202202,HO-M001,80000.00,0.00,HHC,,V0923 V0056 V0376
12202401,HO-M001,200000.00,0.00,HHC,,V0797
12202402,HO-M001,150000.00,0.00,HHC,,V0002
12202403,HO-M001,125000.00,0.00,HHC,,V0365
13201101,"HO-0214 , HO-D003",3463638.36,3229725.76,HHC,,V0187 V0187
13201301,HO-0214,5973241.00,588588.94,HHC,,V0897 V0480 V0875
13201502,HO-0214,19395396.54,19003370.91,HHC,,V0122 V0526
13201602,HO-0214,14070690.54,12123752.36,HHC,,V0411 V0289
13201603,HO-0214,23177372.20,16824864.77,HHC,,V0056 V0542 V0312
13201803,HO-D003,1883071.48,1565705.07,HHC,,V0209 V0670
13201902,HO-D003,175737.00,174737.00,HHC,,V0161
13202001,HO-0214,5885071.63,5627367.56,HHC,,V0150
13202101,HO-0214,149950.00,123950.00,HHC,,V0009 V0141
13202102,HO-0214,3865599.57,704348.16,HHC,,V0209
13202201,HO-0214,7936364.81,7103258.48,HHC,,V0005 V0269
13202202,"HO-0214 , HO-0214",444000.00,0.00,HHC,,V0057 V0540
13202246,HO-0214,110401.00,95401.00,HHC,,V0928
13202301,HO-0214,9078350.00,670922.54,HHC,,V0289
13202401,HO-0214,10000000.00,0.00,HHC,,V0141
13202402,HO-0214,3000000.00,0.00,HHC,,V0547
13202403,HO-0214,1500000.00,0.00,HHC,,V0711
18201515,HO-D003,502912.82,454956.35,HHC,,V0941 V0562 V0245
18201801,HO-0214,91578.15,81578.15,HHC,,V0014 V0150 V0878
18202001,HO-0214,1093000.00,0.00,HHC,,V0591 V0144
18202201,HO-D003,250000.00,0.00,HHC,,V0351
20201501,HO-D003,92000.00,0.00,HHC,,V0830 V0203
20201801,HO-0214,94856.65,84856.65,HHC,,V0150 V0056 V0209
20202301,HO-0214,5257482.33,938219.61,HHC,,V0187 V0490 V0614
20202501,"HO-D003 , HO-X002",750000.00,0.00,HHC,,V0829 V0464 V0130
21201601,HO-0214,4948337.00,2556862.53,HHC,,V0002 V0022
21201751,"HO-0214 , HO-D003",8076055.48,4901732.42,HHC,,V0274 V0284
21202101,HO-0214,1546572.71,1396217.21,HHC,,V0006 V0642
21202108,HO-0214,10663026.00,274242.82,HHC,,V0247
21202109,HO-0214,21698890.46,4902508.33,HHC,,V0122 V0300
21202110,HO-0214,19666751.46,2715687.60,HHC,,V0557 V0115
21202111,HO-0214,11000633.00,6246761.07,HHC,,V0443 V0411
21202112,HO-0214,14500038.36,8543212.24,HHC,,V0122 V0485 V0130
21202144,"HO-0214 , HO-D003",11019000.00,0.00,HHC,,V0111 V0422 V0230
21202242,HO-0214,622171.35,620171.35,HHC,,V0436 V0562 V0174
21202301,HO-D003,9999521.00,549409.23,HHC,,V0878 V0540
21202601,HO-0214,794000.00,0.00,HHC,,V0351 V0187 V0598
22200601,HO-D003,1238986.38,1191986.38,HHC,,V0203
22200801,HO-D003,2086537.68,1944745.23,HHC,,V0006
22201610,HO-0214,3437846.37,2758846.37,HHC,,V0681
22201611,HO-0214,830192.26,676192.26,HHC,,V0618
22201901,HO-0214,1030000.00,628660.00,HHC,,V0890 V0872
22202001,HO-0214,327681.32,145681.32,HHC,,V0170 V0604 V0174
22202201,"HO-0214 , HO-K001",1690420.00,86720.56,HHC,,V0245
22202202,HO-0214,1255908.36,256127.27,HHC,,V0572
22202203,HO-D003,147000.00,0.00,HHC,,V0352 V0057
22202302,HO-D003,375000.00,0.00,HHC,,V0475 V0886
22202401,HO-D003,250000.00,0.00,HHC,,V0006
22202502,HO-K001,650000.00,0.00,HHC,,V0144 V0568 V0136
22202503,"HO-D003 , HO-K001",600000.00,0.00,HHC,,V0622
22202504,"HO-D003 , HO-K001",3500000.00,0.00,HHC,,V0146 V0535
22202602,HO-D003,100000.00,0.00,HHC,,V0169
23202001,HO-D003,100000.00,0.00,HHC,,V0652
23202101,HO-0214,6979733.00,99383.00,HHC,,V0542 V0248 V0488
23202401,HO-K001,1000000.00,0.00,HHC,,V0845 V0459 V0572
23202402,HO-D003,200000.00,0.00,HHC,,V0604 V0056
23202441,"HO-D003 , HO-K005",550000.00,0.00,HHC,,V0057 V0375 V0487
23202601,HO-D003,400000.00,0.00,HHC,,V0869
23202602,HO-D003,500000.00,0.00,HHC,,V0679 V0940
24201610,HO-0214,1058513.87,1004513.87,HHC,,V0126 V0312 V0289
24201901,HO-0214,40888150.00,597206.75,HHC,,V0365 V0179
24201920,HO-0214,212381.36,157381.36,HHC,,V0173 V0245 V0791
24202001,"HO-D003 , HO-X002",1794189.31,1134418.87,HHC,,V0365 V0276 V0316
24202102,HO-0214,3940690.64,2996360.38,HHC,,V0570 V0245 V0044
24202104,HO-0214,3599596.00,192270.00,HHC,,V0312 V0243 V0026
24202202,HO-D003,502000.00,0.00,HHC,,V0487 V0002
24202204,HO-0341,288417952.74,15225454.66,HHC,,V0429 V0442 V0149
24202205,HO-0214,18999956.00,1181770.53,HHC,,V0056 V0009
24202206,HO-0214,18000168.00,6489495.54,HHC,,V0245 V0878 V0343
24202207,HO-0214,57500087.00,752510.47,HHC,,V0490
24202208,HO-0214,16018324.64,2139709.79,HHC,,V0056 V0516 V0356
24202346,HO-X002,2000109.00,1410474.36,HHC,,V0057 V0366
25201401,"HO-D003 , HO-X002",1247951.85,1951.85,HHC,,V0411
25201602,HO-0214,18820800.43,18816124.47,HHC,,V0443 V0074 V0443
25201604,HO-0214,10335000.00,0.00,HHC,,V0247 V0949 V0332
25201701,HO-0214,6302470.85,5748850.13,HHC,,V0365
25201801,HO-0214,864275.66,859367.90,HHC,,V0204
25201805,HO-0214,410925.26,394925.26,HHC,,V0185 V0285
25201807,HO-0214,473648.46,472648.46,HHC,,V0332 V0286
25201901,HO-0214,810649.89,153981.21,HHC,,V0057 V0656
25201942,HO-0214,1328225.00,353623.32,HHC,,V0183 V0666 V0183
25202001,HO-0214,236000.00,0.00,HHC,,V0187 V0045
25202002,HO-X002,500000.00,0.00,HHC,,V0341 V0822
25202003,HO-0214,514493.54,422493.54,HHC,,V0612 V0169 V0320
25202106,HO-0214,7766081.00,366137.73,HHC,,V0009 V0351
25202202,HO-0214,1200000.00,0.00,HHC,,V0203
25202203H,HO-0214,7629933.00,4823287.44,HHC,,V0487 V0525
25202204,HO-0214,14730662.00,457213.00,HHC,,V0443
25202402,HO-0214,14999453.35,2057012.02,HHC,,V0262 V0169 V0870
25202403,HO-0214,10000000.00,0.00,HHC,,V0562
25202404,HO-0214,15000000.00,0.00,HHC,,V0189
25202405,HO-0214,35000000.00,0.00,HHC,,V0608 V0311
25202406,HO-X002,2000000.00,0.00,HHC,,V0174
25202407,HO-0214,1809500.00,33375.00,HHC,,V0220
25202501,HO-0214,1420000.00,0.00,HHC,,V0006 V0144 V0150
25202502,HO-0214,4800000.00,0.00,HHC,,V0443
25202503,HO-0214,1500000.00,0.00,HHC,,V0757 V0594 V0490
26201101,"HO-0214 , HO-D003",23143215.97,20678215.97,HHC,,V0086 V0174 V0486
26201402,HO-D003,965340.49,929340.49,HHC,,V0057 V0155 V0144
26202001,HO-0214,4275095.85,4275004.29,HHC,,V0430
26202101,HO-0214,1250000.00,0.00,HHC,,V0562 V0074
26202103,HO-0214,6061017.00,167017.00,HHC,,V0877 V0469 V0203
26202104,"HO-0214 , HO-D003",21309913.00,1017969.76,HHC,,V0150
26202201,"HO-0214 , HO-K001",26735998.00,9482894.60,HHC,,V0652 V0611 V0411
26202301,HO-D003,400000.00,0.00,HHC,,V0130 V0002
26202302,HO-0214,4209015.00,106708.70,HHC,,V0009 V0883
26202341,HO-D003,200466.00,147466.00,HHC,,V0877 V0650
26202401,HO-D003,600000.00,0.00,HHC,,V0289 V0490 V0946
26202402,HO-D003,6000000.00,0.00,HHC,,V0118 V0363 V0365
26202405,HO-D003,10000000.00,0.00,HHC,,V0146 V0252
26202406,HO-0214,6000000.00,0.00,HHC,,V0159 V0447
26202607,HO-0214,3000000.00,0.00,HHC,,V0022 V0631
27201201,HO-D003,273000.00,0.00,HHC,,V0604
27201301,HO-K001,111000.00,0.00,HHC,,V0746
27201515,HO-D003,199683.50,43683.50,HHC,,V0074 V0649 V0828
27201610,HO-0214,2795342.00,2663342.00,HHC,,V0487
27201702,"HO-0214 , HO-D003",1025300.00,77468.62,HHC,,V0209 V0365
27201802,HO-0214,120000.00,0.00,HHC,,V0035 V0035
27201803,HO-0214,1728236.44,1541236.44,HHC,,V0434
27202343,"HO-D003 , HO-K005",1100000.00,0.00,HHC,,V0002 V0150
27202401,HO-K001,650000.00,0.00,HHC,,V0472 V0150
29201610,HO-0214,21857383.58,13789000.10,HHC,,V0002 V0784
29201611,HO-0214,1056851.58,840851.58,HHC,,V0820
29201612,HO-0214,21107358.30,15713996.34,HHC,,V0248 V0476
29201615,HO-0214,1010796.19,1006796.19,HHC,,V0164
29201801,HO-0214,1499599.00,1460208.23,HHC,,V0465 V0187
29201802,HO-0214,2350391.28,2089400.21,HHC,,V0324 V0006 V0487
29202001,HO-0214,24645300.00,3219507.77,HHC,,V0894 V0812
29202101,HO-D003,53000.00,0.00,HHC,,V0587
29202102,HO-D003,70000.00,0.00,HHC,,V0750 V0150
29202103,HO-0214,32000.00,0.00,HHC,,V0006 V0443 V0476
29202104,HO-0214,12268015.00,1740625.00,HHC,,V0411
29202105,HO-0214,39000.00,0.00,HHC,,V0174 V0247
29202111,HO-0214,8921601.00,2155597.98,HHC,,V0074 V0873 V0029
29202114,HO-0214,1529194.66,1416450.50,HHC,,V0289
29202201,HO-0214,961086.00,794086.00,HHC,,V0877 V0735
29202203,HO-0214,5090131.37,1469724.44,HHC,,V0678 V0728 V0129
29202204,"HO-0214 , HO-K001",45625183.55,1574183.52,HHC,,V0296
29202205,HO-0214,1295371.60,613050.10,HHC,,V0229
29202302,HO-0214,1200900.00,147900.00,HHC,,V0878
29202303,HO-0214,9999900.00,29975.00,HHC,,V0652 V0144 V0558
29202401,HO-0214,1796399.00,1507623.94,HHC,,V0540 V0877 V0540
29202402,HO-0214,3000000.00,0.00,HHC,,V0247 V0058 V0740
29202403,HO-0214,1300000.00,0.00,HHC,,V0942 V0189
29202404,HO-D003,4000000.00,0.00,HHC,,V0924 V0274 V0628
29202443,"HO-0214 , HO-D003",6000000.00,0.00,HHC,,V0187 V0312
29202509,"HO-D003 , HO-K001",11000000.00,0.00,HHC,,V0804 V0365 V0150
29202602,HO-D003,3000000.00,0.00,HHC,,V0274 V0782
33201301,"HO-0214 , HO-D003 , HO-Q378",32760915.48,3537101.05,HHC,,V0315 V0888
33201505,"HO-D003 , HO-Q378",3354842.00,3337842.00,HHC,,V0830
33201602,HO-0214,2804693.98,1931144.40,HHC,,V0123 V0351 V0086
33201610,HO-0214,3880204.36,3484624.25,HHC,,V0735 V0250 V0736
33201804,HO-0214,950243.43,779605.97,HHC,,V0026
33201901,"HO-0214 , HO-D003",11829592.00,860003.13,HHC,,V0381 V0150 V0203
33202002,"HO-0214 , HO-D003",12317670.00,652445.00,HHC,,V0057 V0604
33202003,HO-0214,7877389.14,6312974.08,HHC,,V0144 V0474
33202102,HO-D003,2500287.00,232091.44,HHC,,V0086
33202104,HO-0214,9105500.00,132483.77,HHC,,V0028
33202108,HO-0214,1606444.00,1603373.74,HHC,,V0772 V0426
33202111,"HO-D003 , HO-Q378",7999888.00,250813.45,HHC,,V0960 V0203 V0071
33202112,HO-0214,7853065.00,187264.58,HHC,,V0130 V0982
33202201,"HO-0214 , HO-Q378",2506814.97,1984846.07,HHC,,V0571 V0616 V0299
33202202,"HO-0214 , HO-D003",1884774.78,1023240.50,HHC,,V0183
33202203,HO-0214,13729731.00,761667.00,HHC,,V0553 V0118
33202204,HO-0214,12000454.00,133500.88,HHC,,V0122
33202205,HO-0214,4495600.00,162182.50,HHC,,V0353
33202207,"HO-0378 , HO-D003 , HO-Q378",14879990.00,532610.09,HHC,,V0050 V0943 V0045
33202302,"HO-D003 , HO-Q378",6000625.00,316548.68,HHC,,V0074 V0035
33202303,HO-D003,2000000.00,0.00,HHC,,V0155 V0144 V0476
33202402,HO-D003,2000000.00,0.00,HHC,,V0002
33202403,HO-D003,4500000.00,0.00,HHC,,V0938 V0287 V0074
33202404,"HO-0214 , HO-D003",5910000.00,0.00,HHC,,V0877
33202407,HO-0214,1500000.00,0.00,HHC,,V0878 V0122
33202606,HO-D003,700000.00,0.00,HHC,,V0122 V0057 V0216
33202611,HO-Q378,3000000.00,0.00,HHC,,V0826 V0540 V0476
34200202,HO-Q003,499336.00,498336.00,HHC,,V0308 V0124
34200203,HO-Q003,354231.32,353231.32,HHC,,V0144 V0074 V0056
34200304,HO-Q003,496492.01,488492.01,HHC,,V0627 V0354 V0203
34201401,HO-Q003,1200101.98,51101.98,HHC,,V0274
34201502,HO-0214,150000.00,0.00,HHC,,V0562 V0005 V0274
34201741,"HO-0214 , HO-D003",3300118.48,2978381.96,HHC,,V0523 V0873 V0475
34201901,HO-0214,848236.92,847236.92,HHC,,V0856 V0312
34202101,HO-0214,9999998.00,49881.38,HHC,,V0355
34202102,HO-0214,1319960.00,1316960.00,HHC,,V0697 V0044
34202301,"HO-0214 , HO-D003 , HO-Q003",8704000.00,0.00,HHC,,V0476
34202302,"HO-0214 , HO-D003",4260648.00,1624756.37,HHC,,V0130 V0273 V0208
34202303,HO-0214,5265515.00,517456.66,HHC,,V0056 V0878 V0074
34202304,HO-0214,3603710.00,81082.32,HHC,,V0002 V0027 V0687
34202305,HO-0214,3689115.00,31039.50,HHC,,V0936 V0056
34202401,"HO-D003 , HO-Q003",425000.00,0.00,HHC,,V0817 V0552
34202404,HO-0214,4000000.00,0.00,HHC,,V0074
34202405,"HO-0214 , HO-Q214",500000.00,0.00,HHC,,V0368 V0485
37200802,HO-0214,70047.90,49047.90,HHC,,V0189 V0045
37201301,"HO-0214 , HO-D003",9353389.22,7233776.50,HHC,,V0208 V0485 V0855
37201501,HO-0214,3523217.35,2826652.61,HHC,,V0490
37201601,HO-0214,513232.64,477533.12,HHC,,V0185 V0245 V0398
37201901,HO-0214,1828446.70,81535.44,HHC,,V0057 V0806
37202001,"HO-0214 , HO-D003",6411737.00,307049.00,HHC,,V0814 V0140 V0604
37202002,HO-0214,756000.00,124301.55,HHC,,V0311 V0765 V0085
37202003,HO-0214,24999439.28,9290958.56,HHC,,V0135
37202041,"HO-0214 , HO-D003",3963879.50,217679.45,HHC,,V0074 V0146
37202102,HO-0214,12623154.20,11646255.87,HHC,,V0412 V0171 V0267
37202103,HO-0214,8386117.64,836688.55,HHC,,V0184
37202108,HO-0214,2351148.00,447657.57,HHC,,V0788 V0216 V0650
37202202,"HO-0214 , HO-D003 , HO-M001",6598118.33,159748.57,HHC,,V0351 V0412
37202203,"HO-0214 , HO-D003",2057575.50,150570.07,HHC,,V0248
37202341,"HO-0214 , HO-D003",5796631.50,179293.48,HHC,,V0443
37202401,HO-D003,4000000.00,0.00,HHC,,V0673 V0365 V0056
37202402,HO-0214,2000000.00,0.00,HHC,,V0631 V0359
37202403,HO-0214,1760450.00,28360.00,HHC,,V0122 V0056 V0118
37202404,HO-D003,500000.00,0.00,HHC,,V0426 V0592 V0189
37202405,HO-D003,325000.00,0.00,HHC,,V0144 V0351 V0879
42201301,"HO-0214 , HO-D003",495000.00,0.00,HHC,,V0289
42201515,HO-D003,855324.86,702068.15,HHC,,V0009 V0202
42202202,HO-0214,696617.38,515568.22,HHC,,V0187 V0706
42202401,HO-D003,1250000.00,0.00,HHC,,V0878
42202402,HO-X002,225000.00,0.00,HHC,,V0053
42202501,HO-0214,55000000.00,0.00,HHC,,V0040 V0122 V0216
48200803,HO-0214,3037521.49,2688654.74,HHC,,V0562 V0420 V0501
48201402,HO-0214,1792917.14,1607363.14,HHC,,V0420 V0761
48201505,HO-0214,8500515.18,8368304.97,HHC,,V0216 V0540 V0035
48201515,HO-D003,653116.93,629266.62,HHC,,V0004 V0487
48201516,HO-D003,1024300.00,42034.63,HHC,,V0022
48201610,HO-0214,4150657.94,3968657.94,HHC,,V0490
48201701,HO-0214,4008394.27,3943394.27,HHC,,V0652 V0006 V0174
48201801,HO-0214,235184.35,201312.61,HHC,,V0230 V0587
48201803,HO-0214,86350.00,85350.00,HHC,,V0060 V0377 V0826
48201901,HO-D003,150000.00,0.00,HHC,,V0443
48201902,HO-D003,5000515.62,3622468.65,HHC,,V0205 V0303 V0010
48201903,HO-0214,1857000.00,0.00,HHC,,V0162
48202003,HO-0214,950283.62,932283.62,HHC,,V0443 V0183 V0130
48202040,HO-0214,166175.61,162175.61,HHC,,V0026
48202102,HO-0214,1665261.00,1664261.00,HHC,,V0769 V0295 V0844
48202106,HO-0214,22883987.25,10991870.43,HHC,,V0445 V0195
48202107,HO-0214,450000.00,0.00,HHC,,V0289 V0490
48202108,HO-0341,38490517.92,34485669.21,HHC,,V0524 V0604 V0316
48202201,HO-K001,1950303.00,226945.85,HHC,,V0453 V0286 V0365
48202202,HO-0214,2200000.00,1331421.07,HHC,,V0475
48202203,HO-0341,18663512.27,13408237.75,HHC,,V0956
48202205,HO-0341,309260984.00,9352411.64,HHC,,V0443 V0107
48202206,"HO-0214 , HO-K001",18093020.00,2221110.19,HHC,,V0910 V0475
48202207,HO-0214,41999600.00,569232.00,HHC,,V0144 V0189
48202208,HO-0214,15658032.00,1577616.88,HHC,,V0035
48202209,HO-0214,14373100.00,307539.00,HHC,,V0155 V0247 V0243
48202301,HO-0214,2790826.00,431876.00,HHC,,V0562
48202402,HO-0214,3000000.00,0.00,HHC,,V0056 V0504
48202515,HO-K001,225000.00,0.00,HHC,,V0187 V0122
48202516,HO-K001,500000.00,0.00,HHC,,V0877 V0588
50202405,HO-D003,1700000.00,0.00,HHC,,V0009
52202401,HO-D003,150000.00,0.00,HHC,,V0009
57202601,"HO-0214 , HO-Q214",1000000.00,0.00,HHC,,V0312 V0274
57202602,HO-Q214,200000.00,0.00,HHC,,V0026 V0183 V0247
60202201,HO-0214,29999504.00,6691556.64,HHC,,V0183 V0869
60202401,HO-0214,50000000.00,0.00,HHC,,V0878
67200802,HO-0214,271572.85,190572.85,HHC,,V0086 V0949
67200901,HO-D003,299802.00,3802.00,HHC,,V0365 V0476 V0209
67201070,HO-0214,28439362.00,28407362.00,HHC,,V0162 V0178
67201170,HO-0214,11052235.00,10868235.00,HHC,,V0849
67202201,HO-M001,225000.00,0.00,HHC,,V0216
67202202,HO-0214,203654.00,0.00,HHC,,V0247 V0708
67202401,HO-D003,950000.00,0.00,HHC,,V0395 V0572 V0485
67202402,HO-M001,200000.00,0.00,HHC,,V0972 V0009 V0770
67202404,"HO-D003 , HO-M001",490000.00,0.00,HHC,,V0454 V0035 V0955
67202405,HO-D003,1000000.00,0.00,HHC,,V0476 V0245 V0057
67202504,"HO-D003 , HO-M001",650000.00,0.00,HHC,,V0540 V0056 V0289
68202102,HO-M001,124610.00,95610.00,HHC,,V0728
68202103,HO-0214,2368000.00,0.00,HHC,,V0289 V0221 V0007
68202201,HO-D003,150000.00,92000.00,HHC,,V0878 V0755 V0541
68202202,HO-0214,388000.00,0.00,HHC,,V0619 V0026
68202601,HO-D003,150000.00,0.00,HHC,,V0604 V0697 V0703
69202101,HO-0214,34001841.00,22268974.98,HHC,,V0122
71202301,HO-Q214,1000000.00,0.00,HHC,,V0363 V0579 V0652
73202301,HO-Q214,2500000.00,0.00,HHC,,V0443 V0021 V0009
73202401,HO-D003,100000.00,0.00,HHC,,V0312
73202402,HO-D003,150000.00,0.00,HHC,,V0572 V0985 V0208
73202442,HO-D003,4000000.00,0.00,HHC,,V0638 V0245 V0174
74202401,HO-Q003,55000.00,0.00,HHC,,V0604 V0811
74202601,HO-Q214,55000.00,0.00,HHC,,V0130 V0882
75200902,"HO-0214 , HO-D003 , HO-R001",4910332.16,3958462.16,HHC,,V0309
75201502,HO-0214,2895770.89,2558498.68,HHC,,V0035 V0843 V0122
75201801,HO-D003,175234.00,163622.30,HHC,,V0269 V0963
75202201,HO-R001,200000.00,0.00,HHC,,V0517 V0107 V0162
75202202,"ED-0075 , HO-0214",37700000.00,0.00,HHC,,V0365
75202401,HO-D003,250000.00,0.00,HHC,,V0205 V0216 V0941
75202402,HO-R001,200000.00,0.00,HHC,,V0002 V0351 V0056
75202403,HO-R001,200000.00,0.00,HHC,,V0335
75202404,HO-R001,200000.00,0.00,HHC,,V0408
75202405,HO-D003,250000.00,0.00,HHC,,V0216 V0203 V0248
75202501,HO-R001,350000.00,0.00,HHC,,V0400 V0564 V0411
75202601,"HO-D003 , HO-R001",3900000.00,0.00,HHC,,V0685 V0087 V0862
76202601,HO-D003,150000.00,0.00,HHC,,V0668 V0210 V0074
77202301,HO-Q214,100000.00,0.00,HHC,,V0365
77202401,HO-Q003,55000.00,0.00,HHC,,V0889 V0900
78202301,HO-Q214,500000.00,0.00,HHC,,V0006 V0045 V0540
78202401,HO-Q214,1500000.00,0.00,HHC,,V0280
82202501,"HO-D003 , HO-K001",1500000.00,0.00,HHC,,V0604 V0465 V0155
83202401,HO-D003,500000.00,0.00,HHC,,V0819 V0150
ACEHHC401,HO-0214,9462217.02,9188217.02,HHC,,V0980 V0035
ACEHHC407,HO-0214,8991721.73,8915721.73,HHC,,V0312 V0941
ACEHHC408,"HO-0214 , PU-0025",20449735.48,19960592.95,HHC,,V0877
ACEHHC409,HO-0214,13043919.49,11138812.79,HHC,,V0631 V0056
ACEHHC602,HO-0214,15068305.71,13827270.95,HHC,,V0026 V0155 V0074
ACEHHC606,HO-0214,11037356.40,10380528.34,HHC,,V0475 V0513
ACEHHC803,"HO-0214 , PU-0025",5369722.08,3964041.87,HHC,,V0759 V0207 V0777
ACEHHC901,"HO-0214 , PU-0025",28191550.36,24340312.86,HHC,,V0183 V0897 V0057
CV192440,"HO-0214 , HO-0214",407816.84,391537.84,HHC,,V0155
E24-0004,"HO-0214 , PU-0025",39578949.00,725425.32,HHC,,V0490 V0365
E24-0005,"HO-0214 , PU-0025",14540000.00,0.00,HHC,,V0572
GABIHHC,CS-0003,940137.98,847137.98,HHC,,V0544 V0002
GOUV/MJR,HO-0214,243229055.36,241748055.36,HHC,,V0877 V0883 V0122
HOENERGY,"HO-0214 , HO-0377",869000.00,0.00,HHC,,V0475 V0340 V0638
SAND1117,HO-0214,23846071.57,19879941.50,HHC,,V0781 V0212 V0586
SAND1121,HO-0214,5822528.33,4279942.73,HHC,,V0187 V0173 V0045
SAND1122,HO-0214,3715383.15,3249317.76,HHC,,V0560
SAND2605,HO-0214,91669933.91,72091657.99,HHC,,V0035 V0959
SAND3706,HO-0214,5045853.22,4609702.93,HHC,,V0086 V0887
SAND67E,HO-0214,18096789.67,18052789.67,HHC,,V0146 V0150
SANDCOFW,HO-0214,121629127.30,3292881.47,HHC,,V0006 V0793
SANDNEW,HO-0214,385078000.00,0.00,HHC,,V0289
SEED-QN26,HO-0214,70000000.00,0.00,HHC,,V0312 V0183 V0045
TKYHHC012,PU-0025,14999500.00,259682.00,HHC,,V0511 V0652
TKYHHC013,PU-0025,5820171.00,4427192.56,HHC,,V0295
TKYHHC014,PU-0025,3936746.00,1616465.63,HHC,,V0373 V0074
TKYHHC17,PU-0025,10297000.00,0.00,HHC,,V0169 V0370
TKYHHC903,"HO-0214 , PU-0025",35245654.23,31464792.19,HHC,,V0013 V0866
TKYHHC904,"HO-0214 , PU-0025",39447593.48,32336929.60,HHC,,V0009 V0253 V0619
TKYHHC905,"HO-0214 , PU-0025",57635413.50,1663582.74,HHC,,V0169 V0169 V0942
TKYHHC906,"HO-0214 , HO-D003 , PU-0025",16569000.00,0.00,HHC,,V0681 V0769
TKYHHC907,PU-0025,7106195.00,3710088.14,HHC,,V0117 V0144
TKYHHC908,"HO-0214 , PU-0025",12753450.00,11081261.31,HHC,,V0715
TKYHHC910,"HO-0214 , PU-0025",2065000.00,65003.20,HHC,,V0045 V0155 V0202
WFF-HHC,EP-0009,6000090.00,85722.00,HHC,,V0294 V0245
REDHOOK,,1332384.30,1332384.30,HPD,,V0540 V0076
SEAVIEW,,8000000.00,8000000.00,HPD,,V0248 V0815 V0169
AGSIROREH,AG-D001,236000.00,0.00,HRA,,V0203 V0662
HR25103FC,HR-0025,2139000.00,0.00,HRA,,V0088 V0216 V0130
HR258AVBO,HR-0025,7188000.00,0.00,HRA,,V0195 V0247 V0274
HR25EFOY,HR-0025,21045000.00,0.00,HRA,,V0155 V0897
HR25FOSD2,HR-0025,2500000.00,0.00,HRA,,V0013 V0312
HR25FOST2,HR-0025,407000.00,0.00,HRA,,V0562
HR25MUSSC,HR-0025,14397000.00,0.00,HRA,,V0865
HR25NORC,HR-0025,2500000.00,0.00,HRA,,V0879 V0198
HR25PTMFC,HR-0025,1912662.90,1678396.42,HRA,,V0056
HR25TREMC,HR-0025,8039000.00,0.00,HRA,,V0580 V0476
HR25VAND,HR-0025,2001000.00,0.00,HRA,,V0269 V0006
HR25WBRWY,HR-0025,7435000.00,0.00,HRA,,V0187 V0088
HRCNBDST,HR-D002,1070000.00,0.00,HRA,,V0634 V0476 V0006
HRCNSJMS2,HR-D002,190000.00,0.00,HRA,,V0864 V0189 V0002
HRCNSJMSC,HR-D002,298000.00,0.00,HRA,,V0370 V0289
NDF-JEROM,,704380.00,704380.00,NYPD,,V0252
PO79-PBXS,PO-0079,12251000.00,0.00,NYPD,,V0169 V0245
PO79LOCK,PO-0079,59698907.92,49137576.75,NYPD,NYPD,V0180 V0319 V0389
PO79-MED,PO-0079,0.00,0.00,NYPD,NYPD,V0032 V0245 V0562
PO79PA13,PO-0079,16956334.00,345079.50,NYPD,NYPD,V0411 V0130
PO79PA13,PO-0079,16956334.00,345079.50,NYPD,NYPD,V0411 V0130
PO79PA13,PO-0079,16956334.00,345079.50,NYPD,NYPD,V0411 V0130
PO79PA13,PO-0079,16956334.00,345079.50,NYPD,NYPD,V0411 V0130
PO79PADRS,PO-0079,1524000.00,0.00,NYPD,NYPD,V0150
PO79RNSA,PO-0079,3800000.00,0.00,NYPD,NYPD,V0189
POD106COM,PO-D001,75000.00,0.00,NYPD,NYPD,V0485 V0256
POD47RENO,PO-D079,1000000.00,10000.00,NYPD,NYPD,V0381 V0174 V0664
POD50ELGE,"PO-0079 , PO-D001",766031.50,45757.25,NYPD,NYPD,V0445 V0693 V0009
PO-KVEST,,227671.61,227671.61,NYPD,NYPD,V0333 V0183
PO-KVEST,,227671.61,227671.61,NYPD,NYPD,V0333 V0183
PO-KVEST,,227671.61,227671.61,NYPD,NYPD,V0333 V0183
SANDCD08,PO-0079,868002.80,121326.80,NYPD,NYPD,V0189 V0761 V0245
SANDCD10,PO-0079,747884.38,117295.50,NYPD,NYPD,V0411 V0104
SANDCD13,PO-0079,11000.00,0.00,NYPD,NYPD,V0540 V0144 V0099
SANDCD3,PO-0079,460117.10,118999.20,NYPD,NYPD,V0748
SANDCD4,PO-0079,575000.00,0.00,NYPD,NYPD,V0869 V0854 V0365
SANDCD5,PO-0079,632119.60,124556.90,NYPD,NYPD,V0248 V0074
SANDCD6,PO-0079,1023313.29,172051.60,NYPD,NYPD,V0351
SANDCD7,PO-0079,983315.62,157847.00,NYPD,NYPD,V0002 V0056 V0588
SANDCONDT,PO-0079,1616000.00,0.00,NYPD,NYPD,V0947
SANDELEC2,PO-0079,1582374.00,1581374.00,NYPD,NYPD,V0292
SANDWARE,PO-0079,15609000.00,0.00,NYPD,NYPD,V0292 V0604 V0933
PO005PRP1,PO-0005,0.00,0.00,NYPD,NYPD,V0476
PO79 PAL,PO-0079,144462.09,135134.60,NYPD,NYPD,V0274 V0045 V0786
PO7911FR,PO-0079,6049943.13,5018254.31,NYPD,NYPD,V0711
PO79120AC,PO-0079,2498150.01,1312824.48,NYPD,NYPD,V0475 V0605 V0035
PO79137CS,PO-0079,18582952.55,0.00,NYPD,NYPD,V0245 V0735 V0151
PO791PPDR,PO-0079,0.00,0.00,NYPD,NYPD,V0944 V0215 V0487
PO791PPF,PO-0079,18722812.00,4659526.34,NYPD,NYPD,V0169
PO79-52P,PO-0079,0.00,0.00,NYPD,NYPD,V0214 V0009 V0765
PO79-ADA,PO-0079,30323866.40,1109220.34,NYPD,NYPD,V0614 V0312
PO79-ADA,PO-0079,30323866.40,1109220.34,NYPD,NYPD,V0614 V0312
PO79-ADA,PO-0079,30323866.40,1109220.34,NYPD,NYPD,V0614 V0312
PO79-ADA,PO-0079,30323866.40,1109220.34,NYPD,NYPD,V0614 V0312
PO79-ADA,PO-0079,30323866.40,1109220.34,NYPD,NYPD,V0614 V0312
PO79-ADA,PO-0079,30323866.40,1109220.34,NYPD,NYPD,V0614 V0312
PO79-ADA,PO-0079,30323866.40,1109220.34,NYPD,NYPD,V0614 V0312
PO79-ADA,PO-0079,30323866.40,1109220.34,NYPD,NYPD,V0614 V0312
PO79-ADA,PO-0079,30323866.40,1109220.34,NYPD,NYPD,V0614 V0312
PO79-ADA,PO-0079,30323866.40,1109220.34,NYPD,NYPD,V0614 V0312
PO79-ADA,PO-0079,30323866.40,1109220.34,NYPD,NYPD,V0614 V0312
PO79-ADA,PO-0079,30323866.40,1109220.34,NYPD,NYPD,V0614 V0312
PO79-ADA,PO-0079,30323866.40,1109220.34,NYPD,NYPD,V0614 V0312
PO79-ADA,PO-0079,30323866.40,1109220.34,NYPD,NYPD,V0614 V0312
PO79-ADA,PO-0079,30323866.40,1109220.34,NYPD,NYPD,V0614 V0312
PO79-ADA2,PO-0079,31852000.00,0.00,NYPD,NYPD,V0274
PO79-ADA2,PO-0079,31852000.00,0.00,NYPD,NYPD,V0274
PO79-ADA2,PO-0079,31852000.00,0.00,NYPD,NYPD,V0274
PO79-ADA2,PO-0079,31852000.00,0.00,NYPD,NYPD,V0274
PO79-ADA2,PO-0079,31852000.00,0.00,NYPD,NYPD,V0274
PO79-ADA2,PO-0079,31852000.00,0.00,NYPD,NYPD,V0274
PO79-ADA2,PO-0079,31852000.00,0.00,NYPD,NYPD,V0274
PO79-ADA2,PO-0079,31852000.00,0.00,NYPD,NYPD,V0274
PO79-ADA2,PO-0079,31852000.00,0.00,NYPD,NYPD,V0274
PO79-ADA2,PO-0079,31852000.00,0.00,NYPD,NYPD,V0274
PO79-ADA2,PO-0079,31852000.00,0.00,NYPD,NYPD,V0274
PO79-ADA2,PO-0079,31852000.00,0.00,NYPD,NYPD,V0274
PO79-ADA2,PO-0079,31852000.00,0.00,NYPD,NYPD,V0274
PO79-ADA2,PO-0079,31852000.00,0.00,NYPD,NYPD,V0274
PO79-ADA2,PO-0079,31852000.00,0.00,NYPD,NYPD,V0274
PO79-ADA2,PO-0079,31852000.00,0.00,NYPD,NYPD,V0274
PO79-ADA2,PO-0079,31852000.00,0.00,NYPD,NYPD,V0274
PO79-ADA2,PO-0079,31852000.00,0.00,NYPD,NYPD,V0274
PO79-ADA2,PO-0079,31852000.00,0.00,NYPD,NYPD,V0274
PO79-ADA2,PO-0079,31852000.00,0.00,NYPD,NYPD,V0274
PO79-ADA2,PO-0079,31852000.00,0.00,NYPD,NYPD,V0274
PO79-ADA2,PO-0079,31852000.00,0.00,NYPD,NYPD,V0274
PO79-ADA2,PO-0079,31852000.00,0.00,NYPD,NYPD,V0274
PO79-ADA2,PO-0079,31852000.00,0.00,NYPD,NYPD,V0274
PO79-ADA2,PO-0079,31852000.00,0.00,NYPD,NYPD,V0274
PO79BATH,PO-0079,37117548.03,37052809.56,NYPD,NYPD,V0376 V0274 V0882
PO79BATH,PO-0079,37117548.03,37052809.56,NYPD,NYPD,V0376 V0274 V0882
PO79BMAHH,PO-0079,98000.00,0.00,NYPD,NYPD,V0426 V0351 V0183
PO79BMAHI,"PO-0079 , PU-0025",3334712.71,2241436.83,NYPD,NYPD,V0919
PO79BMAHI,"PO-0079 , PU-0025",3334712.71,2241436.83,NYPD,NYPD,V0919
PO79BMAHI,"PO-0079 , PU-0025",3334712.71,2241436.83,NYPD,NYPD,V0919
PO79BMAHI,"PO-0079 , PU-0025",3334712.71,2241436.83,NYPD,NYPD,V0919
PO79BMAHM,PO-0079,1024213.28,0.00,NYPD,NYPD,V0144 V0475
PO79BMAHO,PO-0079,2658000.00,2254625.00,NYPD,NYPD,V0035
PO79BMAHO,PO-0079,2658000.00,2254625.00,NYPD,NYPD,V0035
PO79BMAHO,PO-0079,2658000.00,2254625.00,NYPD,NYPD,V0035
PO79BMAHO,PO-0079,2658000.00,2254625.00,NYPD,NYPD,V0035
PO79BMAHS,PO-0079,10971164.34,1304644.49,NYPD,NYPD,V0794 V0877
PO79BMAHX,PO-0079,277100.00,207490.00,NYPD,NYPD,V0216 V0187
PO79BMAHY,"PO-0079 , PU-0025",4588500.00,99000.00,NYPD,NYPD,V0312 V0024 V0476
PO79BMAHY,"PO-0079 , PU-0025",4588500.00,99000.00,NYPD,NYPD,V0312 V0024 V0476
PO79BMAHY,"PO-0079 , PU-0025",4588500.00,99000.00,NYPD,NYPD,V0312 V0024 V0476
PO79BMAII,PO-0079,2415000.00,0.00,NYPD,NYPD,V0562
PO79BMAIZ,PO-0079,5322000.00,28250.00,NYPD,NYPD,V0130 V0318 V0538
PO79BMAJF,,110446.00,56331.47,NYPD,NYPD,V0144
PO79BMAJJ,,799000.00,667350.00,NYPD,NYPD,V0312 V0154 V0358
PO79BMAJQ,PO-0079,8661000.00,0.00,NYPD,NYPD,V0239 V0413
PO79BMAJX,PO-0079,493713.28,46897.50,NYPD,NYPD,V0508
PO79BMAJZ,PO-0079,5300544.03,4857156.75,NYPD,NYPD,V0169 V0144 V0887
PO79BMAJZ,PO-0079,5300544.03,4857156.75,NYPD,NYPD,V0169 V0144 V0887
PO79BMAJZ,PO-0079,5300544.03,4857156.75,NYPD,NYPD,V0169 V0144 V0887
PO79BMAJZ,PO-0079,5300544.03,4857156.75,NYPD,NYPD,V0169 V0144 V0887
PO79BMAKB,PO-0079,135190.00,13444.78,NYPD,NYPD,V0351
PO79BMAKC,PO-0079,1500000.00,0.00,NYPD,NYPD,V0826
PO79BMAKD,PO-0079,514596.48,480596.48,NYPD,NYPD,V0878 V0074
PO79BMAKG,PO-0079,2756000.00,0.00,NYPD,NYPD,V0953 V0878
PO79BMAKI,"PO-0079 , PU-0025",9396000.00,0.00,NYPD,NYPD,V0902 V0757 V0026
PO79BMAKI,"PO-0079 , PU-0025",9396000.00,0.00,NYPD,NYPD,V0902 V0757 V0026
PO79BMAKI,"PO-0079 , PU-0025",9396000.00,0.00,NYPD,NYPD,V0902 V0757 V0026
PO79BMAKI,"PO-0079 , PU-0025",9396000.00,0.00,NYPD,NYPD,V0902 V0757 V0026
PO79BMAKK,PO-0079,1216000.00,805172.49,NYPD,NYPD,V0057 V0146
PO79BMAKM,PO-0079,2908000.00,0.00,NYPD,NYPD,V0572 V0247
PO79BMAKN,PO-0079,1499800.00,99340.00,NYPD,NYPD,V0715
PO79BMAKN,PO-0079,1499800.00,99340.00,NYPD,NYPD,V0715
PO79BMAKO,"PO-0079 , PO-D079",6420500.00,30500.00,NYPD,NYPD,V0203 V0035
PO79BMAKP,,769008.60,243235.34,NYPD,NYPD,V0411 V0208
PO79BMAKX,PO-0079,2340000.00,0.00,NYPD,NYPD,V0814 V0779 V0752
PO79BMAKZ,,261770.00,76425.00,NYPD,NYPD,V0562
PO79BMALA,PO-0079,1533000.00,0.00,NYPD,NYPD,V0009 V0146 V0562
PO79BMALC,"PO-0079 , PU-0025",2718530.00,32000.00,NYPD,NYPD,V0442 V0274 V0187
PO79BMALC,"PO-0079 , PU-0025",2718530.00,32000.00,NYPD,NYPD,V0442 V0274 V0187
PO79BMALC,"PO-0079 , PU-0025",2718530.00,32000.00,NYPD,NYPD,V0442 V0274 V0187
PO79BMALE,PO-0079,1000000.00,0.00,NYPD,NYPD,V0562 V0351 V0476
PO79BMALE,PO-0079,1000000.00,0.00,NYPD,NYPD,V0562 V0351 V0476
PO79BMALE,PO-0079,1000000.00,0.00,NYPD,NYPD,V0562 V0351 V0476
PO79BMALE,PO-0079,1000000.00,0.00,NYPD,NYPD,V0562 V0351 V0476
PO79BMALG,PO-0079,7019000.00,50000.00,NYPD,NYPD,V0466
PO79BMALG,PO-0079,7019000.00,50000.00,NYPD,NYPD,V0466
PO79BMALG,PO-0079,7019000.00,50000.00,NYPD,NYPD,V0466
PO79BMALI,PO-0079,305743.38,301743.38,NYPD,NYPD,V0236 V0155 V0604
PO79-BMS,PO-0079,35928000.00,0.00,NYPD,NYPD,V0899
PO79BMUPS,PO-0079,37506769.00,37481769.00,NYPD,NYPD,V0302 V0339 V0265
PO79CWAC,PO-0079,20443101.00,1984231.00,NYPD,NYPD,V0006 V0359
PO79CWAC,PO-0079,20443101.00,1984231.00,NYPD,NYPD,V0006 V0359
PO79CWAC,PO-0079,20443101.00,1984231.00,NYPD,NYPD,V0006 V0359
PO79CWAC,PO-0079,20443101.00,1984231.00,NYPD,NYPD,V0006 V0359
PO79CWAC,PO-0079,20443101.00,1984231.00,NYPD,NYPD,V0006 V0359
PO79CWAC,PO-0079,20443101.00,1984231.00,NYPD,NYPD,V0006 V0359
PO79CWAC,PO-0079,20443101.00,1984231.00,NYPD,NYPD,V0006 V0359
PO79CWAC,PO-0079,20443101.00,1984231.00,NYPD,NYPD,V0006 V0359
PO79CWAC,PO-0079,20443101.00,1984231.00,NYPD,NYPD,V0006 V0359
PO79CWAC,PO-0079,20443101.00,1984231.00,NYPD,NYPD,V0006 V0359
PO79FTTIL,"ED-0373 , PO-0079",8956000.00,0.00,NYPD,NYPD,V0320 V0351
PO79-GEN,PO-0079,28014000.00,0.00,NYPD,NYPD,V0056 V0695
PO79-GEN,PO-0079,28014000.00,0.00,NYPD,NYPD,V0056 V0695
PO79-GEN,PO-0079,28014000.00,0.00,NYPD,NYPD,V0056 V0695
PO79-GEN,PO-0079,28014000.00,0.00,NYPD,NYPD,V0056 V0695
PO79-GEN,PO-0079,28014000.00,0.00,NYPD,NYPD,V0056 V0695
PO79-GEN,PO-0079,28014000.00,0.00,NYPD,NYPD,V0056 V0695
PO79-GEN,PO-0079,28014000.00,0.00,NYPD,NYPD,V0056 V0695
PO79-GEN,PO-0079,28014000.00,0.00,NYPD,NYPD,V0056 V0695
PO79-GEN,PO-0079,28014000.00,0.00,NYPD,NYPD,V0056 V0695
PO79-GEN,PO-0079,28014000.00,0.00,NYPD,NYPD,V0056 V0695
PO79-GEN,PO-0079,28014000.00,0.00,NYPD,NYPD,V0056 V0695
PO79-GEN,PO-0079,28014000.00,0.00,NYPD,NYPD,V0056 V0695
PO79-GEN,PO-0079,28014000.00,0.00,NYPD,NYPD,V0056 V0695
PO79HCFDR,PO-0079,4150098.02,332593.21,NYPD,NYPD,V0248 V0431 V0250
PO79HQBB,PO-0079,7273660.09,7097887.85,NYPD,NYPD,V0006 V0540 V0142
PO79HWAVE,PO-0079,9996910.00,199471.91,NYPD,NYPD,V0592 V0077
PO79LOCK,PO-0079,59698907.92,49137576.75,NYPD,NYPD,V0180 V0319 V0389
PO79LOCK,PO-0079,59698907.92,49137576.75,NYPD,NYPD,V0180 V0319 V0389
PO-KVEST,,227671.61,227671.61,NYPD,NYPD,V0333 V0183
PO-Q106,PO-Q079,1000000.00,0.00,NYPD,NYPD,V0487 V0026 V0575
PO79112H,PO-0079,450000.00,0.00,NYPD,NYPD,V0886
POD106REN,PO-D079,4500408.07,342627.03,NYPD,NYPD,V0150 V0147 V0129
PO79LABB,PO-0079,277270.46,276270.46,NYPD,NYPD,V0216
APINYPD02,PU-0025,10488000.00,0.00,NYPD,NYPD,V0159 V0747
PO79BMAKW,PO-0079,300000.00,0.00,NYPD,NYPD,V0189
PO79LABFR,PO-0079,885000.00,0.00,NYPD,NYPD,V0274 V0828
PO-Q109,PO-Q079,50000.00,0.00,NYPD,NYPD,V0122 V0940
ACEPOL241,PU-0025,4393000.00,0.00,NYPD,NYPD,V0248 V0825
PO79ELE13,PO-0079,3211000.00,0.00,NYPD,NYPD,V0284 V0615 V0274
SANDCD1,PO-0079,1215588.00,405119.20,NYPD,NYPD,V0778 V0351
SANDCD2,PO-0079,240258.20,77584.00,NYPD,NYPD,V0819
PO79CWAC,PO-0079,20443101.00,1984231.00,NYPD,NYPD,V0006 V0359
PO79BMALK,PO-0079,2500000.00,0.00,NYPD,NYPD,V0736
PO79BTOWP,PO-0079,8014000.00,0.00,NYPD,NYPD,V0540 V0089
PO79IAB,PO-0079,14540000.00,0.00,NYPD,NYPD,V0954
PO-D19TH,PO-D079,300000.00,0.00,NYPD,NYPD,V0174
P-101SMSC,P -D021,110000.00,0.00,NYPD,NYPD,V0358 V0725 V0144
HAM26TWSC,HA-D001,180000.00,0.00,NYPD,NYPD,V0487 V0543 V0443
LN18ALRFW,LN-X001,1000000.00,0.00,NYPL,,V0117
LN18BEADA,LN-D008,500000.00,0.00,NYPL,,V0122 V0853 V0176
LN18RDADA,LN-D008,500000.00,0.00,NYPL,,V0179 V0709 V0411
LN22HUDPK,"LN-0008 , LN-0101M, LN-D008",4220000.00,0.00,NYPL,,V0260 V0505
LN24GDNEW,"LN-0008 , LN-D008 , LN-X001 , PU-0025",14023000.00,0.00,NYPL,,V0150 V0883
LN25CIHVR,"LN-D008 , LN-X001",4300000.00,0.00,NYPL,,V0208 V0093 V0242
LN25CLHVA,LN-0008,4000000.00,0.00,NYPL,,V0645
LN26GRKCR,LN-R001,500000.00,0.00,NYPL,,V0485 V0086
LN26WHWIN,"LN-D008 , LN-M001",2500000.00,0.00,NYPL,,V0365 V0206 V0240
LN27SVCR,LN-X001,500000.00,0.00,NYPL,,V0146 V0045 V0873
LNBEREXRE,LN-D008,1000000.00,0.00,NYPL,,V0312
LNBERHVAC,LN-D008,1500000.00,0.00,NYPL,,V0247
LNLCGEDEN,"LN-0008 , LN-D008 , LN-X001",19116000.00,0.00,NYPL,,V0411
LNLCGTSCN,"LN-0008 , LN-D008",26004000.00,0.00,NYPL,,V0798
LNRA18RCH,LN-R001,450000.00,0.00,NYPL,,V0086 V0160
LNVNADABA,LN-D008,500000.00,0.00,NYPL,,V0249 V0913 V0280
L23LPAFAS,L -0101,3002000.00,0.00,NYRL,,V0622 V0699
L23SCHOMB,"L -0101 , L -0103 , L -D002 , PU-0025",2132000.00,0.00,NYRL,,V0878 V0475 V0035
L27LPROOF,L -M100,1000000.00,0.00,NYRL,,V0652 V0247 V0057
L27SCHOMB,L -M100,2000000.00,0.00,NYRL,,V0540
LRLCGSCHR,L -0101,2400000.00,0.00,NYRL,,V0802 V0467
DATACENTR,PW-0326,12555850.00,1962514.14,OTI,,V0877
LQ122-GEN,"LQ-0122 , LQ-D122 , LQ-Q122",13565000.00,0.00,QPL,,V0222
LQBCHREAD,LQ-D122,230000.00,0.00,QPL,,V0699
LQBC-RES,LQ-0122,1800000.00,0.00,QPL,,V0118 V0211 V0942
LQBC-ROOF,LQ-0122,490000.00,0.00,QPL,,V0846 V0379 V0130
LQBP-XCES,"LQ-Q003 , LQ-Q122",308000.00,0.00,QPL,,V0274 V0186 V0365
LQBR-ROOF,LQ-0122,900000.00,0.00,QPL,,V0704
LQCA19LHS,LQ-D122,136000.00,0.00,QPL,,V0417 V0476 V0209
LQCA20MGR,LQ-D122,908000.00,0.00,QPL,,V0289 V0330 V0103
LQCC-XCES,"LQ-C122 , LQ-D001 , LQ-D001 , LQ-D122 , LQ-D122",4366000.00,0.00,QPL,,V0375 V0922 V0960
LQCEL-AUD,"LQ-0122 , LQ-D122",7000000.00,0.00,QPL,,V0298
LQCELHVAC,"LQ-0122 , LQ-D122",8908000.00,0.00,QPL,,V0453 V0485 V0215
LQEFRENOV,LQ-0122,21900000.00,0.00,QPL,,V0057 V0351
LQFL-REP,"LQ-0122 , LQ-D122",9487000.00,0.00,QPL,,V0365 V0035 V0604
LQFLSVELV,LQ-0122,3000000.00,0.00,QPL,,V0248 V0366 V0298
LQGL-RES,LQ-Q122,1000000.00,0.00,QPL,,V0144 V0274 V0485
LQGORN-25,LQ-0122,7500000.00,0.00,QPL,,V0562
LQHILRENO,LQ-D122,1314000.00,0.00,QPL,,V0485 V0884 V0552
LQLAHEXTR,"LQ-0122 , LQ-D122",1009000.00,0.00,QPL,,V0463 V0487
LQLERENOV,LQ-0122,21900000.00,0.00,QPL,,V0465 V0540
LQNN_27,LQ-0122,18400000.00,0.00,QPL,,V0274
LQNO-HVAC,"LQ-0122 , LQ-D122",3923000.00,0.00,QPL,,V0714 V0750 V0880
LQPHRS-23,LQ-D122,300000.00,0.00,QPL,,V0820
LQPMRN-23,LQ-D122,3000000.00,0.00,QPL,,V0476 V0420
LQPOMHVAC,LQ-Q122,453000.00,0.00,QPL,,V0245
LQQA21CTQ,"LQ-D122 , LQ-Q122",2801000.00,0.00,QPL,,V0141
LQQBH-RES,"LQ-0122 , LQ-D122",2800000.00,0.00,QPL,,V0355 V0035
LQQV-TECH,LQ-D122,200000.00,0.00,QPL,,V0144 V0652
LQRVRN-25,LQ-0122,11700000.00,0.00,QPL,,V0977
LQSE-ROOF,LQ-0122,800000.00,0.00,QPL,,V0980
LQSE-WIN,LQ-0122,800000.00,0.00,QPL,,V0075 V0537
LQSHORTFA,LQ-0122,738000.00,0.00,QPL,,V0009 V0248 V0216
LQSTW-RES,LQ-0122,2800000.00,0.00,QPL,,V0050 V0247 V0411
LQSTWSOLR,LQ-D122,134000.00,0.00,QPL,,V0665 V0195 V0411
LQWHRN-26,"LQ-0122 , LQ-D122 , LQ-Q122",23088000.00,0.00,QPL,,V0112
LQWP-MASO,LQ-0122,350000.00,0.00,QPL,,V0846
LQWP-TECH,LQ-D122,144000.00,0.00,QPL,,V0094
LQWSRN-23,LQ-D122,300000.00,0.00,QPL,,V0524 V0144
LQWS-TEEN,LQ-D122,134000.00,0.00,QPL,,V0778 V0939
LQWSTTECH,LQ-D122,44000.00,0.00,QPL,,V0209 V0118 V0681
