pid,fms_id,current_phase,current_phase_norm,agency_project_name,forecast_completion,job_open_for_charges
,ACSPDF,(Pending),pending,Renovation projects for field offices,,true
,CAPC,(Pending),pending,CHINESE AMERICAN PLANNING COUNCIL,,true
,CROSSBH,(Pending),pending,Crossroads HVAC- Juvenille Detention Center,,true
,CROSSHVAC,(Pending),pending,Crossroads HVAC,,true
,CSK002NLC,(Pending),pending,"NEW LIFE CHILD DEVEL. CTR. DCC AT 295 WOODBINE STREET, BK.",,true
,EMQREN,(Pending),pending,Juvenile Justice Renovations,,true
,HAMMELCOM,(Pending),pending,HAMMEL HOUSES - COMMUNITY CENTER HVAC SYSTEM,,true
,HORIHVAC,(Pending),pending,HVAC UPGRADE- HORIZON JUVENILE DETENTION CENTERS,,true
,HORIZONBH,(Pending),pending,HORIZON JUVENILE DETENTION CENTERS,,true
,JJZROSSLB,(Pending),pending,THE CROSSROADS JUVENILE CENTER - LIBRARY RENOVATION,,true
,NSCC,(Pending),pending,Children's Center High Needs Unit,,true
,SECDETWHC,(Pending),pending,Window Hardening Crossroads,,true
,SECDETWHH,(Pending),pending,Window Hardening Horizons,,true
,LBC17DRBR,(Pending),pending,DYKER INTERIOR RENOVATION,,true
,LBC25UPIF,(Pending),pending,Ulmer Park Infrastructure,,true
,LBCENPH3,(Pending),pending,Central Phase 3,,true
,LBK26WWIO,(Pending),pending,Walt Whitman Initial Outfitting,,true
,LBM22PCOH,(Pending),pending,PACIFIC OVERHAUL,,true
,LBM25BWAD,(Pending),pending,Bushwick ADA Bathrooms,,true
,LBM25CTIF,(Pending),pending,Cortelyou HVAC Replacement,,true
,LBM25DKHC,(Pending),pending,Dekalb HVAC Replacement,,true
,LBM25HLIF,(Pending),pending,Highlawn Infrasrtructure Upgrade,,true
,LBM25WBHC,(Pending),pending,Williamsburgh HVAC Replacement,,true
,LBM26HCSB,(Pending),pending,Homecrest Branch Replacement,,true
,LBM26SBBR,(Pending),pending,Sheepshead Consolidation Design & Fit Out,,true
,LBM27MPOH,(Pending),pending,McKinley Park Library Comprehensive Overhaul,,true
,ACECUN211,(Pre-Design),pre-design,CUNY - Portfolio Submetering - BMCC,,true
,ACECUN212,(Pre-Design),pre-design,CUNY - Portfolio Submetering - Bronx CC,,true
,ACECUN213,(Pre-Design),pre-design,CUNY - Portfolio Submetering - Hostos CC,,true
,ACECUN214,(Pre-Design),pre-design,CUNY - Portfolio Submetering - Kingsborough CC,,true
,ACECUN215,(Pre-Design),pre-design,CUNY - Portfolio Submetering - LaGuardia CC,,true
,ACECUN216,(Pre-Design),pre-design,CUNY - Portfolio Submetering - Queensborough CC,,true
,ACECUN221,(Pre-Design),pre-design,"CUNY - BMCC HVAC UPGRADES - 199 CHAMBERS ST, NY",,true
,ACECUN222,(Pre-Design),pre-design,"CUNY - KCC MULTI-BUILDING HVAC UPGRADES AT 2055 ORIENTAL, BK",,true
,ACECUN223,(Pending),pending,CUNY - Queensborough Community College: Central Chiller Plan,,true
,ACECUN231,(Pre-Design),pre-design,Bronx Community College BMS Upgrade,,true
,ACECUN232,(Pre-Design),pre-design,Borough of Manhattan Community College BMS Upgrade,,true
,ACECUN233,(Pre-Design),pre-design,Kingsborough Community College BMS Upgrade,,true
,ACECUN234,(Pre-Design),pre-design,Laguardia Community College BMS Upgrade,,true
,ACECUN507,(Pending),pending,CUNY - Hostos CC Summer Boiler,,true
,ACECUN801,(Pending),pending,CUNY - Building Automation Controls Upgrade @ QCC,,true
,ACECUN901,(Pre-Design),pre-design,CUNY - BMS Upgrade at 4 Hostos College Buildings,,true
,BA001-022,(Equipment),equipment,17 Lexington Multi-purpose Room,,true
,BA001-023,(Pre-Design),pre-design,ADA Bathrooms,,true
,BA001-024,(Pre-Design),pre-design,ONE STOP SHOP (BOSS) STUDENT SUPPORT OFFICES,,true
,BA001-026,(Pending),pending,NEWMAN VERTICAL CAMPUS PHYSICAL ACCESS SYSTEM ENHANCEMENTS,,true
,BA013-013,(Equipment),equipment,"Data Center, UPS, and Cooling",,true
,BA024-018,(Pre-Design),pre-design,Modification of Main Entrance at 17 Lexington Avenue,,true
,BA025-018,(Pre-Design),pre-design,Marxe Lab/Public Space Upgrades for School of Public Affairs,,true
,BA030-020,(Pre-Design),pre-design,Mason Hall A/V System,,true
,BX001-024,(Pre-Design),pre-design,LIBRARY ELEVATOR INSTALLATION,,true
,BX001-025,(Pre-Design),pre-design,THE OHIO TRACK AND FIELD RENOVATIONS,,true
,BX001-026,(Pending),pending,COLLEGE MEDIA AND DIGITAL FILM PRODUCTION TELEVISION STUDIO,,true
,BX001-027,(Pending),pending,EXPANSION & UPGRADES OF THENURSING AND ALLIED HEALTH SCIENCE,,true
,BX006-022,(Pre-Design),pre-design,Food Pantry Construction,,true
,BX024-011,(Completed),completed,Roof Replacement,,false
,BX027-015,(Pre-Design),pre-design,Ohio Track & Field Restoration,,true
,BX038-016,(Pre-Design),pre-design,Lowe Hall ADA Accessibility Improvements,,true
,BX040-017,(Pending),pending,Bronx Express,,true
,BX041-017,(Pre-Design),pre-design,STEM Resource Center,,true
,BX042-018,(Pre-Design),pre-design,Renovate Roscoe Brown Student Center,,true
,BX044-018,(Pre-Design),pre-design,Community Hall First Floor Renovation,,true
,BX046-019,(Pre-Design),pre-design,Alumni Gym HVAC & ADA Improvements,,true
,BX047-020,(Pre-Design),pre-design,Ohio Track & Field Upgrade,,true
,BX049-020,(Pre-Design),pre-design,Carl Polowczyk Hall Upgrades,,true
,BY024-012,(Pre-Design),pre-design,Haitian Studies Institute Initial Outfitting,,true
,BY025-012,(Pre-Design),pre-design,Haitian Studies Institute Initial Outfitting,,true
,BY031-017,(Pre-Design),pre-design,Electrical Upgrades,,true
,BY032-018,(Pre-Design),pre-design,ADA Upgrades for the Brooklyn College Student Center,,true
,CA001-023,(Pre-Design),pre-design,EXPANSION OF SLU CLASSROOM SPACE AND CREATION OF LABOR MUSEU,,true
,CA001-027,(Pending),pending,Community College State of Good Repair,,true
,CA001QB25,(Completed),completed,QBCC - Kennedy Hall Gymnasium Roof Reconstruction,,false
,CA001QC26,(Pending),pending,Queens College - Kiely Hall Technology Upgrades,,true
,CA002-021,(Equipment),equipment,SPS - Virtual Online Desktop - Informatics & Data Analytics,,true
,CA002-022,(Equipment),equipment,Technology Equipment and Facility upgrades,,true
,CA002CA01,(Pre-Design),pre-design,CUNY Prep HVAC Upgrade Project,,true
,CA003-023,(Pre-Design),pre-design,Restroom Renovations,,true
,CA004-021,(Pending),pending,CUNY STEM Institute,,true
,CA004-023,(Pre-Design),pre-design,Workspace Expansion & Welcome Center Relocation,,true
,CA005-021,(Pre-Design),pre-design,CUNY SPH Renovation,,true
,CA005-022,(Equipment),equipment,SPH Expansion and Renovation,,true
,CA006-022,(Pre-Design),pre-design,SLUS- Classroom  Spaces Upgrade,,true
,CA007-022,(Pre-Design),pre-design,SPS- Workspace Expansion and Welcome Center,,true
,CA008QB01,(Pending),pending,Underground High Temperature Hot Water Piping,,true
,CA022KG01,(Pre-Design),pre-design,Underground Utility Piping,,true
,CA022KG02,(Pre-Design),pre-design,Seawall Exterior Lighting,,true
,CA022QB01,(Pre-Design),pre-design,Boiler Improvements,,true
,CA025BX01,(Pending),pending,CW IT Cabling Upgrade,,true
,CA025QB04,(Pending),pending,Roof Reconstruction Phase 3,,true
,CA025QB05,(Pending),pending,Library Elevator Reconstruction,,true
,CA025QB06,(Pending),pending,Motor Controls and Electrical Panels Upgrades,,true
,CA026YC01,(Pending),pending,Laboratory Fume Hood Replacement,,true
,CA026YC02,(Pending),pending,Science Building Roof Replacement,,true
,CA032-013,(Completed),completed,Center for Innovation and Entrepreneurship,,false
,CA034HS13,(Pending),pending,500 Grand Concourse 3rd Floor Renovation,,true
,CA034KG13,(Pre-Design),pre-design,Gas Booster Pump Upgrade,,true
,CA036-014,(Pre-Design),pre-design,Hostos CC: Allied Health and Sciences Building,,true
,CA049-019,(Completed),completed,CUNY In The Heights,,false
,CA049-022,(Pending),pending,CUNY in the Heights -Media Room Construction/Renovation,,true
,CA055QB17,(Land Purchase),land purchase,CUNY ASAP Expansion,,true
,CA056-020,(Pre-Design),pre-design,John Jay School of Law,,true
,CA056QB17,(Pending),pending,CUNY ASAP Expansion,,true
,CA091BX23,(Pending),pending,Hall of Fame Roof Replacement,,true
,CA091HS96,(Completed),completed,Hostos Retaining Wall Project,,false
,CA091KG02,(Pre-Design),pre-design,HVAC Improvements HVAC Improvements,,true
,CA091KG03,(Pending),pending,LL97 Gym HVAC Units Replacement,,true
,CA091LG22,(Completed),completed,E Building North Roof Replacement,,false
,CA091LG23,(Pre-Design),pre-design,LGCC M Building HVAC Replacement,,true
,CA091QB23,(Pre-Design),pre-design,QBCC - Science and Med Arts Elevator Project,,true
,CA091QB24,(Pending),pending,LL97 AHU Replacement,,true
,CA091QB26,(Pending),pending,LL97 Heat Recovery Boiler Plant,,true
,CA200BX04,(Completed),completed,BX COLSTON AND MEISTER HALL LL11,,false
,CA201BX21,(Pending),pending,Bronx CC - Philosophy Hall Roof Replacement,,true
,CA201MC04,(Completed),completed,BMCC RAMP & PLAZA PEDESTAL REPAIRS,,false
,CA201MC25,(Pending),pending,Theatre 1 Sewer Pipe Replacement,,true
,CA202-006,(Completed),completed,ADA Compliance,,false
,CA202MC01,(Completed),completed,ADA BATHROOM UPGRADES FOR BMCC,,false
,CA234KG13,(Pending),pending,Library Roof Replacement,,true
,CC001-024,(Pre-Design),pre-design,MOYNIHAN CENTER UPGRADE OF FACILITY SPACE,,true
,CC001-025,(Pending),pending,MARSHAK HALL LECTURE HALLS RENOVATION,,true
,CC001-026,(Pending),pending,NAC MULTIMEDIA LECTURE HALL AT CITY COLLEGE OF NEW YORK,,true
,CC002-025,(Pending),pending,CUNY School of Medicine/ City College of New York - Reno,,true
,CC022-012,(Completed),completed,Schiff House Day Care Center Upgrades,,false
,CC026-013,(Pre-Design),pre-design,Aaron Davis Hall,,true
,CC039-017,(Pre-Design),pre-design,Street Improvements,,true
,CC041-018,(Pre-Design),pre-design,Wireless Network Upgrade Expansion,,true
,CC042-018,(Pre-Design),pre-design,Facility Upgrades,,true
,CC045-019,(Pre-Design),pre-design,Kitchen Upgrade for the Culinary Program,,true
,CL001-024,(Pre-Design),pre-design,CUNY SCHOOL OF LAW REPURPOSE SPACE,,true
,CL001-026,(Pending),pending,CUNY Law - WORKER EDUCATION AND DEVELOPMENT CENTER,,true
,CL001-027,(Pending),pending,ADA ENTRANCE UPGRADES,,true
,GR001-025,(Pending),pending,UPGRADE THE ELEBASH RECITAL HALL LOBBY,,true
,GR001-026,(Pending),pending,Graduate Center - Library Archives Renovation,,true
,GR010-022,(Pre-Design),pre-design,Recital Hall & Theater Upgrades,,true
,GR017-014,(Completed),completed,Bathroom and HVAC Upgrades,,false
,GR018-015,(Pre-Design),pre-design,Library Renovations,,true
,GR022-017,(Pre-Design),pre-design,Ninth Floor Reconstruction,,true
,GR023-017,(Pre-Design),pre-design,Improvement of Public Spaces,,true
,GR029-020,(Pre-Design),pre-design,AUDITORIUM SOUND SYSTEM,,true
,GU031-013,(Pre-Design),pre-design,New Community College Student Lab Renovations,,true
,GU051-015,(Pre-Design),pre-design,Guttman Comm. Coll. Building Canopy,,true
,HC001-026,(Pending),pending,GYMNASIUM RENOVATION AT HUNTER COLLEGE CAMPUS SCHOOL,,true
,HC002-024,(Pre-Design),pre-design,Playground Renovation,,true
,HC026-011,(Pre-Design),pre-design,Phone System Upgrade And Expansion,,true
,HC075-098,(Completed),completed,HVAC Improvements,,false
,HC999-000,(Pending),pending,HCS - Campus School Public Address System Replacement,,true
,HS001-024,(Pre-Design),pre-design,CAFETERIA RENOVATION,,true
,HS001-027,(Pending),pending,CHILDREN'S CENTER PLAYGROUND RENOVATIONS,,true
,HS007-010,(Pre-Design),pre-design,PEDESTRIAN BRIDGE ROOF REPLACEMENT,,true
,HS007-022,(Pre-Design),pre-design,Second Floor & Basement Renovations,,true
,HS033-007,(Pending),pending,Brick Wall Restoration/Garden Upgrades,,true
,HS034-007,(Equipment),equipment,450 Grand Concourse Theater Improvements,,true
,HS040-009,(Pre-Design),pre-design,SOUND STUDIO,,true
,HS041-011,(Completed),completed,500 Grand Concourse 4th  Floor and Emerg. Generator,,false
,HS043-011,(Pre-Design),pre-design,Hostos CC - 500 Grand Concourse Renovations,,true
,HS047-013,(Completed),completed,Savoy Building Roof Replacement,,false
,HS048-013,(Pre-Design),pre-design,Renovation and HVAC Upgrade,,true
,HS050-014,(Pre-Design),pre-design,Allied Health and Sciences Building,,true
,HS055-098,(Completed),completed,Window Rehab - 471 Walton,,false
,HS057-019,(Pre-Design),pre-design,Smart Classroom Conversion,,true
,HS059-021,(Pre-Design),pre-design,Video Projection,,true
,HU001-023,(Pre-Design),pre-design,Performing Arts Center,,true
,HU001-026,(Pending),pending,TERRACE RENOVATION PROJECT,,true
,HU002-022,(Pre-Design),pre-design,Auditorium Renovation in North Building,,true
,HU002-023,(Pre-Design),pre-design,Campus Beautification Efforts,,true
,HU002-026,(Pending),pending,Hunter College - ADA Compliance,,true
,HU003-021,(Pre-Design),pre-design,Auditorium Renovation,,true
,HU003-023,(Pre-Design),pre-design,Performing Arts Hub,,true
,HU004-021,(Pre-Design),pre-design,School of Education Renovation,,true
,HU011-022,(Pre-Design),pre-design,School of Education Renovation,,true
,HU022-009,(Completed),completed,EXPERIMENTAL PSYCHOLOGY LAB BUILDOUT,,false
,HU027-013,(Pre-Design),pre-design,SCHOOL OF NURSING/HEALTH SCIENCE RELOCATION TO C3,,true
,HU028-015,(Pre-Design),pre-design,Black Box Performance Space,,true
,HU029-015,(Pre-Design),pre-design,Black Box Media & Arts Flex Space Improvements,,true
,HU035-016,(Pre-Design),pre-design,Black Box  Theater Renovation Black Box Theater Renovation,,true
,HU036-017,(Pre-Design),pre-design,Black Box Renovation,,true
,HU037-017,(Equipment),equipment,CUNY Hunter College - Performing Arts Hub Project,,true
,HU039-018,(Pre-Design),pre-design,Performing Arts Hub - Renovate N Building Auditorium,,true
,HU040-018,(Pre-Design),pre-design,Renovate Performing Arts Hub in North Building,,true
,HU040-019,(Pre-Design),pre-design,Computer Science 10th FL. North Expansion,,true
,HU041-019,(Pre-Design),pre-design,Black Box Media Flex Space,,true
,HU043-020,(Pre-Design),pre-design,Auditorium Renovation in North Building,,true
,JJ001-021,(Pre-Design),pre-design,Multimedia Distribution System,,true
,JJ024-017,(Pre-Design),pre-design,Locker Rooms and Gym Entrance,,true
,JJ029-018,(Pre-Design),pre-design,Theater ADA Upgrades,,true
,KG001-022,(Pre-Design),pre-design,Kibbee Library & Media Center Renovations,,true
,KG001-024,(Pre-Design),pre-design,LIGHTHOUSE ROTUNDA RENOVATIONS,,true
,KG001-025,(Pre-Design),pre-design,POOL RENOVATION AND UPGRADES,,true
,KG001-026,(Pending),pending,KINGSBOROUGH CHILD DEVELOPMENT CENTER EXPANSION,,true
,KG002-022,(Pre-Design),pre-design,Off Shore Wind Training Equipment,,true
,KG002-026,(Pending),pending,ROTUNDA--LIGHTHOUSE ROTUNDA RENOVATION,,true
,KG025-009,(Completed),completed,FACILITIES FOR OCCUPATIONAL & RESPIRATORY THERAPY,,false
,KG030-012,(Completed),completed,Critical Maintenance A/P/U Buildings,,false
,KG031-013,(Pre-Design),pre-design,Renovation of Pool Facilities,,true
,KG037-015,(Pre-Design),pre-design,Science and Resilience Institute at Jamaica Bay,,true
,KG206-006,(Completed),completed,T4 Roof Replacement,,false
,LAGUARDIA,(Completed),completed,LaGuardia Community College Streetscape,,false
,LG001-024,(Pre-Design),pre-design,POOL FACILITY RENOVATION,,true
,LG001-026,(Pending),pending,LGCC - ADA ACCESSIBILITY AND COMPLIANCE UPGRADES,,true
,LG001-027,(Pending),pending,RENOVATIONS TO THE HUMANITIES AND PERFORMING ARTS FACILITIES,,true
,LG002-021,(Pre-Design),pre-design,Greenhouse Construction,,true
,LG002-024,(Pre-Design),pre-design,Student Plaza Transformation,,true
,LG003-023,(Pre-Design),pre-design,Training Space Renovation Training Space Renovation,,true
,LG020-009,(Completed),completed,NEW LIBRARY SPACE at LaGuardia CC,,false
,LG036-014,(Pre-Design),pre-design,Library Expansion and HVAC Upgrade,,true
,LG041-016,(Pending),pending,Business and Entrepreneurial Training Center,,true
,LG043-018,(Pending),pending,Shenker Hall Lab Renovation,,true
,LG071-019,(Pre-Design),pre-design,Student Success Center: Tutoring Hub,,true
,LG072-019,(Pre-Design),pre-design,Archive Construction,,true
,LM001-024,(Pre-Design),pre-design,ANIMATION LAB,,true
,LM001-026,(Pending),pending,ART GALLERY IMPROVEMENTS AT LEHMAN COLLEGE,,true
,LM001-027,(Pending),pending,CENTER FOR THE PERFORMING ARTS,,true
,LM002-021,(Pre-Design),pre-design,Teaching and Learning Innovation Space - Art,,true
,LM002-027,(Pending),pending,LOINGER HALL CRITIC UPGRADES,,true
,LM019-011,(Completed),completed,Concert Hall Lighting Upgrade / Acoustics Upgrade,,false
,LM021-012,(Pending),pending,Teaching and Learning Commons,,true
,LM022-013,(Completed),completed,One-Stop Student Services & Transfer Center,,false
,LM025-014,(Completed),completed,Cloudlink Student Lab Virtual Desktop (iCloud Upgrade),,false
,LM034-018,(Pre-Design),pre-design,Convert classrooms into NetworkSmart Rooms,,true
,LM036-019,(Completed),completed,Concert Hall Fixed Seating,,false
,LM041-020,(Pending),pending,Studio Theatre Lighting & Dimming System,,true
,LM043-021,(Pre-Design),pre-design,Social Work Department Expansion,,true
,MC001-021,(Pre-Design),pre-design,Library Interior Renovation,,true
,MC001-022,(Pre-Design),pre-design,Library Interior Renovation,,true
,MC001-023,(Pre-Design),pre-design,Learning Resource Center,,true
,MC001-024,(Pre-Design),pre-design,LEARNING RESOURCE CENTER INTERIOR RENOVATION,,true
,MC001-025,(Pending),pending,CAREER SUCCESS AND STUDENT SERVICES ENGAGEMENT CENTER,,true
,MC028-010,(Completed),completed,"CUNY: BMCC, 199 Chambers Street - EE Upgrade",,false
,MC029-012,(Completed),completed,Gymnasium Air Conditioning System,,false
,MC036-016,(Pre-Design),pre-design,Perimeter Security Lighting,,true
,MC040-018,(Pre-Design),pre-design,LED Conversion in Public Areas,,true
,MC042-018,(Completed),completed,BMCC Pedestrian Enclosed Extension,,false
,MC045-020,(Pre-Design),pre-design,Tribeca Performing Arts Center Theater 1 & 2 Lighting Upgra,,true
,ME001-023,(Pre-Design),pre-design,Campus Wide Access Lock Control & Public Address Safety,,true
,ME001-024,(Pre-Design),pre-design,Founders Auditorium Upgrade,,true
,ME001-025,(Pending),pending,MEDGAR EVERS COLLEGE: SWIMMING POOL UPGRADE,,true
,ME001-026,(Pending),pending,Medgar - FOUNDERS AUDITORIUM RENOVATION,,true
,ME018-005,(Completed),completed,LIBRARY EXPANSION,,false
,ME027-011,(Completed),completed,Carroll Street Building Upgrade,,false
,ME030-013,(Completed),completed,Upgrade of Back Lobby of the Bedford Building,,false
,ME031-013,(Completed),completed,Virtual Desktop Infrastructure,,false
,ME038-016,(Pre-Design),pre-design,Child Development Center Upgrades,,true
,ME039-017,(Pre-Design),pre-design,Student Lounge Upgrades,,true
,ME041-018,(Pre-Design),pre-design,Art and Historic Space Renovation,,true
,ME042-019,(Pre-Design),pre-design,Founder's Auditorium Renovation & Upgrades,,true
,ME043-020,(Pre-Design),pre-design,Open Computer and Lab Digital Interactive Learning Spaces,,true
,MH040-014,(Pre-Design),pre-design,Macaulay Honors College Classroom Upgrades,,true
,MH053-016,(Pre-Design),pre-design,Macaulay Honors College - New Media Lab,,true
,MH059-017,(Pre-Design),pre-design,Macaulay Honors College Data Science Lab,,true
,MH060-020,(Pre-Design),pre-design,New Media/Data Science Lab,,true
,NY001-027,(Pending),pending,NYC COLLEGE OF TECHNOLOGY: UPGRADES TO HEALTH SCIENCES SPACE,,true
,NY006-009,(Completed),completed,WELCOME CENTER AND ART GALLERY,,false
,NY024-018,(Pre-Design),pre-design,Exterior Space Improvements,,true
,NY025-018,(Completed),completed,NYC  College of Technolgy Pearl Street Building Renovation,,false
,OFFSHRWND,(Pending),pending,Offshore Wind - Development and Manufacturing,,true
,QB001-021,(Pre-Design),pre-design,ADA Restroom Upgrades,,true
,QB001-022,(Pending),pending,Renovate Chemistry Lab,,true
,QB001-023,(Pre-Design),pre-design,KENNEDY HALL GYMNASIUM - LOCKER AND SHOWER ROOM RENOVATION,,true
,QB001-026,(Pending),pending,KURT SCHEMLLER LIBRARY MODERNIZATION: LIBRARY RENOVATION,,true
,QB002-024,(Pre-Design),pre-design,Cafeteria and Kitchen Renovation Project,,true
,QB002-025,(Pending),pending,QBCC - High Temp Hot Water Lines,,true
,QB002-026,(Pending),pending,QBCC - Gym Upgrade,,true
,QB023-004,(Pending),pending,QUEENSBOROUGH FIRE ALARM,,true
,QB031-007,(Pre-Design),pre-design,Cafeteria and Central Kitchen,,true
,QB040-011,(Pending),pending,HVAC Upgrades,,true
,QB041-011,(Completed),completed,Fire Sprinklers and Standpipe System Restoration,,false
,QB054-016,(Completed),completed,Refurbishment and Upgrade of Research Labs,,false
,QB062-020,(Pending),pending,RFK Gymnasium Ventilation and Air Conditioning,,true
,QB063-020,(Equipment),equipment,Theater Upgrades (PHASE II),,true
,QC001-022,(Pre-Design),pre-design,Food and Science Mgmt Lab Renovation,,true
,QC001-023,(Pre-Design),pre-design,RENOVATION OF RATHUS HALL,,true
,QC001-025,(Pending),pending,RENOVATE THE AIR POLLUTION LA,,true
,QC001-027,(Pending),pending,AARON COPLAND SCHOOL OF MUSIC,,true
,QC002-024,(Pre-Design),pre-design,Music Building / Aaron Copland School of Music Building Reno,,true
,QC002-026,(Pending),pending,"QC - BARRY COMMONER CENTER LAB, FAMILY, NUTRITION AND EXERCI",,true
,QC003-024,(Pre-Design),pre-design,Tech Incubator,,true
,QC004-013,(Pre-Design),pre-design,Library and Classroom Space Upgrades,,true
,QC006-022,(Pre-Design),pre-design,Colden Auditorium,,true
,QC039-011,(Pre-Design),pre-design,Louis Armstrong Visitor's Center,,true
,QC047-013,(Pre-Design),pre-design,Kupferberg Renovation,,true
,QC054-015,(Completed),completed,Speech & Hearing Center Upgrade Ph 2,,false
,QC061-016,(Pre-Design),pre-design,One Stop Service Center,,true
,QC061-017,(Pre-Design),pre-design,One Stop Center,,true
,QC065-017,(Pre-Design),pre-design,Recording Studio Renovation in the Music Bldg,,true
,QC066-017,(Pre-Design),pre-design,Digital Film Center Construction,,true
,QC070-018,(Pre-Design),pre-design,Psychology and Digital Photography Labs,,true
,QC074-019,(Pre-Design),pre-design,Biology Core Facility Upgrade,,true
,QC075-020,(Pre-Design),pre-design,Colden Auditorium Renovation and Upgrades,,true
,QC076-020,(Pre-Design),pre-design,Air Pollution Laboratory-Commoner Center,,true
,QC078-020,(Pre-Design),pre-design,Construction of a Student Engagement and learning Ctr.,,true
,QC079-020,(Equipment),equipment,Louis Armstrong House - Theater Lighting and Sound Systems,,true
,SAND-KG02,(Pending),pending,HVAC Repair/Replacement - Sandy Related,,true
,SAND-KG03,(Completed),completed,Marina Reconstruction Kingsborough CC - Brooklyn,,false
,SAND-MC01,(Pre-Design),pre-design,Rehabilitation and Improvements due to Hurricane Sandy,,true
,SEED-YC27,(Pending),pending,JPN:Upgrade York College campus grounds,,true
,SJ002-025,(Pending),pending,School of Journalism - Server Upgrades,,true
,ST001-021,(Pre-Design),pre-design,Science Lecture Room,,true
,ST001-023,(Pre-Design),pre-design,New Stem Lab,,true
,ST001-025,(Pending),pending,CSI - Upgrade to CSI Security and Signage System,,true
,ST002-024,(Pre-Design),pre-design,Athlectic Lighting and Locker Room Improvements,,true
,ST039-019,(Pending),pending,Maker Space Lab,,true
,ST041-020,(Pre-Design),pre-design,Room Conversion for the Genomic Research Center,,true
,YC001-010,(Pre-Design),pre-design,YORK COLLEGE - DISABLED ACCESS UPGRADE,,true
,YC001-021,(Pre-Design),pre-design,Track & Field Renovations,,true
,YC001-022,(Pre-Design),pre-design,Track and Field Renovation,,true
,YC001-026,(Pending),pending,RENOVATE ACADEMIC CORE BUILDING UNION HALL PLAZA,,true
,YC002-024,(Pre-Design),pre-design,Science Building Lecture Hall Renovations,,true
,YC002-025,(Pending),pending,YORK COLLEGE - ACB 3H10C NEW LEARNING RESOURCE LAB,,true
,YC008-022,(Pre-Design),pre-design,Track & Field  Facility Upgrades,,true
,YC022-007,(Pre-Design),pre-design,Financial Aid Office Renovation,,true
,YC027-008,(Pre-Design),pre-design,"EXTERIOR BEAUTIFICATION, YORK COLLEGE",,true
,YC028-008,(Equipment),equipment,IMPROVEMENTS TO THE PERFORMING ARTS CENTER,,true
,YC049-014,(Equipment),equipment,Renovate/Build 3D Graphics and Printing Lab,,true
,YC051-015,(Pre-Design),pre-design,Performing Arts Center Renovations,,true
,YC054-017,(Pre-Design),pre-design,Greenhouse Renovation,,true
,YC055-017,(Pre-Design),pre-design,Digital Convergence Center,,true
,YC059-019,(Pending),pending,Renovation to Track,,true
,YC061-020,(Completed),completed,Performing Arts Center Upgrades,,false
,YC062-020,(Pending),pending,York College Fiber Upgrade,,true
,YC063-020,(Pre-Design),pre-design,Recapture Academic Space,,true
74,CA202HS04,Close-out,close-out,HTSCC-ADA Work,,true
78,MC024-008,Design,design,BMCC - Upgrades to Theatres,2027-07-01T00:00:00.000,true
79,CA019HS01,Construction,construction,HTSCC 450 GC FA Upgrade,2026-10-01T00:00:00.000,true
80,BX031-009,Construction,construction,BRXCC - Campus Wide Fire Alarm,2025-12-30T00:00:00.000,true
80,CA054BX18,Construction,construction,BRXCC - Campus Wide Fire Alarm,2025-12-30T00:00:00.000,true
83,CA091LG19,Construction,construction,LGCC - Schenker M Bldg,2026-01-01T00:00:00.000,true
84,HS054-017,Close-out,close-out,Eugenio Maria De Hostos Com. College - 425 GC ASAP Program,2023-09-08T00:00:00.000,true
85,CA022BX01,Construction,construction,BRXCC - HVAC Upgrades - CUNY,2025-12-31T00:00:00.000,true
4459,CA200BX21,Construction,construction,BRXCC - Boiler Plant Upgrade,2026-12-26T00:00:00.000,true
4460,YC002-023,Design,design,York-Tennis Crt&Field Hse Rstrm.Upg,2028-12-30T00:00:00.000,true
4462,CA034QB13,Construction,construction,QNBCC-Ph II Fire Alarm,2026-10-29T00:00:00.000,true
4768,CA091QB25,Construction,construction,QNBCC-LL97 Fan System Upgrade,2026-08-04T00:00:00.000,true
4769,KG045-020,Design,design,KGBCC-Performing Arts Renovati,2027-01-01T00:00:00.000,true
4770,CC001-022,Construction Procurement,construction procurement,CCNY- Student Accessibility,2026-12-01T00:00:00.000,true
4771,GU001-012,Close-out,close-out,Guttman CC - AV/IT Equipment,2027-03-08T00:00:00.000,true
,29202604,(Pre-Design),pre-design,Kings County Hospital- Lighting Upgrade,,true
,34202601,(Pre-Design),pre-design,Queens Hospital BMS Upgrade,,true
,52CHAMELV,(Inactive),inactive,52 Chambers Elevator Modernization,,true
,ACEDCA214,(Partner-managed),partner-managed,DCLA - Met Museum - HVAC and Envelope Improvements to Renov,,true
,ACEDCA222,(Partner-managed),partner-managed,"DCLA - BRONX ZOO ADMIN WEST AHU - 2300 SOUTHERN BLVD, BX",,true
,ACEDCA501,(Partner-managed),partner-managed,AMNH 2 Chillers & Cooling Tower Upgrade,,true
,ACEDEP211,(Partner-managed),partner-managed,DEP - Modifications at East Delaware Tunnel - Neversink,,true
,ACEDEP213,(Partner-managed),partner-managed,DEP - Membrane Style Gasholder at Newtown Creek WRRF,,true
,ACEDPR704,(Pending),pending,DPR - BMS (Building Management System) INSTALLATION,,true
,ACEFIT211,(Partner-managed),partner-managed,FIT - Replacement of Air Handling Units with higher efficien,,true
,ACEFIT241,(Partner-managed),partner-managed,Feldman Water Side Economizer,,true
,C114ACADY,(Partner-managed),partner-managed,Public Safety Academy Solar,,true
,C75BULOVA,(Completed),completed,Reconstruction of Bulova Building Suite 330,,false
,CO264CADA,(Lump Sum),lump sum,CITYWIDE COURTS ADA LUMP SUM,,true
,CO264DCAS,(Lump Sum),lump sum,REHABILITATION OF VARIOUS COURT FACILITES,,true
,CO264MN60,(Partner-managed),partner-managed,DASNY - 60 CENTRE ST RENOVATION,,true
,CO264SIMP,(Partner-managed),partner-managed,DASNY - STATEN ISLAND MASTER PLAN- PHASE 2,,true
,CO278CELL,(Inactive),inactive,360 Adams Cells conversion to OCA Offices & Courtrooms,,true
,CO278CRT,(Inactive),inactive,360 Adams 3rd FL 2 Courtooms Buildout - OCA,,true
,CO278ELV,(Inactive),inactive,360 ADAMS ST.- ELEVATOR MODERNIZATION,,true
,CO283DANY,(Inactive),inactive,100 CENTRE- 1 HOGAN PL ENTRANCE - SECURITY ENHANCEMENTS,,true
,CO283FIRE,(Completed),completed,100 CENTRE ST.- FIRE SAFETY,,false
,CO284OCA,(Inactive),inactive,111 Centre St - New OCA 10th Fl Office,,true
,CO288MS4,(Inactive),inactive,927 CASTLETON AVE- SI CIVIL CT- MS-4 SITE RENOVATION,,true
,CO293FMBO,(Inactive),inactive,851 Grand Concourse Boiler Burner Replacement,,true
,CO294BACK,(Partner-managed),partner-managed,DASNY - 215 E. 161ST ST.- BACKFILL,,true
,CO296EV1,(Inactive),inactive,125-01 Queens Blvd Elevator Modernization,,true
,CO298HEAR,(Inactive),inactive,151-20 Jamaica Ave Hearing Room Buildout,,true
,CO299RF,(Inactive),inactive,89-17 SUTPHIN BLVD- ROOF,,true
,CO300FIRE,(Inactive),inactive,88-11 SUTPHIN BLVD. FIRE ALARM SPRINKLER SYSTEM UPGRADE,,true
,CO300RF,(Pre-Design),pre-design,88-11 SUTPHIN BOULEVARD - ROOF,,true
,CO304RF1,(Pre-Design),pre-design,60 CENTRE STREET 7TH FL ROOF REPLACEMENT,,true
,CO305REHB,(Completed),completed,314 W. 54TH ST.-  MIDTOWN COMM COURT EXPANSION,,false
,CO306FASP,(Inactive),inactive,170 E 121st ST FIRE ALARM AND SPRINKLER,,true
,CO306MHCB,(Partner-managed),partner-managed,170 E. 121 ST. - HEATING PLANT AND ENVELOPE,,true
,COD294CBG,(Inactive),inactive,215 E 161st BX CENTRAL BOOKING COURT SECTION FITNESS CENTER,,true
,CO-HVAC,(Lump Sum),lump sum,VARIOUS PUBLIC BUILDINGS - COURTS HVAC UPGRADES,,true
,CO-LL5,(Lump Sum),lump sum,VARIOUS PUBLIC BUILDINGS - COURTS FIRE/LIFE SAFETY,,true
,CO-LL5FS,(Lump Sum),lump sum,VARIOUS PUBLIC BUILDINGS - COURTS FIRE SUPPRESSION DETECTION,,true
,CS5YFJX,(Completed),completed,ACS MOVE TO 260 EAST 161 STREET,,false
,DAVIDCC,(Inactive),inactive,DAVIDSON COMMUNITY CENTER GYM,,true
,E13-0002,(Completed),completed,NYPD One Police Plaza Comprehensive Upgrade,,false
,E22-0001,(Lump Sum),lump sum,"DOE - DIRECT INSTALL LIGHTING PROGRAM - 605 SHEPHERD AVE, BK",,true
,E23-0010,(Cancelled),cancelled,CUNY Laguardia Community College (DI),,false
,E24-0002,(Cancelled),cancelled,CUNY Queensborough Community College (DI),,false
,E24-0009,(Pre-Design),pre-design,NYPD Multi-Site Integrated Comprehensive,,true
,E24-DSNY1,(Cancelled),cancelled,DSNY Multi-Site Lighting Upgrade,,false
,E26-0002,(Pre-Design),pre-design,NYPL Schomburg CRIBC DB Electrification,,true
,E26-DB01,(Pre-Design),pre-design,In-house design build for NYPD Multisite Electrification,,true
,HL82WAREH,(Pending),pending,DOHMH - Relocation Warehouse from 540 Kingsland Ave Brooklyn,,true
,HWHARPERG,(Pending),pending,Harper Garage Solar,,true
,HWQFHUB,(Pre-Design),pre-design,Hub Buildout,,true
,LBC22KBIF,(Pending),pending,Kings Bay Library Solar,,true
,LL97SOLR,(Lump Sum),lump sum,Solar Lump Sum,,true
,LQBW-EXP,(Pending),pending,Briarwood Library Renovation Solar,,true
,LQD122LAE,(Pending),pending,QPL_Laurelton_Library_Solar,,true
,LQMARN-23,(Partner-managed),partner-managed,Maspeth Community Library Solar,,true
,LQSHRN-23,(Partner-managed),partner-managed,South Hollis Library,,true
,LQSZ-RENO,(Partner-managed),partner-managed,South Ozone Park Library Solar,,true
,MICROH M,(Partner-managed),partner-managed,DEP - MICRO-HYDRO TURBINE AT CRTOTON LAKE GATE HOUSE,,true
,P-1SDVREC,(Pending),pending,Soundview Recreational Center Renovation,,true
,P-404HOPK,(Pending),pending,DPR Hoffman Solar Shade Structures,,true
,PO79189M,(Completed),completed,NYPD - MOVE FROM 189 MONTAGUE ST.,,false
,PO79-375P,(Completed),completed,NYPD - 375 Pearl Street Renovation,,false
,PO79IAB,(Pending),pending,,,true
,PO79QNTE,(Pending),pending,Queens North Traffic Relocation,,true
,PT195-VAR,(Lump Sum),lump sum,VARIOUS WATERFRONT PROPERTIES- RECONSTRUCTION,,true
,PW077QBHH,(Pre-Design),pre-design,Queens Holocaust Memorial,,true
,PW193TOW,(Inactive),inactive,1 Centre St Cooling Tower,,true
,PW195GARB,(Inactive),inactive,80 Centre Street - Garbage Lift Replacement Project,,true
,PW195RF,(Pre-Design),pre-design,80 CENTRE ST.- ROOF REPLACEMENT,,true
,PW195WATP,(Inactive),inactive,80 Centre St Domestic Water Pressurization,,true
,PW266DER,(Partner-managed),partner-managed,125 Worth Street Deep Energy Retrofit,,true
,PW266TOIL,(Inactive),inactive,125 WORTH ST.- CODE COMPLIANT TOILET UPGRADES,,true
,PW266WORT,(Inactive),inactive,125 Worth St Envelope,,true
,PW282WADA,(Inactive),inactive,125 Worth - ADA Compliance,,true
,PW291ADA,(Inactive),inactive,209 Joralemon - ADA Compliance,,true
,PW291HVAC,(Partner-managed),partner-managed,Brooklyn Borough Hall   Energy and HVAC Upgrade,,true
,PW293125D,(Inactive),inactive,125 WORTH STREET - FIRE ALARM -SPRINKLERS,,true
,PW293198X,(Inactive),inactive,198 E 161ST STREET - FIRE ALARM UPGRADE,,true
,PW293280A,(Pre-Design),pre-design,280 Broadway Sprinkler,,true
,PW293VETH,(Inactive),inactive,851 Grand Concourse Veterans Memorial Hall HVAC Upgrade BP,,true
,PW308PS1,(Partner-managed),partner-managed,MAYOR'S OFFICE - 100 GOLD ST - PRINTSHOP UPGRADE,,true
,PW310COOL,(Inactive),inactive,31 CHAMBERS ST.- COLD STORAGE SYSTEM FOR DORIS,,true
,PW316CT,(Inactive),inactive,280 Broadway Cooling Tower Replacement,,true
,PW324ASTR,(IT Project),it project,CMMS Upgrade & Asset Tracking,,true
,PW324CLIP,(IT Project),it project,DCAS - Replacement of CLIPS & Direct Order App,,true
,PW324CMGT,(IT Project),it project,Case Management Licenses,,true
,PW324IVR3,(Inactive),inactive,Human Capital EoL IVR System Replacement,,true
,PW324MAIN,(IT Project),it project,DCAS Civil Service Exams - Mainframe Replacement,,true
,PW324OMIS,(Lump Sum),lump sum,DCAS IT LUMP SUM,,true
,PW324QBH,(IT Project),it project,Queens Borough Hall - Wifi Upgrade and Cisco Hardware (Queen,,true
,PW324SERR,(IT Project),it project,Serra View Implemtation - Space Management,,true
,PW326DOFR,(Inactive),inactive,DOF - 350 ST. MARK'S PLACE - LEASED SPACE,,true
,PW326LAWX,(Completed),completed,"LAW DEPT.- RELOCATION OF LEASED SPACE FROM 198 E.161 ST, BX",,false
,PW326RAQ,(Cancelled),cancelled,LAW DEPT - RAISE THE AGE - QUEENS,,false
,PW326TLQ5,(Expense),expense,TLC - Swing Space in Queens,,true
,PW326ZM03,(Inactive),inactive,CBMN - RELOCATE COMM BD 3 FROM 59 E. 4TH STREET,,true
,PW335ASB4,(Partner-managed),partner-managed,VARIOUS PUBLIC BUILDINGS- ENVIRONMENTAL REMEDIATION,,true
,PW357EXTR,(Partner-managed),partner-managed,253 BROADWAY- EXTERIOR AND ROOF,,true
,PW77115CH,(Inactive),inactive,115 CHRYSTIE ST. - INTERIOR RENOVATIONS,,true
,PW77125BO,(Inactive),inactive,125 Worth - 4th and 5th floor buildout,,true
,PW77198HV,(Inactive),inactive,198 EAST 161 ST -  MECHANICAL UPGRADE,,true
,PW771C14,(Inactive),inactive,1 Centre St. - 14th Floor - Human Capital Relocation,,true
,PW771C21,(Inactive),inactive,1 CENTRE ST. - 21st Floor Renovation,,true
,PW771CEAD,(Inactive),inactive,1 Centre - ADA Compliance,,true
,PW77207EL,(Inactive),inactive,1932 ARTHUR AVE.- ELECTRICAL UPGRADES,,true
,PW77207HV,(Inactive),inactive,1932 ARTHUR AVE - CENTRAL HVAC SYSTEM,,true
,PW77208EL,(Pre-Design),pre-design,4101 WHITE PLAINS RD. - ELECTRICAL & FA UPGRADE,,true
,PW7722R5,(Inactive),inactive,22 READE ST.- 5th AND 6th FLOOR BUILDOUT,,true
,PW77417RF,(Inactive),inactive,120-55 Queens Boulevard - Roof Replacement,,true
,PW77417SW,(Partner-managed),partner-managed,120-55 QUEENS BLVD.- SITE WORK,,true
,PW77417TU,(Pre-Design),pre-design,120-55 QUEENS BOULEVARD- CODE COMPLIANT TOILET UPGRADES,,true
,PW77501AD,(Inactive),inactive,10 Richmond - ADA Compliance,,true
,PW77CADRF,(Pre-Design),pre-design,165 Cadman Plaza - Roof Replacement,,true
,PW77CHVAC,(Pre-Design),pre-design,165 Cadman Plaza - HVAC,,true
,PW77CJC,(Inactive),inactive,Community Justice Center,,true
,PW77CTCX4,(Inactive),inactive,2556 BAINBRIDGE AVE- CIVIL SERVICE EXAM TESTING CENTER,,true
,PW77CTYAD,(Inactive),inactive,City Hall - ADA Compliance,,true
,PW77DAK01,(Partner-managed),partner-managed,NY COUNTY DA'S OFFICE FIRE UPGRADES,,true
,PW77DATU,(Inactive),inactive,DA MANHATTAN - ADA BATHROOM UPGRADE,,true
,PW77DOPRD,(Partner-managed),partner-managed,DOP - Radios,,true
,PW77MBAC,(Inactive),inactive,CITY CLERK MARRIAGE BUREAU - SERVER ROOM AC UPGRADE,,true
,PW77NG911,(Partner-managed),partner-managed,DoITT Next Generation 911 and SDE Expansion,,true
,PW77OPER,(Pre-Design),pre-design,DCAS Police Operations Center - 1 Centre St.,,true
,PW77QPLNT,(Inactive),inactive,120-55 Queens Blvd Cooling Plant Replacement,,true
,PW77REHAB,(Lump Sum),lump sum,VARIOUS PUBLIC BUILDINGS- REHABILITATION OF CITY-OWNED SPACE,,true
,PW77SC14,(Inactive),inactive,1 CENTRE ST.- 14 FL SECURITY CAMERAS,,true
,PW77SECAM,(Lump Sum),lump sum,SECURITY CAMERAS - DCAS PUBLIC BUILDINGS,,true
,PW77SICJC,(Inactive),inactive,Staten Island Community Justice Center,,true
,PW77WSHP,(Inactive),inactive,1 Centre Street Overhead Water-source heat pumps & BMS contr,,true
,PW77X215,(Inactive),inactive,215 E161 ST.- OFFICE RENOVATIONS,,true
,PW77ZK07,(Inactive),inactive,BROOKLYN COMMUNITY BOARD 7- 4201 4TH AVENUE,,true
,PW80CT1,(Inactive),inactive,2 LAFAYETTE ST.- COOLING TOWER,,true
,PW80DHWH,(Inactive),inactive,2 Lafayette Domestic Hot Water Heaters,,true
,PW80ELEC,(Inactive),inactive,2 LAFAYETTE STREET ELECTRICAL UPGRADE,,true
,PWBKBP,(Pre-Design),pre-design,Brooklyn Borough Hall - DCAS,,true
,PWCN001,(Inactive),inactive,Sixth Street compost project,,true
,PWCOMP13,(Inactive),inactive,1 Centre St 5th Floor - Comptroller Bathroom,,true
,PWCOMP14,(Partner-managed),partner-managed,Cisco Infrastructure Upgrades for the Comptroller s Office,,true
,PWD007HPD,(Inactive),inactive,HPD - CONSTRUCTION AND RENOVATION OF NORTHSIDE TOWN HALL,,true
,PWD05CYBR,(Partner-managed),partner-managed,80 CENTRE ST. - NY COUNTY DA CYBERCRIME AND IDENTITY THEFT,,true
,PWD05DAHV,(Inactive),inactive,80 CENTRE ST. - NY COUNTY DA HVAC UPGRADE SERVER ROOM,,true
,PWD30BENC,(Inactive),inactive,BENJAMIN BANNEKER ACADEMY FOR COMMUNITY DEVELOPMENT,,true
,PWD5HSCHR,(Inactive),inactive,HECKSCHER Building -- Roof Renovation at 1 East 104th Street,,true
,PWD78BLL,(Inactive),inactive,360 ADAMS STREET- BROOKLYN SUPREME COURT LAW LIBRARY,,true
,PWD78SSCT,(Inactive),inactive,360 ADAMS ST.- HVAC STATE SUPREME COURT,,true
,PWDNIBO1,(Inactive),inactive,Independent Budget Office - New Location Outfitting,,true
,PWDNTEW,(Inactive),inactive,NONTRADITIONAL EMPLOYMENT FOR WOMEN 243 W 20th St,,true
,PWDPALWB,(Inactive),inactive,POLICE ATHLETIC LEAGUE (PAL) WEBSTER CENTER RENOVATIONS,,true
,PWDPLONG,(Partner-managed),partner-managed,POLICE ATHLETIC LEAGUE NEW SOUTH BRONX CENTER--INTERIOR RENO,,true
,PWDPLONG2,(Inactive),inactive,POLICE ATHLETIC LEAGUE,,true
,PWK2LEED,(Inactive),inactive,Brooklyn Borough Hall - LEED- Funding for LEED,,true
,PWM77FJC,(Completed),completed,80 CENTRE ST. - MANHATTAN FAMILY JUSTICE CENTER,,false
,PWMOCSIT1,(IT Project),it project,MOCS IT NETWORK INFRASTRUCTURE 100 GOLD STREET 2ND FL,,true
,PWQ77QBH2,(Inactive),inactive,120-55 QUEENS BLVD.- RENOVATIONS,,true
,PWR077MUR,(Inactive),inactive,18 RICHMOND TERRACE- STATEN ISLAND COURTHOUSE MURALS,,true
,PWR77GRGE,(Inactive),inactive,ST. GEORGE COURTHOUSE & HYATT STREET PLAZA,,true
,PWR77SICC,(Inactive),inactive,NYC OFFICE OF EMERGENCY MANAGEMENT BOROUGH COMMAND CENTER ON,,true
,PWSTORCCT,(Pre-Design),pre-design,Central Storehouse Network Security Upgrade,,true
,PWXGLASS,(Inactive),inactive,851 GRAND CONCOURSE- Entry Glass Doors,,true
,PWXPALHV,(Partner-managed),partner-managed,PAL - POLICE ATHLETIC LEAGUE: HVAC INSTALLATION AND ROOF REP,,true
,RE25-162,(Inactive),inactive,99-01 162nd AVE BULKHEAD REHABILITATION,,true
,RE25LL,(Inactive),inactive,LOTTS LANE REPAIRING,,true
,RE25QR,(Inactive),inactive,QUENTIN ROAD BROOKLYN STREET RECONSTRUCTION,,true
,RE25VERN,(Inactive),inactive,PLATFORM / BULKHEAD REPLACEMENT,,true
,S136-423B,(Pending),pending,DSNY 1155-1157 Commerce Ave Bronx - Rehabilitation,,true
,SCA24X039,(Cancelled),cancelled,SCA FY24 Electrification - X039,,false
,SCA28ELE,(Lump Sum),lump sum,SCA Lump Sum,,true
,SCA29ELE,(Lump Sum),lump sum,SCA Lump Sum,,true
,SCA30ELE,(Lump Sum),lump sum,SCA Lump Sum,,true
,SCAELK250,(Partner-managed),partner-managed,DOE - SCA FY26 Electrification - K250,,true
,SCAELK256,(Partner-managed),partner-managed,SCA FY26 Electrification - K256,,true
,SCAELQ008,(Partner-managed),partner-managed,Full Electrification Retrofit Project @ Q008,,true
,SCAELQ107,(Partner-managed),partner-managed,Full Electrification Retrofit Project @ Q107,,true
,SCAELR027,(Partner-managed),partner-managed,SCA FY26 Electrification - R027,,true
,SCASJVPV1,(Partner-managed),partner-managed,Intermediate/High School (R123) St John's Villa,,true
,SCASJVPV2,(Partner-managed),partner-managed,Elementary/Intermediate (R125) St John's Villa,,true
,SOLARDB2,(Inactive),inactive,Solar Design-Build Phase 2,,true
,STGESPLND,(Completed),completed,ST. GEORGE ESPLANADE,,false
,WD77STAR,(Inactive),inactive,STAR ENGINEERING LAB,,true
3311,CO264BKCV,Construction,construction,210 JORALEMON ST. OCA RELOCATION,2027-05-31T00:00:00.000,true
3312,CO293EV,Construction,construction,851 GRAND CONCOURSE - ELEVATORS,2028-06-30T00:00:00.000,true
3314,PW266FE,Design,design,125 WORTH ST - FREIGHT ELEVATOR,2028-06-01T00:00:00.000,true
3315,PW322PLAN,Close-out,close-out,345 ADAMS RESTACKING PLAN,2025-12-01T00:00:00.000,true
3316,PW291EV,Construction,construction,209 JORALEMON ST.- ELEVATOR UPGRADE,2026-09-01T00:00:00.000,true
3317,PW325EV,Construction Procurement,construction procurement,210 JORALEMON ST - SIDEWALK ELEVATOR MODERNIZATION,2027-12-01T00:00:00.000,true
3318,PW77198EV,Construction Procurement,construction procurement,"198 E 161 ST - ELEVATOR ,MODERNIZATION",2028-09-01T00:00:00.000,true
3319,PW77GLDEV,(On-hold),on-hold,100 GOLD ST - ELEVATOR MODERNIZATION,2028-12-01T00:00:00.000,true
3320,PW77GLDFA,Construction,construction,100 GOLD ST - FIRE ALARM,2026-12-15T00:00:00.000,true
3321,CO298CHIL,Design,design,151-20 JAMAICA AVE.- CHILLER REPLACEMENT,2029-01-31T00:00:00.000,true
3322,E09-0006A,(Completed),completed,"DPR - 09-47: CENTRAL PARK ZOO, 830 5th AVENUE",2023-09-14T00:00:00.000,false
3323,E10-00004,Construction,construction,DCLA - 09-013; WCS - Bronx Zoo; 2300 Southern Boulevard,2026-10-30T00:00:00.000,true
3327,E21-0001,Close-out,close-out,NYPD Comprehensice Lighting Upgrade,2023-12-29T00:00:00.000,true
3329,E21-0005,Construction,construction,Jamaica Arms Hotel/Family Respite Residence,2026-07-31T00:00:00.000,true
3330,E21-0006,Construction,construction,NYPL Bronx Library,2026-05-08T00:00:00.000,true
3331,E23-0004,Design,design,QUEENS WEST 5/5A ENERGY EFFICIENCY UPGRADES PROJECT,2029-03-01T00:00:00.000,true
3332,E23-0005,Design,design,BROOKLYN SOUTH 7 AND 10 DISTRICT GARAGE ENERGY EFFICIENCY,2029-03-01T00:00:00.000,true
3334,EO26-0018,Design,design,DCLA - Lincoln Center Campus:  Damrosch Park/Public Spaces,2027-06-30T00:00:00.000,true
3335,EO26-0019,(Completed),completed,DCLA - Lincoln Center Campus: Plaza/Public Spaces/Garages,2025-10-15T00:00:00.000,false
3336,EO26-0020,Close-out,close-out,NYPD - 71st Precinct,2024-06-28T00:00:00.000,true
3337,EO26-0026,Design,design,NYPL - The Library for the Performing Arts,2027-12-15T00:00:00.000,true
3338,EO26-0027,(Completed),completed,DSNY - Cioffe Borough Repair Shop,2025-04-30T00:00:00.000,false
3340,EO26-0032,Close-out,close-out,DSNY-Queens West 9 District Garage (Leased In),2024-06-24T00:00:00.000,true
3341,EO26-0035,Close-out,close-out,DPR-Greenbelt Recreation Center,2023-09-01T00:00:00.000,true
3342,EO26-0037,Close-out,close-out,DOHMH - Fort Greene Health Center,2024-06-29T00:00:00.000,true
3343,EO26-0042,Construction,construction,CUNY - Bronx Community College Campus: Polowczyk Hall,2026-12-30T00:00:00.000,true
3347,EO26-0046,Construction Procurement,construction procurement,CUNY - BMCC Campus: Chambers St. Building (Main Campus),2027-06-08T00:00:00.000,true
3348,EO26-0054,Design,design,CIG - David H. Koch Theater,2027-12-31T00:00:00.000,true
3349,EO26-0055,Close-out,close-out,DCAS - Midtown Community Court,2025-06-20T00:00:00.000,true
3350,EO26-0056,Close-out,close-out,NYPD - 18th Precinct (Midtown North),2025-06-20T00:00:00.000,true
3351,EO26-0057,(Completed),completed,NYPD - 9 NYPD SITES COMBINED,2025-01-16T00:00:00.000,false
3352,EO26-0058,(Completed),completed,NYPD - 63rd Precinct,2024-01-29T00:00:00.000,false
3353,EO26-0059,(Completed),completed,NYPD - 66th Precinct,2024-01-29T00:00:00.000,false
3354,EO26-0061,Close-out,close-out,NYPD - 88th Precinct,2024-08-22T00:00:00.000,true
3355,EO26-0064,(Completed),completed,NYPD - 52nd Precinct,2024-06-27T00:00:00.000,false
3356,EO26-0065,Close-out,close-out,NYPD - 10th Precinct,2023-09-28T00:00:00.000,true
3357,EO26-0066,(Completed),completed,"NYPD -Engine Co. 39, Ladder Co. 16 and 19th Precinct Campus",2024-04-19T00:00:00.000,false
3358,EO26-0067,Close-out,close-out,NYPD - 30th Precinct,2023-09-28T00:00:00.000,true
3359,EO26-0068,Close-out,close-out,NYPD - 32nd Precinct,2023-09-28T00:00:00.000,true
3360,EO26-0074,(Completed),completed,NYPD - HARBOR UNIT CHARLIE,2025-06-30T00:00:00.000,false
3361,EO26-0075,(Completed),completed,NYPD - 44TH PRECINCT,2024-05-14T00:00:00.000,false
3362,EO26-0076,(Completed),completed,NYPD - 122ND PRECINCT,2025-03-27T00:00:00.000,false
3363,EO26-0078,(Completed),completed,DHS - MANHATTAN BOWERY SHELTER,2025-04-17T00:00:00.000,false
3364,EO26-0079,(Completed),completed,HHC/DHS - AUBURN FAMILY RESIDENCE (CUMBERLAND DIAGNOSTIC),2024-11-13T00:00:00.000,false
3365,EO26-0080,(Completed),completed,DHS - FRANKLIN WOMEN'S SHELTER,2024-09-19T00:00:00.000,false
3366,EO26-0081,(Completed),completed,DHS - FORT WASHINGTON ARMORY - SHELTER (PROJECT RENEWAL),2025-02-28T00:00:00.000,false
3367,EO26-0082,(Completed),completed,DHS - FANNIE BARNES (URBAN TRANSITIONAL HOUSING),2024-07-10T00:00:00.000,false
3368,EO26-0083,(Completed),completed,DHS - PARK SLOPE ARMORY SHELTER,2024-09-09T00:00:00.000,false
3369,EO26-0085,(Completed),completed,DHS - ROSE McCARTHY FAMILY RESIDENCE CAMPUS (2),2026-07-10T00:00:00.000,false
3370,EO26-0088,(Completed),completed,DPR - McCARREN PARK RECREATION CENTER,2024-10-09T00:00:00.000,false
3371,EO26-0089,(Completed),completed,DPR - BRONX PARKS HEADQUARTERS AND SHOPS,2025-06-30T00:00:00.000,false
3372,EO26-0090,(Completed),completed,QPL - McGOLDRICK COMMUNITY LIBRARY,2025-03-12T00:00:00.000,false
3373,EO26-0091,(Completed),completed,QPL - OZONE PARK COMMUNITY LIBRARY,2025-04-10T00:00:00.000,false
3374,EO26-0093,Construction Procurement,construction procurement,CIG - METROPOLITAN MUSEUM OF ART - OFFICE SPACES,2028-01-01T00:00:00.000,true
3375,EO26-0094,Construction,construction,NYPD - 13TH PRECINCT (OLD ACADEMY),2025-12-11T00:00:00.000,true
3376,PW77GLD2F,(Pending),pending,100 GOLD STREET  2 FLOOR - MOCs,,true
3377,SOLARPQL1,Construction,construction,DCAS PQL Round 1 (EME) DCAS PQL Round 1 (EME),2027-06-30T00:00:00.000,true
3378,SOLARPQL2,Construction,construction,DCAS PQL Round 2 (EdEn),2027-06-30T00:00:00.000,true
3382,BXCONSOL,Close-out,close-out,Renovation of Bronx DCP office at 2100 Bartow Ave.,2024-08-01T00:00:00.000,true
3383,HWKF2514,Close-out,close-out,25 14th St Fleet Services Shop Rehabilitation,,true
3391,P0950DPR,Construction,construction,DPR -  97-77 QUEENS BLVD - CENTRAL FORESTY RELOCATION,2026-06-30T00:00:00.000,true
3393,PO79WTC,Close-out,close-out,NYPD - RELOCATE OF WORLD TRADE CENTER COMMAND,,true
3394,PW19325A,Design,design,1 CENTRE ST.- 25TH FL  BUILDOUT,2029-08-30T00:00:00.000,true
3395,PW326DAK1,Construction,construction,"BKLYN DA - 350 JAY ST, FLs 14-15 RENEWAL OPTION & ADDL SPACE",2026-09-30T00:00:00.000,true
3397,PW340KEXP,(On-hold),on-hold,"BOE - 5112 2nd AVE, BROOKLYN EXPANSION",,true
3398,PW771C09,(Cancelled),cancelled,1 CENTRE ST. - 9th Floor Renovation,,false
3399,PW77DFTAR,(On-hold),on-hold,2 Lafayette Street Renovation,,true
4465,PO79-QSVD,Construction,construction,queens special victimsdivision relocation,2026-08-30T00:00:00.000,true
4467,110WLM,(On-hold),on-hold,ACS - 110 William Street Relocation,,true
4468,HL82RELOC,Construction Procurement,construction procurement,DOHMH - Office Relocaton - 16 Court St to 532 Fulton St Brooklyn,2026-08-30T00:00:00.000,true
4469,PW326NYCC,(Cancelled),cancelled,"City Council - 250 Broadway, 7th & 8th fls",,false
4470,HWKFVAR,Construction,construction,DOT - 101 Varick St,2026-07-30T00:00:00.000,true
4666,PW326RAR,Close-out,close-out,LAW DEPT - RAISE THE AGE -SI,2024-02-28T00:00:00.000,true
4667,HWMFCNTR,Design,design,Relocation to 1 Centre Street,2030-05-30T00:00:00.000,true
4668,APINYPD01,Design,design,100th PRECINCT COMPREHENSIVE ELECTRIFICATION,2027-11-01T00:00:00.000,true
4669,E21-0002,Close-out,close-out,NYPD - Comprehensive Lighting Upgrades at 20 NYPD Facilities,2023-12-31T00:00:00.000,true
4670,E21-0003,Construction,construction,DSNY - W57th Street Garage Comprehensive Energy Upgrade,2027-08-11T00:00:00.000,true
4671,E23-0001,Construction,construction,DCLA - Brooklyn Museum Deep Energy Retrofit,2027-06-23T00:00:00.000,true
4672,EO26-0022,(Completed),completed,NYPD - 79th Precinct,2025-08-21T00:00:00.000,false
4673,EO26-0023,(Completed),completed,NYPD - 69th Precinct,2025-02-24T00:00:00.000,false
4674,EO26-0036,Close-out,close-out,DPR - Central Park Campus: CPC 79th St Maintenance Yard,2023-09-01T00:00:00.000,true
4675,EO26-0041,(Completed),completed,DSNY - Manhattan Borough Repair Shop,2025-06-09T00:00:00.000,false
4676,EO26-0084,(Completed),completed,DHS - ROSE McCARTHY FAMILY RESIDENCE CAMPUS (1),2024-07-10T00:00:00.000,false
4677,SCACIP08,Construction,construction,K005 Building Electrification,2026-06-30T00:00:00.000,true
4678,SOLARGR4,Construction,construction,NYPA - SOLAR PARKING,2026-12-31T00:00:00.000,true
4679,E24-DOE01,Close-out,close-out,DOE Direct Install Lighting - Phase 2,2024-12-31T00:00:00.000,true
4680,SOLARCSB2,Construction,construction,Rooftop solar at 28 sites,2026-06-30T00:00:00.000,true
4681,SOLARFDN3,Construction,construction,FDNY - DESIGN & INSTALLATION OF 37 KW SOLAR SYSTEM AT EC332,2027-06-30T00:00:00.000,true
4682,SOLARFDN4,Construction,construction,FDNY - DESIGN & INSTALLATION OF 97 KW SOLAR SYSTEMS AT EMS45,2027-06-30T00:00:00.000,true
4683,SOLARFDN8,Construction,construction,FDNY - Solar photo-voltaic system at EC 066,2027-06-15T00:00:00.000,true
4684,SOLARFDN9,Construction,construction,FDNY- Solar PV at FDNY Academy Building 12,2027-06-30T00:00:00.000,true
4685,E21-0007,Construction,construction,OCME Center for Forensic Science-Energy Efficiency Upgrades,2027-05-30T00:00:00.000,true
4686,E21-0008,Construction,construction,OCME Brooklyn Chief Medical Examiner Office,2026-05-21T00:00:00.000,true
4687,E21-0009,Construction,construction,OCME Queens Chief Medical Examiner-Energy Efficient upgrades,2026-07-30T00:00:00.000,true
4688,E21-0010,Pre-Design,pre-design,DER-SI Campus,,true
4689,E23-0003,Construction,construction,Building Maintenance Services (BMS) Facility Comprehensive Energy Upgrade,2027-07-06T00:00:00.000,true
4690,CO278ADA1,Construction Procurement,construction procurement,360 ADAMS ST - ADA IMPROVEMENTS,2029-01-25T00:00:00.000,true
4691,CO293GCON,Design,design,851 GRAND CONCOURSE - ADA COMPLIANCE,2029-12-30T00:00:00.000,true
4692,CO294CTRC,Construction,construction,215 E 161st 2nd Fl Court Room Conversion,2026-08-14T00:00:00.000,true
4693,CO295ROOF,(On-hold),on-hold,1118 GRAND CONCOURSE - ROOF,,true
4694,CO296EV,Construction Procurement,construction procurement,125-01 QUEENS BLVD. ANNEX ELEVATOR MODERNIZATION,2028-09-01T00:00:00.000,true
4695,CO298RF,Construction Procurement,construction procurement,151-20 JAMAICA AVE ROOF REHAB,2027-11-10T00:00:00.000,true
4696,CO81ADA1,Design,design,31 Chambers Entrance ADA Compliance,2027-06-30T00:00:00.000,true
4697,HR25QCRT,(On-hold),on-hold,151-20 Jamaica Ave 4th floor,2026-06-15T00:00:00.000,true
4698,PW193CP,Pre-Design,pre-design,1 Centre St 12th Floor Cooling Plant (Comptroller),,true
4699,PW193ELV,Construction Procurement,construction procurement,1 CENTRE ST - ELEVATOR MODERNIZATION,2029-05-12T00:00:00.000,true
4700,PW195ADA,(On-hold),on-hold,80 CENTRE ST - ADA LIFT,2027-05-30T00:00:00.000,true
4701,PW282253B,Construction,construction,253 BROADWAY - ADA LIFT REPLACEMENT,2026-06-30T00:00:00.000,true
4702,PW282-2L,Construction Procurement,construction procurement,2 LAFAYETTE BATHROOMS ADA RENOVATION,2029-05-31T00:00:00.000,true
4703,PW28280C,Construction Procurement,construction procurement,80 CENTRE ST.- ADA IMPROVEMENTS,2029-05-31T00:00:00.000,true
4704,PW293GLDS,(On-hold),on-hold,100 Gold St Sprinkler,2027-07-30T00:00:00.000,true
4706,PW322X7R,Pre-Design,pre-design,345 Adams Roof,,true
4707,PW77136A,(On-hold),on-hold,"60 LAFAYETTE ST, 2nd 4th FL - DOP",2026-09-22T00:00:00.000,true
4708,PW77501DB,(On-hold),on-hold,10 RICHMOND TERRACE - 2nd & 3rd FLs CCHR/DOB RENOVATION,,true
4709,PW77GLDBR,(On-hold),on-hold,100 GOLD ST -  BATHROOM RENOVATION,2025-03-31T00:00:00.000,true
4710,PW77MU8EL,(Completed),completed,1 CENTRE ST.-  8TH FL. COMPTROLLERS OFFICE RENOVATIONS,,false
4711,PW80ELEV,Construction Procurement,construction procurement,2 LAFAYETTE ST - ELEVATOR MODERNIZATION,2028-09-01T00:00:00.000,true
4712,PWBXDHVAC,Construction,construction,BRONX DA DATACENTER HVAC,2027-09-30T00:00:00.000,true
4713,PWXBP78,(Completed),completed,"Bronx BP Initial Outfit., Demo, Cons - 851 Grand Concourse",2024-12-13T00:00:00.000,false
4715,CO281ADA,Close-out,close-out,120 SCHERMERHORN ST- ADA LIFT REPLACEMENT,2025-06-30T00:00:00.000,true
4716,CO283RF,Construction Procurement,construction procurement,100 CENTRE ST- ROOF REHAB,2029-12-01T00:00:00.000,true
5484,850THRD,Construction,construction,850 THIRD AVENUE MAINTENANCE SHOP RELOCATION,2026-06-30T00:00:00.000,true
5485,HWRFPATH,Pre-Design,pre-design,Arthur Kill Road Build-out (4962),,true
5704,AG01NELS,Pre-Design,pre-design,"DFTA - 1181 NELSON AVE, BX LEASE RENEWAL",,true
5705,PW326BKDA,Construction,construction,BROOKLYN DA  - WAREHOUSE SPACE,2027-05-30T00:00:00.000,true
5706,E25-DOE01,Construction Procurement,construction procurement,FY25 DOE Direct Install Lighting Phase 1,2026-09-30T00:00:00.000,true
5838,S136-434,Construction Procurement,construction procurement,DSNY - 720-780 E132 St - Bronx 1 3 4 Garage Rehab,2028-07-30T00:00:00.000,true
5839,PW326DCP1,(On-hold),on-hold,DCP Staten Island Space,,true
5840,AGHQ,Design,design,DFTA- relocation from 2 Lafayette St,2027-06-01T00:00:00.000,true
5841,PW326CB17,Pre-Design,pre-design,"CB17 - 350 CLARKSON AVE, PARTIAL 1ST FL, BK RELOCATION",,true
5842,PW326LAW7,(On-hold),on-hold,LAW - 167 41ST - LAW DEPT CONSOLIDATION,,true
5843,S136-365,Design,design,"DSNY - 125 E 149TH ST, BX -  MN WEST 9 GARAGE LEASE RENEWAL",2028-07-30T00:00:00.000,true
5844,PW77SC280,Construction,construction,280 BROADWAY - DCAS POLICE CCTV SYSTEM,2026-07-30T00:00:00.000,true
7120,PW77QHVAC,Construction,construction,120-55 Queens BLVD - Queens Borough Hall - HVAC Upgrade,2028-05-30T00:00:00.000,true
7121,HR258AVEC,(Completed),completed,400 8th Ave Construction,,false
7122,PW77NYCAP,Construction,construction,1 Centre St 21ST Floor NYCAPS Relocation,2026-07-30T00:00:00.000,true
7123,DEP-LAB,Construction Procurement,construction procurement,DEP Lab Relocation,2027-11-30T00:00:00.000,true
7124,PWDORIS,Pre-Design,pre-design,Shelving System Upgrade,,true
7125,HWQF3108,Pre-Design,pre-design,Northern Blvd Buildout,,true
7126,E23-0007,Construction,construction,CUNY Kingsborough Community College (DI),2026-12-31T00:00:00.000,true
7127,E23-0008,Construction,construction,CUNY Hostos Community College (DI),2027-05-06T00:00:00.000,true
7128,E24-DCAS1,Construction,construction,DCAS Multi-Site Lighting Upgrade,2027-01-15T00:00:00.000,true
7129,E24-NYPD1,Construction,construction,NYPD Multi-Site Lighting Upgrade,2027-03-30T00:00:00.000,true
7130,E25-DOE02,Construction,construction,FY25 DOE Direct Install Lighting Phase 2,2026-09-01T00:00:00.000,true
7131,E25-DOE03,Construction,construction,FY25 DOE Direct Install Lighting Phase 3,2026-10-30T00:00:00.000,true
7132,EO26-0092,Pre-Design,pre-design,CIG - METROPOLITAN MUSEUM OF ART - GALLERIES,,true
7133,E26-DHS01,Construction Procurement,construction procurement,DHS Multi-Site Lighting Upgrade,2027-03-30T00:00:00.000,true
7134,E26-DOE01,Construction,construction,FY26 DOE Direct Install Lighting - Phase 5A,2027-04-30T00:00:00.000,true
7135,E26-DOE02,Construction,construction,FY26 DOE Direct Install Lighting - Phase 5B,2027-04-30T00:00:00.000,true
7136,E26-DOE03,Pre-Design,pre-design,FY26 DOE Direct Install Lighting - Phase 5C,,true
7137,E26-DOT01,Construction Procurement,construction procurement,DOT Multi-Site Lighting Upgrade,2027-03-15T00:00:00.000,true
7138,SOLARDB1,Design,design,"PS79 - 147-27 15th Dr, Whitestone, Queens",2027-09-30T00:00:00.000,true
7139,E24-0003,Construction,construction,DPR Multisite Recreation Centers (DI),2026-07-31T00:00:00.000,true
7140,E24-DOE02,Close-out,close-out,DOE Direct Install Lighting - Phase 3,2025-05-05T00:00:00.000,true
7334,PW327PLZ2,Design,design,1 CENTRE STREET PLAZA REHABILITATION,2029-06-30T00:00:00.000,true
7335,PW77CCEX,Construction Procurement,construction procurement,1 Centre St. CCTV Expansion,2027-10-15T00:00:00.000,true
7336,PWCOMPD12,Construction,construction,"Comptroller's Data Center Replacement at 1 Centre St, 12 Fl",2026-10-30T00:00:00.000,true
7337,E24-0001,Pre-Design,pre-design,115 Chrystie Street - Electrification,,true
7338,E24-0007,Pre-Design,pre-design,Brownsville Health Center,,true
7339,E24-0008,Pre-Design,pre-design,Chelsea Health Center,,true
7340,ACEDFM241,Pre-Design,pre-design,Manhattan Criminal Court Partial Electrification and BMS,,true
7341,ACEDEP901,Pre-Design,pre-design,Gravity Belt Thickener (GBT) at Newtown Creek WRRF,,true
7342,ACEDEP212,Design,design,Variable Frequency Drives on Owl's Head WRRF Main Sewage Pumps,2033-10-01T00:00:00.000,true
7343,ACEDOE211,Construction,construction,DOE Building Management System Upgrade,2028-06-30T00:00:00.000,true
7344,ACEDPR223,Design,design,Al Smith Windows and AC Replacement,2028-06-30T00:00:00.000,true
7345,ACEDOS251,Construction Procurement,construction procurement,Manhattan 3 DHW Electrification,2026-12-16T00:00:00.000,true
7346,ACEFDN251,Construction Procurement,construction procurement,Lighting upgrade at 14 FDNY Fire Stations,2027-07-01T00:00:00.000,true
7347,ACEFDN212,Construction Procurement,construction procurement,FDNY - Multisite - ECMs at 8 Fire Houses,2028-02-01T00:00:00.000,true
7348,ACEDEP231,Design,design,Aeration Upgrades at Owls Head WRRF,2029-05-25T00:00:00.000,true
7586,PW77DAYC,Construction,construction,DCAS Childcare Center,2026-08-15T00:00:00.000,true
7587,PW77TOWER,Close-out,close-out,1 Centre St Tower and Roof Rehabilitation,2026-06-05T00:00:00.000,true
7588,PW326C104,(Completed),completed,"630 9th Ave Partial 2nd Floor, Manhattan - CB#104",,false
7589,PO79SS48,Pre-Design,pre-design,SERVICE SHOP 4 AND SHOP 8 CAPITAL BUILD-OUT,,true
7590,PWDORIS2,Pre-Design,pre-design,DORIS - Industry City Expansion,,true
7591,PO79SIDB,Pre-Design,pre-design,STATEN ISLAND DETECTIVE BUREAU RELOCATION,,true
,PV022ANEG,(Pending),pending,MMA -Ancient Near East Gallery Renovation,,true
,PV022-BOL,(Pending),pending,MMA - DOT,,true
,PV022ENTR,(Pending),pending,MMA - 83rd Street Entrance,,true
,PV022NSCH,(Pending),pending,MMA - North Side Chiller Plant Renovation,,true
,PV034BIRD,(Pending),pending,AMNH - Pacific Birds Hall Renovation,,true
,PV034RR26,(Pending),pending,AMNH - FY26-FY28 Roof Replacement (PH 1),,true
,PV034-VID,(Pending),pending,Hall of Planet Earth - Update the electronic media display,,true
,PV040BTH1,(Pending),pending,FTH - Flushing Town Hall - Bathroom Renovations,,true
,PV040PORT,(Pending),pending,FTH - Portico Restoration,,true
,PV050CORE,(Pending),pending,American Museum of Moving Images - New Core Exhibition,,true
,PV050CYLT,(Pending),pending,MMI - Courtyard Lighting,,true
,PV101HVAC,(Pending),pending,MJH - Museum HVAC,,true
,PV175EDUC,(Pending),pending,SIZ - Interactive Educational Station,,true
,PV176AVRY,(Pending),pending,WCS - Bronx Zoo - New Aviary at the Pheasantry,,true
,PV176-BLR,(Pending),pending,WCS Bronx Zoo - Boiler Replacement Various Bldgs.,,true
,PV176GELA,(Pending),pending,WCS - Bronx Zoo - Gelada Exhibit,,true
,PV176MONK,(Pending),pending,WCS - Bronx Zoo - World of Primates Exhibit,,true
,PV176WILD,(Pending),pending,WCS - Bronx Zoo - Wildlife Exhibit Center,,true
,PV205MOSH,(Pending),pending,NYBG - Mosholu Entrance and Welcome Center,,true
,PV205NBGM,(Pending),pending,NYBG - Echo Revolution Microscope,,true
,PV205PAIR,(Pending),pending,NYBG - Mobile Solar Vehicle Charging Stations,,true
,PV205-RET,(Pending),pending,NYBG - Children's Adventure Garden Renovations RETURN,,true
,PV205TRM3,(Pending),pending,NYBG - Tram Fleet,,true
,PV230GLOV,(Pending),pending,NYA - Glovers Reef Exhibit Tank Reconstruction,,true
,PV230-SEA,(Pending),pending,WCS - New York Aquarium - Sea Cliffs Exhibit,,true
,PV230TENS,(Pending),pending,Tensile Roof Replacement at Main Ticketing Entry,,true
,PV235AFAR,(Pending),pending,BMA - Brooklyn Museum - African Art Gallery Renovations,,true
,PV235AMER,(Pending),pending,BMA - Brooklyn Museum - American Gallery Renovations,,true
,PV236AUDI,(Pending),pending,BBG - Auditorium Renovations,,true
,PV236BCSG,(Pending),pending,BBG - Brooklyn Botanic Garden - Sustainable Gardening Center,,true
,PV236JHPG,(Pending),pending,BBG - Japanese Hill-and-Pond Garden Renovation,,true
,PV236-NSY,(Pending),pending,BBG - North Service Yard,,true
,PV236PERG,(Pending),pending,BBG Osborne Garden Pergola,,true
,PV236ROSE,(Pending),pending,BBG -Brooklyn Botanic Garden - Accessibility Improvements,,true
,PV241COOL,(Pending),pending,MCNY - COOLING TOWERS REPLACEMENT,,true
,PV262-GEO,(Pending),pending,BCM - Geothermal wells redesign and renovation,,true
,PV264-PJS,(Pending),pending,BAM - Peter J. Sharp Infrastructure Improvments Escalator,,true
,PV264ROSE,(Pending),pending,BAM - Rose Renovation,,true
,PV264RRHT,(Pending),pending,BAM- Harvey Theater Roof Replacement,,true
,PV272QUAD,(Pending),pending,QBG - Welcome Garden & Sustainability Educ. Quad,,true
,PV274-AH2,(Pending),pending,NYHOS -  New York Hall of Science - Air Handlers Replacement,,true
,PV274FMLI,(Pending),pending,NYHOS -  Campus Mitigation,,true
,PV274NWRF,(Pending),pending,NYHOS -  New York Hall of Science - North Wing Roof,,true
,PV274PERI,(Pending),pending,"NYHOS - New York Hall of Science, Perimeter Landscaping",,true
,PV274THTR,(Pending),pending,NYHOS -  New York Hall of Science -THEATER RENOVATION,,true
,PV279CCU1,(Pending),pending,NYCC - Capital Upgrades,,true
,PV279ELV2,(Pending),pending,NYCC - HOUSE RIGHT LOBBY ELEVATOR,,true
,PV289ANSP,(Pending),pending,NYSF - Anspacher Theater Ceiling Reconstruction,,true
,PV291QM2E,(Pending),pending,QMA - Queen's Museum of Art Expansion FF&E,,true
,PV291ROOF,(Pending),pending,QMA - Queens Museum Roof Replacement,,true
,PV293-ADD,(Pending),pending,BCHS - ADA Accessible Addition,,true
,PV293-EXT,(Pending),pending,BCHS - IT Tech Upgrade,,true
,PV341CAR2,(Pending),pending,SIHS - Carriage Barn Phase 2,,true
,PV341GALL,(Pending),pending,SIHS - Gallery Renovation,,true
,PV341-RES,(Pending),pending,SIHS Britton Cottage Return,,true
,PV375HLD,(Pending),pending,SST Envelope Restoration Balance,,true
,PV464-ARM,(Pending),pending,Wave Hill (WH) - Armor Hall AHU Replacement Project,,true
,PV464GLYN,(Pending),pending,WH - Wave Hill - Glyndor Hse. Boiler/Armor Hall AHU,,true
,PV464-PAV,(Pending),pending,WH - Wave Hill - Woodland Pavilion,,true
,PV464QUAD,(Pending),pending,WH - Elevated Walkway: Upper Garden Access,,true
,PV464ROOF,(Pending),pending,WH - Glyndor Hse. Roof and Exterior Facade Renovations,,true
,PV464SITE,(Pending),pending,WH - Wave Hill - Sitewide Pathway Replacement,,true
,PV466LIGH,(Pending),pending,QT - Architectural Lighting Replacement,,true
,PV466QTP,(Pending),pending,QTIP - Queens Theater in the Park Shulman Theatre Renovation,,true
,PV466VEH1,(Pending),pending,QT - Passenger Shuttle Bus/Van,,true
,PV467BKLN,(Pending),pending,DCA - Brooklyn Fund,,true
,PV467DBCD,(Pending),pending,DBCD South Site Cultural Condo,,true
,PV467NEWC,(Pending),pending,ELM- El Museo del Barrio Renovation,,true
,PV475-SND,(Pending),pending,NYST - Sound System & ADA Listening Devices,,true
,PV489CRN1,(Pending),pending,LPCA  Redevelopment Final Phase -Amsterdam Corner,,true
,PV489CRNR,(Pending),pending,LPCA  Redevelopment Final Phase -Amsterdam Corner RTN,,true
,PV489DAMP,(Pending),pending,Damrosch Park Enhancement,,true
,PV490CPSD,(Pending),pending,SHCC - Snug Harbor CPSD: Phase 1A,,true
,PV490-GOV,(Pending),pending,SHCC - SNUG HARBOR - Governor's House Exterior Renovation,,true
,PV490INSR,(Pending),pending,SHCC - Site-Wide Infrastructure & Security BLDG. R,,true
,PV490INT,(Pending),pending,SHCC - Music Hall Interior,,true
,PV490SWTG,(Pending),pending,SHCC - Emergency Electrical Switchgear,,true
,PV501CRTY,(Pending),pending,MoMA PS1 - Courtyard Access Renovation,,true
,PV501-LSI,(Pending),pending,PS1 - Life Safety Improvements,,true
,PV501RPH1,(Pending),pending,PS1 - Renovation of  PS1 Roof Areas PH 1,,true
,PV502ELEV,(Pending),pending,JCAL - Elevator Reconstruction/Modernization Section,,true
,PV503-CAT,(Pending),pending,CH - Catwalks and Fire Alarm Upgrades,,true
,PV503-RET,(Pending),pending,CH - Carnegie Sidewalk Restoration RETURN,,true
,PV520LNS,(Pending),pending,WKS - Education & Cultural Arts Bldg Cap Improvements,,true
,PV520ROOF,(Pending),pending,WKS - Weeksville Roof Replacement,,true
,PVCPRBLDG,(Pending),pending,CPR  - Preservation of Artist Workspace,,true
,BED-778,(Completed),completed,TRUNK & DIST. W/M REPL IN ATALNTIC AV B/T CARLTON & CLASSON,,false
,BED-792,(Completed),completed,"Recon wm & Comb swr Myrtle Ave b/t hall st & emerson Pl, Bk",,false
,BED-796,(Completed),completed,"Trunk & Distribution WM replcmnt in Empire Blvd, HWK779W",,false
,BED-809,(Completed),completed,Replacement of Water Mains in Avenue S,,false
,BXELEVFAR,(Pre-Design),pre-design,1250 E229th Street Elevator and Fire Alarm Replacement,,true
,CC253B,(Completed),completed,100 GOLD- 21C3,,false
,CJCREN,(Completed),completed,FACIILITY RENOVATIONS AT CROSSROADS JC,,false
,CO272BLR,(Initiation),initiation,45 MONROE PL - BOILER PLANT UPGRADE,,true
,CO277ELV2,(Completed),completed,25-10 COURT HOUSE SQ.- ELEVATORS,,false
,CO290BCHJ,(Completed),completed,265 E161 St.- BCHJ-Post Construction Work,,false
,CO293CTR,(Initiation),initiation,851 GRAND CONCOURSE -COOLING TOWER REPLACEMENT,,true
,CO293SP,(Design),design,851 GRAND CONCOURSE - FIRE PROTECTION/SPRINKLERS,,true
,CO80ROOF2,(Completed),completed,27 MADISON AVE - ROOF & MISC. OPERATIONS SPACES UPGRADE,,false
,CONEYINF,(Completed),completed,Coney Island Infrastructure (CONISPH3A),,false
,CV19COEBU,(Completed),completed,Centers of Excellence: Bushiwick,,false
,CV19COERO,(Completed),completed,Centers of Excellence: Roosevelt,,false
,DOTSEQ01,(Cancelled),cancelled,Southeast Queens - DOT Priority Grids Group 1 (SEQPGRD1),,false
,DOTSEQ02,(Cancelled),cancelled,Southeast Queens - DOT Priority Grids Group 2 (SEQPGRD2),,false
,E12-0043,(Cancelled),cancelled,NYPD 84th Precinct - EE Upgrade,,false
,EC-GUN24,(Pending),pending,"Emergency Guniting of Sewers, Citywide",,true
,EC-LC24,(Pending),pending,"Emergency Sewer Lining Contract, Citywide",,true
,EC-SEC24,(Pending),pending,"Emergency Construction of Sewers, Citywide",,true
,EC-SEC25,(Pending),pending,"Emergency Reconstruction of Sewers, Citywide",,true
,EC-SEKN23,(Closeout),closeout,"Reconstruction of Existing Sewers, North Brooklyn",,true
,EC-SEKS23,(Closeout),closeout,"Reconstruction of Existing Sewers, South Brooklyn",,true
,EC-SEQN22,(Closeout),closeout,"Reconstruction of Existing Sewers, North Queens",,true
,EC-SEQN23,(Closeout),closeout,"Reconstruction of Existing Sewers, North Queens",,true
,EC-SEQN24,(Pending),pending,"Reconstruction of Existing Sewers, North Queens.",,true
,EC-SER24,(Pending),pending,"Reconstruction of Existing Sewers, Staten Island",,true
,EC-SEX22,(Closeout),closeout,"Reconstruction of Existing Sewers, The Bronx",,true
,EC-SEX23,(Completed),completed,"Reconstruction of Existing Sewers, The Bronx",,false
,EC-SEX24,(Pending),pending,"Reconstruction of Existing Sewers, The Bronx",,true
,EC-WMC25,(Pending),pending,Citywide Emergency Reconstruction of Water Mains,,true
,GE-359,(Completed),completed,Area-wide Contract for Water Mains,,false
,HAM17MRCC,(Completed),completed,MARCY HOUSES - RENOVATE 492 MARCY AVE  INTO  A COMM CENTER,,false
,HD-161D,(Completed),completed,GATEWAY ESTATE - PHASE D (SEK002354/SEK20057/HIFHPD),,false
,HED-568,(Completed),completed,"New 20"" sub-aqueous water main extension to Randall's Island",,false
,HED580,(Cancelled),cancelled,"Dist WM & SE Rpl E161 St -Gerard &Cortlandt Av,BX, HWX100SBC",,false
,HEDA-003,(Completed),completed,Accelerated Distribution WM replcmnt & sewer rehab: BX,,false
,HH112AAFS,(Completed),completed,ATLANTIC ARMORY FIRE SAFETY,,false
,HH112BLEL,(Completed),completed,BELLEVUE SHELTER - REHABILITATION OF EXISTING ELEVATORS,,false
,HH115BWFA,(Completed),completed,BRIARWOOD - FIRE ALARM UPGRADE,,false
,HH115SGFA,(Completed),completed,SPRINGFIELD GARDEN - FIRE ALARM SYSTEM UPGRADE,,false
,HL82CHNWH,(Capitally Ineligible),capitally ineligible,COMMUNITY HEALTHCARE NETWORK-WASHINGTON HEIGHTS,,true
,HL82SIABE,(Completed),completed,REHAB OF THE STATEN ISLAND ANIMAL SHELTER,,false
,HW2CR12C,(Completed),completed,CITYWIDE MILLING - QUEENS,,false
,HW2CR13CW,(Completed),completed,CITYWIDE MILLING,,false
,HWCRWALLC,(Completed),completed,CONSTRUCTION REQUIREMENT CONTRACT-RETAINING WALLS (CITYWIDE),,false
,HWCSCH2,(Completed),completed,SCHOOL SAFETY IMPROVEMENT - CITYWIDE,,false
,HWCSCH3B3,(Completed),completed,SAFE ROUTES TO SCHOOLS-94 SCHOOLS,,false
,HWCSCH3E,(Completed),completed,SAFE ROUTES TO SCHOOLS-94 SCHOOLS,,false
,HWCSCH4B1,(Completed),completed,Safe Routes to Schools - Phase 4B1,,false
,HWCSCH98,(Pending),pending,East 98th Street School Safety Improvements,,true
,HWD005K01,(Completed),completed,"FULTON ST IMPROVEMENTS AT GREEN AV, HANSEN PL & GATES AV",,false
,HWK002394,(Initiation),initiation,"Dyker Heights, SEK002394",,true
,HWK1153,(Completed),completed,DOWNTOWN BROOKLYN REHABILITATION,,false
,HWK1153A,(Completed),completed,DOWNTOWN BROOKLYN REHABILITATION  - PHASE II,,false
,HWK20072,(Pending),pending,"Ave W, Gravesend Neck Rd, and Sheepshead Bay Rd, SEK20072",,true
,HWK973,(Completed),completed,RECONSTRUCTION OF FULTON STREET,,false
,HWKC061,(Completed),completed,HALSEY STREET,,false
,HWKP2003,(Completed),completed,SHORE PKWY EASTBOUND EXIT AT BAY PKWY (RECONSTRUCTION),,false
,HWM1048,(Pending),pending,Manhattan Waterfront Greenway - Inwood 10th Ave,,true
,HWM1157,(Completed),completed,RECONS & REMOVAL OF COBBLESTONES ON TENTH AVENUE,,false
,HWM1689,(Pending),pending,FDR Median Guardrail Reconstruction,,true
,HWMM006,(Closeout),closeout,CONSTRUCT NEW HARRIET TUBMAN MEMORIAL TRIANGLE,,true
,HWMM008,(Completed),completed,"EAST 86TH ST  STREETSCAPE-225 EAST 79TH ,MADISON TO YORK AVE",,false
,HWMP2012,(Completed),completed,TIMES SQUARE (SEN002160),,false
,HWMWTCA1D,(Pending),pending,RECONSTRUCTION OF WASHINGTON STREET - EMERGENCY,,true
,HWMWTCA4,(Completed),completed,ENGINEERING RESURFACING (WORLD TRADE CENTER AREA 4),,false
,HWP2001Q,(Completed),completed,CITYWIDE PED RAMPS - QUEENS,,false
,HWPEDSF4A,(Completed),completed,Multi-Site Pedestrian Safety - Phase 4A,,false
,HWPLZ003M,(Completed),completed,Montefiore Park and Plaza Reconstruction/Improvement,,false
,HWPLZ012M,(Completed),completed,Bogardus Plaza Clock Tower,,false
,HWPR20Q1,(Completed),completed,Pedestrian Ramp Rehabilitation - Queens,,false
,HWQ1027,(Completed),completed,RECONSTRUCTION OF LIRR UNDERPASSES,,false
,HWQ1184A,(Completed),completed,"James Court Roadway & Bulkhead, Queens (Joint Bid)",,false
,HWQ1195,(Cancelled),cancelled,Colfax and Murdock Street Raising (SEQNS003),,false
,HWQ1204,(Pending),pending,Bayswater Park Pedestrian Access,,true
,HWQ274F,(Closeout),closeout,RECONSTRUCTION OF STREETS IN THE ROSEDALE AREA QUEENS,,true
,HWQ631B-1,(Completed),completed,ALMEDA AVENUE - PHASE I,,false
,HWQ631B-3,(Cancelled),cancelled,ALMEDA AV - PHASE III,,false
,HWQ724W,(Closeout),closeout,BROOKVILLE BLVD II  QUEENS,,true
,HWQ787B,(Pending),pending,"SUTTER AVE, ETC - PHASE II (B)",,true
,HWR00505,(Construction),construction,VICTORY BLVD AND MANOR ROAD INTERSECTION IMPROVEMENT,,true
,HWR00510,(Cancelled),cancelled,Woodrow Rd Improvements btw Gladwin Ave & Veterans Rd East,,false
,HWR1160,(Design),design,"RE- ALIGN ROCKLAND AVE AT MANOR RD/MEISNER AVE, SE-740B",,true
,HWR300-03,(Completed),completed,ROAD WIDENING AT SOUTH AVENUE AND FOREST AVENUE,,false
,HWS2014X,(Completed),completed,PRIOR NOTICE SIDEWALKS - BRONX,,false
,HWS2020X,(Completed),completed,Prior Notice Sidewalks- Bronx,,false
,HWX410,(Pending),pending,Harding Park Area Reconstruction,,true
,HWX421B1,(Completed),completed,THROGS NECK AREA II,,false
,HWX709,(Completed),completed,ELY AVENUE: GIVAN AVENUE TO 222ND STREET,,false
,HWX969A,(Completed),completed,HAVEMEYER AV - BRUCKNER BLVD &SEWARD AV (PHASE I),,false
,HWXP136C,(Completed),completed,Grand Concourse Phase 4 (SEX002268),,false
,HWXS211V2,(Completed),completed,STEP STREET - 176TH STREET AND 230TH STREET,,false
,JJ1FACREN,(Completed),completed,FACILITIES RENOVATIONS,,false
,LBC17MRAD,(Completed),completed,MARCY AUDITORIUM REHABILITATION,,false
,LBC21MNRF,(Initiation),initiation,Macon Infrastructure & ADA,,true
,LBC22JBIF,(Pre-Design),pre-design,JAMAICA BAY INFRASTRUCTURE UPGRADE,,true
,LBCENP2B,(Initiation),initiation,CENTRAL RENOVATION - PHASE 2B,,true
,LBCENPH1,(Completed),completed,CENTRAL LIBRARY RENOVATION - PHASE 1,,false
,LBCENPH2,(Construction),construction,CENTRAL RENOVATION - PHASE 2A,,true
,LBK16SCRF,(Pre-Design),pre-design,Spring Creek Infrastructure Upgrade,,true
,LBM18NLOH,(Pending),pending,New Lots Overhaul,,true
,LBM19CAOH,(Pending),pending,Canarsie Overhaul,,true
,LBM22WWBR,(Initiation),initiation,Walt Whitman Branch Overhaul,,true
,LN25WTSNB,(Initiation),initiation,WESTCHESTER SQUARE: Replacement Branch,,true
,LNBXA08LS,(Completed),completed,BRONX - Life Safety Projects @ 8    Branch Libraries,,false
,LNC2STAPL,(Completed),completed,STAPLETON - Renovation and Expansion,,false
,LNCA08BEL,(Completed),completed,BELMONT/BLOOMINGDALE - Elevators @ 2 Branch Libraries,,false
,LNCA10JMB,(Completed),completed,JEFFERSON MARKET - ADA Accessibility,,false
,LNCA10YRK,(Completed),completed,YORKVILLE - New Boiler,,false
,LNCA12SWP,(Completed),completed,SEWARD PARK - Replace sidealk over vault and waterproof,,false
,LNCA13TRE,(Completed),completed,TREMONT: Boiler,,false
,LNCM12CPT,(Completed),completed,CLASON'S POINT - NEW ROOF AND DRAINS,,false
,LNCM12NDP,(Completed),completed,New Dorp:Fire Safety,,false
,LNEMA08WS,(Completed),completed,WOODSTOCK - Interior Rehabilitation,,false
,LNLCGAGLR,(Construction),construction,Aguilar Branch Interior Renovation - LCG,,true
,LNMA12TOT,(Completed),completed,Fire Alarm System @ Tottenville,,false
,LQ122-W,(Completed),completed,Whitestone - Selected Masonry,,false
,LQBTRENOV,(Pass-Through Fund),pass-through fund,BAY TERRACE: Branch Renovation and Expansion,,true
,LQC122-GK,(Completed),completed,GLEN OAKS - Replacement Facility,,false
,LQCA19QVB,(Pre-Design),pre-design,"QUEENS VILLAGE: Exterior Rehabilitation, ADA Access, Windows",,true
,LQCA19WSD,(Pre-Design),pre-design,WOODSIDE: Branch Renovation,,true
,LQCH-RES,(Initiation),initiation,CAMBRIA HEIGHTS- Resiliency,,true
,LQCORENOV,(Initiation),initiation,CORONA : Branch Expansion and Renovation,,true
,LQD122-RO,(Closeout),closeout,ROCHDALE VILLAGE - ALC Renovation,,true
,LQLI-ROOF,(Initiation),initiation,LONG ISLAND CITY: New Roof,,true
,LQMARN-23,(Pre-Design),pre-design,Maspeth - Branch Renovation,,true
,LQQ122-1E,(Completed),completed,ELMHURST - Replacement Facility,,false
,LQSHRN-23,(Initiation),initiation,South Hollis - Branch Renovation,,true
,LQSJ-INT,(Initiation),initiation,SOUTH JAMAICA:  Branch Renovation,,true
,LQSZ-RENO,(Initiation),initiation,SOUTH OZONE PARK - Branch Expansion and Renovation,,true
,MED-610,(Cancelled),cancelled,TRUNK MAIN CONNECTION TO SHAFT 27B,,false
,MED-611,(Pending),pending,TRUNK WM REPLACMT IN TRANSVERSE RD 3,,true
,MIBBNC002,(Completed),completed,"Last Chance Pond BMP NC 11/12, storm & sanitary sewer constr",,false
,NDF-BSIMP,(Pending),pending,"NDF - Bay Street Streetscape Improvements, HWR703",,true
,NDF-IW10A,(Pending),pending,"NDF - Improve Prioroity intersections along 10th Av, HWM1048",,true
,P-1STARLP,(Completed),completed,"BRONX RIVER GREENWAY: STARLIGHT PARK PHASE II, STAGE 2, BX",,false
,P1YANK15A,(Completed),completed,Bronx Children's Museum Fitout,,false
,P-216BVRC,(Pending),pending,Brownsville Recreation Center Demolition and Reconstruction,,true
,P-303ERP4,(Pending),pending,East River Park Fireboat Wet Floodproofing,,true
,P-407BHV4,(Initiation),initiation,BOWNE HOUSE VISITORS CENTER Q022,,true
,P-5PNYC06,(Completed),completed,PlaNYC-Ocean Breeze Athletic Fac-Building Fit-Out R149-108M,,false
,PDWTC2013,(Completed),completed,WTC CAMPUS SECURITY PLAN,,false
,PO79BMAHE,(Completed),completed,105TH PCT BOILER REPLACEMENT,,false
,PO79BMAHJ,(Completed),completed,One Police Plaza,,false
,PO79FDESK,(Completed),completed,Front Desk Renovations City-Wide,,false
,PO79WNDWS,(Cancelled),cancelled,"HWY UNIT 3, 67TH, 76TH, 111TH PCT WINDOW RPLCMNT",,false
,PS-348A,(Pending),pending,REHABILITATION OF DAMAGED NORTH RIVER INTERCEPTOR (12th Ave),,true
,PU272BLR,(Pending),pending,45 Monroe PL - Boiler plant upgrade,,true
,PV022AAOA,(Pending),pending,MMA- Metropolitan Museum AAOA Gallery,,true
,PV022-SKY,(Construction),construction,"MMA - Metropolitan Museum Skylight Replacement for A, B, C W",,true
,PV034BELN,(Pending),pending,AMNH - Building Envelope Restoration AMNH - Building Envelop,,true
,PV034RR77,(Construction),construction,AMNH - Slate Roof & HVAC,,true
,PV175HVAC,(Initiation),initiation,SIZ - HVAC Building  Systems Upgrades,,true
,PV175ROOF,(Completed),completed,SIZ - Roof Replacement,,false
,PV176ITF1,(Completed),completed,WCS - Bronx Zoo Parking Lot Improvements,,false
,PV205GLIB,(Pending),pending,NYBG - Green Library/Energy Reduction Project,,true
,PV205LIEL,(Construction),construction,NYBG - Library Building Elevator,,true
,PV235EDUC,(Pass-Through Fund),pass-through fund,BMA - Brooklyn Museum - Education Space,,true
,PV241BOIL,(Initiation),initiation,MCNY - Boiler Replacement,,true
,PV262-AUD,(Completed),completed,Brooklyn Children's Museum Auditorium,,false
,PV274CHLL,(Completed),completed,NYHOS - New York Hall of Science - Chiller Replacement,,false
,PV302BPH2,(Initiation),initiation,SIIAS - Building B at SHCC Phase 1 & 2,,true
,PV467BRAC,(Completed),completed,BRAC - Bronx River Art Center Reconstruction,,false
,PV490-C,(Completed),completed,SHCC - SHCC Main Hall Bldg C Roof Reconstruction,,false
,PV490ELEC,(Completed),completed,SHCC - Snug Harbor Cult. Ctr. Site - Wide Electrical Upgrade,,false
,PV525STU2,(Construction),construction,SMH - New Bldg Phase 2,,true
,PW3171C,(Cancelled),cancelled,1 CENTRE STREET- FACADE REHAB,,false
,PW335A28,(Pending),pending,ASBESTOS ABATEMENT CONTRACT,,true
,PW335A29,(Pending),pending,"ASBESTOS ABATEMENT CONTRACT,MN,BX,QNS",,true
,PW335A30,(Capitally Ineligible),capitally ineligible,"ASBESTOS ABATEMENT CONTRACT, MN, BK, SI",,true
,PW348-51,(Completed),completed,Upgrade/replacement/remediation/installation,,false
,PW77102S3,(Completed),completed,CITY HALL STEPS RECONSTRUCTION,,false
,PW7722R,(Cancelled),cancelled,22 READE STREET EXTERIOR,,false
,PW77GLDA2,(Completed),completed,100 GOLD ST.- MIS HVAC UPGRADES,,false
,PWBXCRC,(Pending),pending,Bronx Borough President Office Reconstruction,,true
,PWQ077AT2,(Completed),completed,120-55 QUEENS BLVD- QUEENS BOROUGH HALL ATRIUM,,false
,PWX78BXP,(Capitally Ineligible),capitally ineligible,BRONX BOROUGH PRESIDENT'S OFFICE INITIAL OUT-FITTING,,true
,PWXFITWEL,(Pending),pending,FITNESS AND WELLNESS CENTER,,true
,PWXTNLLS,(Pre-Design),pre-design,Throgs Neck Little League- Solar Panel and Infrastructure,,true
,QED-1023B,(Completed),completed,"Distr & Trunk WM Replacement Cypress Ave, Queens (Joint Bid)",,false
,QED-976,(Completed),completed,SEQ - Trunk Water Main in Francis Lewis Blvd,,false
,RED-392,(Pending),pending,WM rplcmt in Bay St between Slosson Ter & Minthorne St SI,,true
,RWQ005,(Completed),completed,RETAINING WALL - COOPER AV,,false
,S195-227S,(Completed),completed,Spring St Salt Enclosure,,false
,SAND349F2,(Completed),completed,Citywide Resurfacing - Hurricane Sandy Phase 2 (FHWA Funded),,false
,SAND350FM,(Closeout),closeout,Sandy Phase 2b Resurfacing (FEMA Funded),,true
,SAND669C,(Cancelled),cancelled,"Reconstruction of Roma,Hett,Etc - Hurricane Sandy",,false
,SANDELEC4,(Completed),completed,60TH PRECINCT ELECTRICAL SYSTEM REPLACEMENT( SANDY),,false
,SANDELEC5,(Completed),completed,"100 the precint electrical system replacement, Sandy",,false
,SANDHW06,(Completed),completed,Reconstruction of Vestry Street- Hurricane Sandy,,false
,SANDHW19,(Design),design,Reconstruction of Downtown Brooklyn - Hurricane Sandy,,true
,SANDHW24,(Completed),completed,WHEN AND WHERE HURRICANE SANDY - QUEENS,,false
,SANDHW26,(Cancelled),cancelled,Reconstruction of East 10th Road - Hurricane Sandy,,false
,SANDHWSI,(Completed),completed,Non When & Where - Staten Island - Hurricane Sandy,,false
,SANDLESEC,(Pending),pending,LOWER EAST SIDE ECOLOGY CENER (LESEC) NEW PROGRAMMING SPACE,,true
,SANDR04,(Completed),completed,Beach 108th Streetscape Improvements (QED-1044),,false
,SANDSLIP,(Design),design,100 OLD SLIP RESTORATION & SYSTEMS REPLACEMENT,,true
,SE-751,(Design),design,CHESTER AV -  IRVINGTON ST AND ARBUTUS AVE,,true
,SE-789B-3,(Pending),pending,B 63 ST - BAYFIELD AV & ROCKAWAY FWAY (SOMMERVILLE III),,true
,SE-795,(Completed),completed,Storm & Sani Sewer in Chandler St - Nameoke Av & Battery Rd,,false
,SE-796,(Completed),completed,SANITARY SEWER IN RICHMOND VALLEY ROAD,,false
,SE-810,(Completed),completed,"STORM & SAN SWR, WILLET PT BLVD WHITESTONE AREA PHASE 2",,false
,SE-812,(Completed),completed,Sanitary & Storm swr in Page Av b/t Amboy Rd & Estella Pl,,false
,SE-813,(Cancelled),cancelled,"Storm & San Sewer& WM work in ""Jewel Streets""area (HWK1148)",,false
,SE-824,(Pending),pending,"SEQ - 230th Place Laurelton Area - Part 1, Phase B",,true
,SE-825,(Pending),pending,"SEQ - Laurelton Area - Part 1, Phase C",,true
,SE-887,(Pending),pending,"NDF -- Storm & Sanitary Sewers, WM work in Cornaga Ave, Qns",,true
,SECBK1,(Completed),completed,CATCH BASIN RECONSTRUCTION PROJECT IN BROOKLYN,,false
,SECBMTAQ1,(Completed),completed,MTA- LIRR CATCH BASINS,,false
,SECBX1,(Completed),completed,CATCH BASIN RECONSTRUCTION PROJECT IN BRONX,,false
,SEK002394,(Initiation),initiation,"Combined SE & Dist WM Replmt on 7th Ave Brooklyn,HWK002394",,true
,SEK20069,(Completed),completed,"Storm Sewer install & WM replace Gerritsen Beach, HWK2013GB",,false
,SEK20072,(Initiation),initiation,Rplcmnt of Sanitary & Storm Sewers & WM on Homecrest Ave BK,,true
,SEN002157,(Completed),completed,"Replacement of Combined Sewer in E. 26th Street, Manhattan",,false
,SEQ002611,(Completed),completed,"COMBINED SEWERS IN 32 ST, ETC.",,false
,SEQ002642,(Cancelled),cancelled,"STORM &SANITARY SEWER IN 111 AV, ANDERSON RD, 224 ST",,false
,SEQ002699,(Completed),completed,Catch Basin Project #34 at various locations of Queens,,false
,SEQ002700,(Pending),pending,REHABILITATION OF COMBINED SEWER AND WATER MAIN,,true
,SEQ002709,(Completed),completed,Combined Sewer Installation in 45th Avenue,,false
,SEQ002717,(Initiation),initiation,"WM & SE work on 48 St btwn Barnett & 37th Ave, QN Shaft 17B",,true
,SEQ200329,(Completed),completed,"STM SEWERS IN 161 ST, QNS",,false
,SEQ200332,(Completed),completed,"STORM SEWERS IN BEDELL ST, QUEENS",,false
,SEQ200341,(Cancelled),cancelled,"ROCKAWAY BEACH BLVD,  B  90TH ST AND B  94TH ST",,false
,SEQ200367,(Pending),pending,STORM SEWERS IN SUTTER AVE - PHASE III,,true
,SEQ200398,(Completed),completed,STORM SEWER IN 99AV - FRANCIS LEWIS BLVD AND 211 PL,,false
,SEQ200442,(Closeout),closeout,STORM SEWERS IN 190 ST - 48 AV AND 50 AV,,true
,SEQ200467,(Pending),pending,STRM & SAN SWRS IN 14 AV B/T 115 ST & US BULKHEAD LINE,,true
,SEQ200473,(Completed),completed,Storm Sewer & Water Main in 34 Ave betw. Brookside & 255 St,,false
,SEQ200475,(Completed),completed,112 AVE &113 AVE - FRANCIS LEWIS BLVD AND COLFAX ST,,false
,SEQ200508,(Completed),completed,Storm Sewer Extension in Beach 32 St.,,false
,SEQ200509,(Completed),completed,STORM SEWER IN Rockaway Bch Blvd bet B60  St & B59 St,,false
,SEQ200523,(Completed),completed,"STRM & SAN SWR IN NEW HAVEN B/T B22 ST & GRASSMERE TERRACE,",,false
,SEQ200524,(Completed),completed,"Storm & Sanitary Sewers in B. 21st Street, Queens",,false
,SEQ200534,(Closeout),closeout,STRM  SWR EXT/REPLACE AT SANTIAGO ST.,,true
,SEQ200545,(Completed),completed,NEW STORM SEWER IN ELKMONT AVE.,,false
,SEQ200548,(Completed),completed,STORM SEWER IN BEACH 8TH STREET,,false
,SEQ200574,(Completed),completed,"STRM SWR & WM IN 158 AVE & 185 ST, QNS",,false
,SEQ200584,(Completed),completed,SEQ-Storm and Sanitary Sewers in 119th Road,,false
,SEQ200613,(Initiation),initiation,"Storm SE on Poppenhusen Av btw College Pl & 115 St, QNS",,true
,SER002166,(Completed),completed,"RECONST OF SAN SEWER IN BLOOMINGDALE RD, SI",,false
,SER002204,(Completed),completed,SAN SEWER IN WAGNER ST-ST JOHN AV & MAPPED SEWER EASEMENT,,false
,SER002248,(Completed),completed,SAN SEWER IN NETHERLAND AV - GRANDVIEW AV AND LOKMAN AV,,false
,SER002316,(Completed),completed,SAN & STRM SWR IN ALVERSON AV B/T WOODROW RD &  MASON BLVD,,false
,SER002334,(Initiation),initiation,"NDF - Rplcmt 6"" sanitary sewers & distribution wtr mains SI",,true
,SER200103,(Completed),completed,STORM SEWERS IN BLOOMINGDALE RD - AMBOY RD & RICHMOND PKWY,,false
,SER200196,(Completed),completed,STORM SEWER IN GRANTWOOD AVENUE BET SHELDON AVE & DRUMGOOLE,,false
,SER200232,(Completed),completed,"STORM,SANIT SEWERS & WATER MAIN IN XENIA ST",,false
,SER200241,(Completed),completed,STRM & SWR IN BLOOMINGTON RD B/T AUTHUR KILL RD & PITNEY AVE,,false
,SER200261,(Design),design,Storm sewer in Roma Ave bet Tysens Lane & Ebbits Street,,true
,SER200272,(Completed),completed,"Strm and san.sewer exts and replacements, Dixon Ave. S.I",,false
,SER200290,(Design),design,New Storm Sewer Ext & Water Main Replacement in Forest Ave,,true
,SER200292,(Design),design,SAN & STRM SWR REPLACMT & WM WORK IN FLOYD ST,,true
,SER200552,(Pending),pending,STRM & SAN SWR AND WM WORK IN GRANITE AV,,true
3855,HWP19QRC,Construction,construction,CITYWIDE COMPLEX PEDESTRIAN RAMPS - QUEENS & SI,2026-06-30T00:00:00.000,true
3856,HWP2020TA,Construction,construction,"Complex Ped Ramp Installs-Manh, Brnx,Bk, & Queens",2028-06-07T00:00:00.000,true
3857,HWP2021RC,Design,design,Installation of pedestrian ramps at 48 non-standard locations in Staten Island.,2028-08-30T00:00:00.000,true
3858,HWPR19QRC,Construction,construction,Complex Upgrades Ped Ramps-Queens & Staten Island,2026-06-13T00:00:00.000,true
3859,HWPR20QC,Construction,construction,Complex Upgrades Ped Ramp - Queens,2027-06-11T00:00:00.000,true
3860,HWPR21Q1,(Completed),completed,Simple Upgrades Ped Ramps- Queens,2024-08-06T00:00:00.000,false
3861,HWPR22KR,Close-out,close-out,Simple Upgrades Ped Ramps- Brooklyn and Staten Island,2025-07-08T00:00:00.000,true
3862,HWPR22MXC,Design,design,Pedestrian Ramp Upgrades at 89 non-standard locations in Manhattan and the Bronx,2029-09-12T00:00:00.000,true
3863,HWPR23KR,Construction,construction,Simple Upgrades Ped Ramps - Brooklyn and Staten Island,2026-09-15T00:00:00.000,true
3864,HWQ1198,Design,design,Reconstruction of Beach Channel Drive -- Phase B,2030-09-13T00:00:00.000,true
3865,HWR700,Design,design,Richmond Terrace-Bay Street Safety Improvements,2029-10-28T00:00:00.000,true
3865,RED390,Design,design,Richmond Terrace-Bay Street Safety Improvements,2029-10-28T00:00:00.000,true
3866,HWS2021R,Close-out,close-out,FY21 Prior Notice Sidewalk contract -Staten Island,2024-12-21T00:00:00.000,true
3867,HWS2023R,Construction,construction,FY23 Prior Notice Sidewalk - Staten Island,2027-10-30T00:00:00.000,true
3868,MIBBNC04B,Design,design,"Storm sewer installation and water main replacement in Hunter Avenue between Haven Avenue and Nugent Avenue, as well as other locations.",2031-12-30T00:00:00.000,true
3869,QED-1054,Construction,construction,"Distribution Water Main work in Ellwell Crescent from Alderton Street to Carlton Street, as well as other locations listed in Page 3 of attached CPI. Borough of Queens.",2024-09-10T00:00:00.000,true
3870,RED394,Close-out,close-out,Install Distribution water mains throughout Brooklyn and Staten Island as directed by Distribution Engineer.,2025-11-25T00:00:00.000,true
3871,RED395AC,Construction,construction,Install Distribution water mains throughout Brooklyn and Staten Island as directed by Distribution Engineer.,2026-12-31T00:00:00.000,true
3873,SE885AVWE,Construction,construction,150th Street Spine: Phase II - DOT Van Wyck Expressway - Trunk Combined Sewer,2025-12-26T00:00:00.000,true
3875,SER0201ZB,Close-out,close-out,"RECONSTRUCTION OF EXISTING SEWERS, STATEN ISLAND",2022-06-21T00:00:00.000,true
3876,HWR200309,Design,design,REPL. AND EXT. OF STORM SEWERS IN MAGUIRE AVE,2029-06-29T00:00:00.000,true
3876,SER200309,Design,design,REPL. AND EXT. OF STORM SEWERS IN MAGUIRE AVE,2029-06-29T00:00:00.000,true
3877,70MULBREC,Construction Procurement,construction procurement,70 MULBERRY STREET - RECONSTRUCTION,2030-02-04T00:00:00.000,true
3879,BBJ-K,Construction,construction,Dismantal of Brooklyn Detention Facility,2024-02-29T00:00:00.000,true
3880,BBJ-K,(Design Built),design built,BBJ Construction of New Brooklyn Detention Facility,,true
3881,BBJ-M,(Design Built),design built,Dismantal of Manhattan Detention Facility,,true
3882,BBJ-Q,Construction,construction,Dismantal of Queens Detention Facility,2024-02-18T00:00:00.000,true
3883,BBJ-X,(Design Built),design built,Dismantal of Bronx Detention Facility,,true
3885,C75EWRMSC,Close-out,close-out,Renovation of Rose M. Singer Center (RMSC)  at Rikers Island,2023-06-30T00:00:00.000,true
3886,C75EWRNDC,Close-out,close-out,Renovation of Robert N. Davoren Complex (RNDC)  at Rikers Island,2023-06-30T00:00:00.000,true
3887,C75EWNIC,Close-out,close-out,Renovation of North Infirmary Command (NIC)  at Rikers Island,2023-02-28T00:00:00.000,true
3888,C75EWAMKC,Construction,construction,Renovation of Various Complexes at Rikers Island,2024-07-17T00:00:00.000,true
3888,C75EWRMSC,Construction,construction,Renovation of Various Complexes at Rikers Island,2024-07-17T00:00:00.000,true
3888,C75EWRNDC,Construction,construction,Renovation of Various Complexes at Rikers Island,2024-07-17T00:00:00.000,true
3889,F175EC268,Construction,construction,NEW FIREHOUSE - EC268,2027-06-24T00:00:00.000,true
3890,F175EMS17,Construction,construction,EMS Station 17 - New Facility,2027-05-31T00:00:00.000,true
3891,HAM20BVBG,Close-out,close-out,Van Dyke Boxing Gym Community Center Interior Renovation,2026-01-16T00:00:00.000,true
3892,HAM20BVCC,Close-out,close-out,Brownsville Houses Community Center Interior Renovation,2025-09-10T00:00:00.000,true
3893,HH112BLEN,Construction,construction,"Investigatory Probes of Cellar columns, beams & slabs",2024-01-31T00:00:00.000,true
3894,HH112BLFX,Close-out,close-out,Bellevue Men’s Shelter Partial East Façade Restoration and Window Replacement,2025-12-31T00:00:00.000,true
3895,HH112PJFC,(Cancelled),cancelled,Façade Stabilization,2024-08-30T00:00:00.000,false
3897,HR25BRCS,(Design Built),design built,444 Thomas Boyland Community Center,,true
3898,LBC17CDOP,Construction,construction,CLARENDON OUTDOOR PLAZA,2023-10-31T00:00:00.000,true
3899,LBK16STRF,Construction,construction,SARATOGA LIBRARY BUILDING ENVELOPE REHABILITATION,2023-09-29T00:00:00.000,true
3900,LBM18EPOH,Construction,construction,EASTERN PARKWAY LIBRARY MAJOR RENOVATIONS,2027-11-21T00:00:00.000,true
3901,LBP21WIBR,Construction Procurement,construction procurement,WASHINGTON IRVING BRANCH RENOVATION,2030-01-20T00:00:00.000,true
3902,LN18ALELE,Construction Procurement,construction procurement,ALLERTON LIBRARY ELEVATOR REPLACEMENT,2028-04-24T00:00:00.000,true
3905,LNRA17NDP,Construction,construction,New Dorp Library HVAC system Removal and Replacement,2026-04-30T00:00:00.000,true
3906,LNXA20WKF,Construction Procurement,construction procurement,WAKEFIELD LIBRARY – ADA RENOVATION,2028-05-19T00:00:00.000,true
3907,LQAUB-RG,Pre-Design,pre-design,Auburndale - Exterior Reading Garden,,true
3908,LQBPEXPN,Construction,construction,Baisley Park Library - Renovation,2027-11-20T00:00:00.000,true
3909,LQBW-EXP,Construction Procurement,construction procurement,Briarwood Community Branch Library,2029-12-22T00:00:00.000,true
3910,LQC122-JH,Design,design,Jackson Heights - Comprehensive Renovation and Expansion,2030-10-16T00:00:00.000,true
3912,LQD122LAE,Design,design,Laurelton - Exterior & Interior Renovation,2029-03-28T00:00:00.000,true
3913,LQEM19FFA,Construction,construction,Flushing - Replacement of the Fire Alarm System(s),2027-03-21T00:00:00.000,true
3914,LQEM19FLU,Construction,construction,Flushing - Day Tank Replacement for Emergency Generator,2026-07-08T00:00:00.000,true
3915,LQRS-EXTR,Design,design,Rosedale - Renovation and Expansion of Existing Facility,2030-04-29T00:00:00.000,true
3916,NDF-CRLYN,(Design Built),design built,Mary Cali Dalton Recreation Center,,true
3917,NDF-DAVID,Design,design,DAVIDSON AVE COMMUNITY CENTER,2029-02-28T00:00:00.000,true
3918,P-1ORCHMO,(Design Built),design built,Orchard Beach Maintenance and Operations Building Site Work & New Construction,,true
3919,P-217SCRC,(Design Built),design built,Shirley Chisholm Recreation Center,,true
3920,P-2CIB1HQ,Construction Procurement,construction procurement,Coney Island Beach Operations HQ at West 25th Street,2029-05-09T00:00:00.000,true
3921,P-412RWR1,(Design Built),design built,PARKS New Roy Wilkins Recreation Center,,true
3922,PO79-77FA,Construction,construction,77th Precinct Annex Fire Alarm Installation,2026-09-30T00:00:00.000,true
3923,PO79BMAJU,Close-out,close-out,"26TH PRECINCT ROOF, WINDOWS & FACADE",2026-06-23T00:00:00.000,true
3925,PO79ROD,Construction,construction,NYPD Firearms and Tactics Facility,2030-04-14T00:00:00.000,true
3927,PV040HVAC,Construction,construction,FTH - Flushing Town Hall HVAC System Replacement,2026-07-10T00:00:00.000,true
3928,PV175CLOV,Design,design,SIZ-Staten Island Zoo Clove Road Restoration,2029-07-07T00:00:00.000,true
3929,PV235BDEV,Construction,construction,Brooklyn Museum – Building Envelope Renovations,2026-12-08T00:00:00.000,true
3930,PV235ELEV,Construction,construction,Brooklyn Museum Bldg. Elevators/Electrical Upgra,2023-12-30T00:00:00.000,true
3931,PV466BOIL,Construction,construction,QTIP - Queens Theatre in the Park Boiler,2026-07-20T00:00:00.000,true
3932,PV656-EXT,Construction,construction,GRHS ONDERDONK HOUSE EXTERIOR,2027-09-07T00:00:00.000,true
3934,PV788-FAC,Construction Procurement,construction procurement,122C -122CC Facade Reconstruction,2028-07-06T00:00:00.000,true
3936,PW195SW2,(Cancelled),cancelled,80 Centre St. - Landscape,2025-01-13T00:00:00.000,false
3939,PW77198CT,Construction Procurement,construction procurement,198 E161 ST.- COOLING TOWER REPLACEMENT,2028-11-28T00:00:00.000,true
3940,PW77DDCAC,(Completed),completed,DDC Data Center Upgrade,2024-07-31T00:00:00.000,false
3941,PW77ELEV,Construction Procurement,construction procurement,120-55 QUEENS BLVD. ELEVATOR MODERNIZATION,2028-01-20T00:00:00.000,true
3942,C11421STC,Construction,construction,Program and Project Management Services,2029-03-01T00:00:00.000,true
3943,P-4RCKGHQ,(Design Built),design built,Rockaway Operational Headquarters,,true
3943,SANDY4-11,(Design Built),design built,Rockaway Operational Headquarters,,true
3943,SANDY4-50,(Design Built),design built,Rockaway Operational Headquarters,,true
3944,P-1HARTIS,Close-out,close-out,Hart Island Demolition and Safety Improvements,2023-05-31T00:00:00.000,true
3946,HWD10311,Design,design,"111TH STREET SAFETY IMPROVEMENTS, QNS",2031-08-27T00:00:00.000,true
3946,QED-1049,Design,design,"111TH STREET SAFETY IMPROVEMENTS, QNS",2031-08-27T00:00:00.000,true
3947,LNCA10115,Construction,construction,115th Street Basement Slab and Boiler Replacement,2024-02-15T00:00:00.000,true
3948,HWM12AVE,Construction Procurement,construction procurement,12th Avenue Accessibility Improvements,2028-09-12T00:00:00.000,true
3948,SEN002183,Construction Procurement,construction procurement,12th Avenue Accessibility Improvements,2028-09-12T00:00:00.000,true
3950,HWM42PSM,Design,design,42nd Street Pedestrian Security Measures,2031-09-19T00:00:00.000,true
3950,MED679,Design,design,42nd Street Pedestrian Security Measures,2031-09-19T00:00:00.000,true
3951,HWMME43ST,Design,design,‘Reconstruction of 43rd Street,2030-05-23T00:00:00.000,true
3951,MED-670,Design,design,‘Reconstruction of 43rd Street,2030-05-23T00:00:00.000,true
3952,HWK1669A,Construction,construction,4TH AVE. SAFETY IMPROVEMENTS PHASE II-VISION ZERO,2026-06-30T00:00:00.000,true
3953,LQD122HO1,Construction,construction,Hollis Interior Renovation,2027-09-30T00:00:00.000,true
3954,BED798,Construction,construction,"REPLACEMENT OF 72"" TRUNK WM IN FLATBUSH AVE",2024-03-12T00:00:00.000,true
3957,PV362STA2,Construction,construction,St. Ann's Warehouse:Tobacco Warehouse renovation-E,2023-11-30T00:00:00.000,true
3958,LNCA10AGL,Construction,construction,Aguilar Facade Restoration,2026-09-30T00:00:00.000,true
3959,HWPR19KC,Close-out,close-out,Complex Upgrades Ped Ramps - Brooklyn,2025-12-10T00:00:00.000,true
3960,LQASADA,Construction,construction,Astoria Restrooms and Elevators Upgrade,2028-08-31T00:00:00.000,true
3962,HWQ1205,Design,design,Belt Parkway Barrier Reconstruction at Sunrise Highway,2028-02-22T00:00:00.000,true
3963,LBM17ARBR,Construction,construction,ARLINGTON BRANCH RENOVATION,2028-08-29T00:00:00.000,true
3964,HWPLZ014M,Design,design,Curb to curb reconstruction of 2 blocks of Broadway (between W 38th and W 40th Streets) to build out Broadway Boulevard Plaza and Shared Street.,2031-07-22T00:00:00.000,true
3964,MED688,Design,design,Curb to curb reconstruction of 2 blocks of Broadway (between W 38th and W 40th Streets) to build out Broadway Boulevard Plaza and Shared Street.,2031-07-22T00:00:00.000,true
3965,LQD122BR2,Construction,construction,Broadway Interior Renovation,2023-10-31T00:00:00.000,true
3966,HL82BRONX,Construction,construction,Bronx Animal Care Center,2026-11-30T00:00:00.000,true
3967,CO293LL11,Construction,construction,851 GRAND CONCOURSE - FACADE REPAIRS LOCAL LAW 11,2027-12-31T00:00:00.000,true
3968,CO294RF,Construction Procurement,construction procurement,215 E 161 ST - ROOF,2028-08-31T00:00:00.000,true
3969,CO295EV,Construction Procurement,construction procurement,1118 GRAND CONCOURSE - ELEVATORS,2029-01-17T00:00:00.000,true
3970,PV176CESU,Close-out,close-out,WCS/Bronx Zoo - Con Ed Switchgear Upgrade,2024-12-31T00:00:00.000,true
3971,CO272DW2,Construction Procurement,construction procurement,BROOKLYN APPELLATE DIVISION SUPREME COURT - PARKING RECONSTRUCTION AND SITE WORK,2027-11-30T00:00:00.000,true
3972,PV262-RTW,Construction,construction,Brooklyn Children's Museum Retaining Wall,2026-08-17T00:00:00.000,true
3973,PV072HVAC,Close-out,close-out,Brooklyn Historic Society HVAC Replacement,2026-07-20T00:00:00.000,true
3974,CO278EXT2,Construction,construction,Brooklyn Supreme Court Facade Rehabilitation,2028-03-31T00:00:00.000,true
3975,CO278FA3,(On-hold),on-hold,Brooklyn Supreme court 360 Adams Fire Alarms,2032-09-30T00:00:00.000,true
3976,HWK900,Design,design,BROWNSVILLE PEDESTRIAN SAFETY IMPROVEMENTS,2029-05-04T00:00:00.000,true
3977,HED600,Construction,construction,BRUNER AND ELY,2028-03-12T00:00:00.000,true
3977,HWX402,Construction,construction,BRUNER AND ELY,2028-03-12T00:00:00.000,true
3979,HH112BLRR,(Completed),completed,BELLEVUE MENS RESIDENCE: 400-430 30TH,2024-07-31T00:00:00.000,false
3980,HH115BMEP,Construction,construction,BUSHWICK FAMILY BOILER RECONSTRUCTION,2026-09-30T00:00:00.000,true
3981,HL82BUSHX,Close-out,close-out,Bushwick Health Ctr Exter Restor Consul dsgn,2025-01-31T00:00:00.000,true
3982,LBM14BWRF,Construction,construction,Bushwick Roof Replacement,2027-11-23T00:00:00.000,true
3983,PW348-71,Construction,construction,FUEL TANK REPLACEMENT,2027-09-17T00:00:00.000,true
3984,PV490-INF,Construction,construction,Snug Harbor Center CTR.1000 Richmond Ter.HVAC/PLU,2027-12-31T00:00:00.000,true
3985,HWX405,Construction Procurement,construction procurement,Southern Boulevard Pedestrian and Cyclist Safety Improvements,2028-09-13T00:00:00.000,true
3986,LBC16MPHC,Construction,construction,Mapleton HVAC Upgrade,2026-04-07T00:00:00.000,true
3987,EO26-0002,Construction,construction,City Hall Campus: Manhattan Municipal Building Energy Efficiency Project- Replacement and upgrade of primary steam control valves.,2026-03-31T00:00:00.000,true
3990,PW348-81,Construction,construction,FUEL TANK & SUMP REPLACEMENTS – QUEENS,2028-07-03T00:00:00.000,true
3991,PW348-82,Construction,construction,FUEL TANK & SUMP REPLACEMENTS – BROOKLYN,2028-07-03T00:00:00.000,true
3992,PW348-83,Construction,construction,FUEL TANK & SUMP REPLACEMENTS – MANHATTAN/S.I.,2028-07-03T00:00:00.000,true
3993,PW348-84,Construction,construction,FUEL TANK & SUMP REPLACEMENTS - BRONX,2028-07-03T00:00:00.000,true
3994,HWCRCDB,(Design Built),design built,Citywide Raised Crosswalks: Design-Build,,true
3996,SETVDDC16,Close-out,close-out,CLEANING AND TELEVISING OF SEWERS BY DDC,2023-04-22T00:00:00.000,true
3997,SANDRESPC,Construction,construction,Coastal Resiliency -- Parallel Conveyances,2026-09-11T00:00:00.000,true
3998,SE-859,Construction,construction,"COMBINED SEWER IN 70TH STREET, QUEENS",2024-04-30T00:00:00.000,true
3999,SEK002383,Construction,construction,PACIFIC PARK PROJECT PHASE II,2027-06-19T00:00:00.000,true
4000,SEN002178,Construction,construction,COMBINED SEWER & GUNITING IN WEST BROADWAY,2024-05-01T00:00:00.000,true
4001,SEK002376,Close-out,close-out,"COMBINED SEWER REPLACEMENT IN PRESIDENT STREET, BK",2025-11-12T00:00:00.000,true
4002,PV001SELM,Construction,construction,LAH - Louis Armstrong House - Administration Facil,2026-09-30T00:00:00.000,true
4003,HWP15XMTA,Construction,construction,"COMPLEX PED. RAMPS - TRANSIT AUTHORITY, BX & MN",2023-11-15T00:00:00.000,true
4004,HWP19KQTA,Close-out,close-out,"CITYWIDE COMPLEX PEDESTRIAN RAMPS-TA, BK & QNS",2025-09-08T00:00:00.000,true
4005,HWP19CWLM,Construction,construction,"CITYWIDE COMPLEX RAMPS (LANDMARK) MANHATTAN, BRONX",2026-09-15T00:00:00.000,true
4006,HWP19KC1,Close-out,close-out,CITYWIDE COMPLEX PEDESTRIAN RAMPS - BK,2025-09-10T00:00:00.000,true
4007,HWP19KC2,Close-out,close-out,CITYWIDE COMPLEX PEDESTRIAN RAMPS - BK,2025-10-14T00:00:00.000,true
4008,HWP19KC3,Close-out,close-out,CITYWIDE COMPLEX PEDESTRIAN RAMPS - BK,2025-11-11T00:00:00.000,true
4009,HWP20MKC,Construction Procurement,construction procurement,Complex Ped Ramp Installs - Manhattan & Brooklyn,2028-08-08T00:00:00.000,true
4010,HWPR20MCL,Construction,construction,COMPLEX UPGRADES PED RAMPS - LANDMARK IN MANHATTAN,2027-06-14T00:00:00.000,true
4011,HWPR19MC1,Construction,construction,Complex Upgrades Ped Ramps - Manhattan,2027-06-01T00:00:00.000,true
4012,HWPR19MXC,Construction,construction,Complex Upgrades Ped Ramps - Manhattan & the Bronx,2027-06-17T00:00:00.000,true
4013,HWPR20MKT,Construction,construction,Complex Upgrades Ped Ramp - TA Manhattan & Brookly,2027-06-16T00:00:00.000,true
4014,HWPR20MQC,Construction,construction,COMPLEX UPGRADES PED RAMPS - MANHATTAN AND QUEENS,2027-06-14T00:00:00.000,true
4015,HWPR20MXC,Construction,construction,COMPLEX UPGRADES PED RAMPS - MANHATTAN AND THE BRONX,2028-01-04T00:00:00.000,true
4017,SANDBHFW,Design,design,CONSTRUCTION OF A FLOOD PROTECTION SYSTEM FROM EAST 25TH ST TO EAST 30TH ST ALONG THE EAST SIDE OF MANHATTAN,2031-02-05T00:00:00.000,true
4018,LQQ122-FA,Construction,construction,Far Rockaway New Facility,2023-10-02T00:00:00.000,true
4019,PO002-116,Close-out,close-out,NEW 116TH PCT,2024-11-15T00:00:00.000,true
4020,MIBBNC04A,Close-out,close-out,"CONSTRUCTION OF BMP’s NC 6 AND 15, SI",2025-07-31T00:00:00.000,true
4021,HWPLZ017K,Close-out,close-out,OSBORN STREET PLAZA,2025-12-29T00:00:00.000,true
4022,HWCSCHPBX,(Completed),completed,SAFE ROUTES TO SCHOOLS BRONX,2025-05-23T00:00:00.000,false
4023,GKCI05-3A,Close-out,close-out,Construction of ROW Green Infrastructure in CI005 Phase 3,2025-09-16T00:00:00.000,true
4024,GKCI05-2A,Close-out,close-out,Construction of ROW Green Infrastructure in CI005 Phase 2,2025-06-17T00:00:00.000,true
4025,SER002317,Design,design,"SANITARY & STORM SEWERS IN HALPIN AVE, STATEN IS.",2030-11-30T00:00:00.000,true
4026,SER200236,Construction,construction,"STORM SEWER EXTENSION AND WM WORK IN NORTH AVE, SI",2023-12-15T00:00:00.000,true
4028,HED583,Design,design,The Jerome Avenue Capital project is a corridor-wide suite of projects aimed at enhancing safety and creating hospitable open spaces for the community.,2030-09-11T00:00:00.000,true
4028,HED584,Design,design,The Jerome Avenue Capital project is a corridor-wide suite of projects aimed at enhancing safety and creating hospitable open spaces for the community.,2030-09-11T00:00:00.000,true
4028,HED585,Design,design,The Jerome Avenue Capital project is a corridor-wide suite of projects aimed at enhancing safety and creating hospitable open spaces for the community.,2030-09-11T00:00:00.000,true
4028,HWXJEROME,Design,design,The Jerome Avenue Capital project is a corridor-wide suite of projects aimed at enhancing safety and creating hospitable open spaces for the community.,2030-09-11T00:00:00.000,true
4028,NDF-JEROM,Design,design,The Jerome Avenue Capital project is a corridor-wide suite of projects aimed at enhancing safety and creating hospitable open spaces for the community.,2030-09-11T00:00:00.000,true
4029,LNCAL15CC,Close-out,close-out,Countee Cullen Exterior Rehabiliation,2024-12-27T00:00:00.000,true
4031,BED-806,Design,design,Brooklyn Waterfront Greenway – Commercial Street,2029-04-28T00:00:00.000,true
4031,HWK1048E,Design,design,Brooklyn Waterfront Greenway – Commercial Street,2029-04-28T00:00:00.000,true
4032,SETVDDC17,Close-out,close-out,CLEANING AND TELEVISING OF SEWERS BY DDC,2026-05-29T00:00:00.000,true
4034,SELCDDC11,Construction,construction,"Sewer Lining Contract, Citywide",2026-07-31T00:00:00.000,true
4036,HWM2025,Construction Procurement,construction procurement,DELANCEY STREET SAFETY IMPROVEMENTS,2030-09-05T00:00:00.000,true
4036,MED-667,Construction Procurement,construction procurement,DELANCEY STREET SAFETY IMPROVEMENTS,2030-09-05T00:00:00.000,true
4037,HL82BRKLN,Construction,construction,Brooklyn Animal Care Center,2027-03-31T00:00:00.000,true
4038,HWHARPER,Construction Procurement,construction procurement,"Asphalt Plant, 30-01 Harper St, Queens Cons",2029-06-10T00:00:00.000,true
4039,PO141-40P,Close-out,close-out,NEW 40th Precinct,2024-12-31T00:00:00.000,true
4040,CS-NC-BAF,Design,design,Design and Construction of Borden Ave PS Force Main.,2030-10-15T00:00:00.000,true
4041,LNC4WLEX,Design,design,Woodlawn Heights Expansion & Interior Renovation,2029-09-17T00:00:00.000,true
4042,QED1059,(Completed),completed,Install Distribution water mains throughout Queens and/or Bronx as directed by Distribution Engineer.,2025-10-14T00:00:00.000,false
4043,MED669,Construction,construction,"Replacement of Distribution Water Mains Along 7th Avenue between West 14th Street and West 34th Street, including select cross streets from 6th Avenue to 8th Avenue.",2029-08-16T00:00:00.000,true
4044,RED-388,Close-out,close-out,INSTALL DIST. WATER MAINS IN BKLYN AND SI,2023-06-30T00:00:00.000,true
4045,HED-581,Construction,construction,Distribution water main replacement work in Mace Avenue between Olinville Avenue and Cruger Avenue.,2027-06-09T00:00:00.000,true
4047,SANDRESM1,Construction Procurement,construction procurement,Coastal Resiliency Area 1 - East 23rd St. to Montg,2026-08-12T00:00:00.000,true
4048,SANDRESM1,Construction,construction,Coastal Resiliency Area 1 - East 23rd St. to Montg,2026-08-15T00:00:00.000,true
4049,PV143INFR,Construction Procurement,construction procurement,Elaine Kaufman Center - Infrastructure Phase One,2027-06-30T00:00:00.000,true
4052,HWK779W,Construction,construction,RECONSTRUCTION OF EMPIRE BLVD/BED-796,2023-09-30T00:00:00.000,true
4053,E17-0006,Construction,construction,BROOKLYN NORTH 1 & 4 DISTRICT GARAGES,2026-09-30T00:00:00.000,true
4054,E16-0003,Construction,construction,Manhattan Civil CRT: 111 Centre ST.HVAC Upgrade,2026-05-31T00:00:00.000,true
4055,E16-0002,Construction,construction,Queens Civil Court: 8917 Sutphin Blvd. Lighting &,2026-05-31T00:00:00.000,true
4056,HWK639WB,Design,design,Adams Street Pedestrian Security Measures & Midblock Crossing,2030-02-04T00:00:00.000,true
4057,LNEM12MLB,Close-out,close-out,Muhlenberg Branch Library - Vault & Sidewalk,2024-12-23T00:00:00.000,true
4058,LQARVEXPN,Construction,construction,Arverne Expansion,2028-08-14T00:00:00.000,true
4059,SER200251,Construction,construction,EXTENSION OF STORM SEWER & WM WORK IN 3RD STREET,2026-10-01T00:00:00.000,true
4060,LQSARENOV,Pre-Design,pre-design,St. Albans Renovation,,true
4061,HH115REGX,Close-out,close-out,Regents Family Residence Ext Rest Conslt Dsgn,2025-09-04T00:00:00.000,true
4062,LNEA13HGR,Design,design,Hamilton Grange Exterior Renovation,2029-04-30T00:00:00.000,true
4064,HR25FACA4,Construction Procurement,construction procurement,FACADE RESTORATION MULTIPLE SITES,2028-08-08T00:00:00.000,true
4065,HH112PJFC,Construction Procurement,construction procurement,PAMOJA HOUSE - FACADE REHABILITATION/RESTORATION,2028-09-03T00:00:00.000,true
4066,LQSEHVAC,Close-out,close-out,Seaside HVAC Upgrade,2025-12-04T00:00:00.000,true
4067,HBPED800Q,Construction,construction,PORPOISE BRIDGE IN FLUSHING MEADOWS-CORONA PARK,2027-05-30T00:00:00.000,true
4067,QED1062,Construction,construction,PORPOISE BRIDGE IN FLUSHING MEADOWS-CORONA PARK,2027-05-30T00:00:00.000,true
4067,SANDY4-30,Construction,construction,PORPOISE BRIDGE IN FLUSHING MEADOWS-CORONA PARK,2027-05-30T00:00:00.000,true
4067,SANDY4-31,Construction,construction,PORPOISE BRIDGE IN FLUSHING MEADOWS-CORONA PARK,2027-05-30T00:00:00.000,true
4068,HD-161DPL,Construction,construction,Gateway Site Improvements,2026-12-31T00:00:00.000,true
4069,PW29380FC,Construction Procurement,construction procurement,80 CENTRE ST.- FIRE ALARMS/SPRINKLERS,2029-03-06T00:00:00.000,true
4070,LQFLELV,Close-out,close-out,Flushing New Elevator & Upgrades,2025-06-02T00:00:00.000,true
4072,PW348-73,Construction,construction,FUEL TANK REPLACEMENT,2027-10-04T00:00:00.000,true
4073,LBC13BPRF,Construction,construction,Borough Park Major Renovation,2027-11-21T00:00:00.000,true
4074,HWS2021XM,Close-out,close-out,FY21 Prior Notice Sidewalk contract - Bronx & Manhattan,2025-01-11T00:00:00.000,true
4075,HWS2023X,Construction,construction,FY23 Prior Notice Sidewalk - Bronx,2026-11-25T00:00:00.000,true
4076,HWS2023M,Close-out,close-out,FY23 Prior Notice Sidewalk - Manhattan,2026-03-28T00:00:00.000,true
4077,HWP2024S,Construction,construction,FY24 Standard Pedestrian Ramp Installations at Priority Unramped Locations Citywide,2027-06-29T00:00:00.000,true
4079,LNCA13GBR,Construction Procurement,construction procurement,George Bruce Library Exterior Renovation,2029-01-26T00:00:00.000,true
4080,LNEA08MHV,Construction,construction,"George Bruce HVAC, Boiler,BMS & Fire Alarm Upgrade",2026-10-30T00:00:00.000,true
4082,GQTI03-23,Construction,construction,GREEN INFRASTRUCTURE IN TI-003 & TI-023 EAST RIVER,2024-03-09T00:00:00.000,true
4083,PW77GOWAN,Construction Procurement,construction procurement,GOWANUS CANAL 1 ST TURNING BASIN,2028-10-31T00:00:00.000,true
4084,LBM16GSFC,Construction,construction,Gravesend Façade & Foundation Upgrade,2026-04-27T00:00:00.000,true
4085,GKOH15-01,Construction Procurement,construction procurement,GI - GRAVESEND BAY CSO - PHASE I,2030-01-10T00:00:00.000,true
4086,GKOH15-02,Construction,construction,GI - GRAVESEND BAY CSO - PHASE II,2026-08-15T00:00:00.000,true
4087,GKOH15-03,Construction,construction,GI - GRAVESEND BAY CSO - PHASE III,2029-02-15T00:00:00.000,true
4088,GKOH15-04,Design,design,"GREEN INFRASTRUCTURE IN GRAVESEND BAY CSO TRIBUTARY AREA OH-15, PHASE IV",2031-02-04T00:00:00.000,true
4089,HWQ1196,Design,design,Saint Albans Cloudburst Project,2028-12-19T00:00:00.000,true
4089,SEQ-SACBA,Design,design,Saint Albans Cloudburst Project,2028-12-19T00:00:00.000,true
4090,SEK20070,Construction,construction,GUNITING & REPAIR OF 25 AVE SEWER AT GRAVESEND BAY,2026-03-16T00:00:00.000,true
4091,C75EWAMKC,Close-out,close-out,Renovation of Anna M. Kross Center (AMKC)  at Rikers Island,2023-06-30T00:00:00.000,true
4094,SEK20067,Close-out,close-out,HIGH LEVEL STM SEWERS IN GOWANUS CANAL AREA-PH II,2023-06-21T00:00:00.000,true
4095,LQHIHVAC,Construction,construction,Hillcrest HVAC Upgrade,2024-02-26T00:00:00.000,true
4096,LQHIROOF,Construction,construction,Hillcrest Roof Replacement,2024-02-26T00:00:00.000,true
4097,HWQ1201,Design,design,Astoria Boulevard Safety Improvements,2029-08-14T00:00:00.000,true
4098,LBC10CDHC,Close-out,close-out,Clarendon HVAC & BMS Upgrade,2025-05-15T00:00:00.000,true
4099,LBM13LDHC,(Completed),completed,Leonard Library HVAC Replacement,2024-09-03T00:00:00.000,false
4100,LBM13CGHC,Construction,construction,Carroll Gardens HVAC Replacement,2026-04-30T00:00:00.000,true
4101,LQD122RO2,Construction,construction,Rochdale Village HVAC & Controls Upgrade,2027-05-16T00:00:00.000,true
4102,LBK15BDHC,Close-out,close-out,Bedford HVAC Upgrade,2025-02-28T00:00:00.000,true
4103,HWQ100SBB,Design,design,Woodhaven Blvd SBS Phase B,2030-05-15T00:00:00.000,true
4103,QED1040B,Design,design,Woodhaven Blvd SBS Phase B,2030-05-15T00:00:00.000,true
4104,MED-645,Construction,construction,"DISTRIBUTION WATER MAIN INSTALLATION, MANHATTAN",2027-03-07T00:00:00.000,true
4105,HH115DSFA,Construction,construction,Dean Street Family Residence-Fire Alarm Upgrade,2026-11-20T00:00:00.000,true
4106,SE-811,Construction,construction,"STM & SAN SWR, N.B. WHITESTONE EXPWY SERV RD, PH 3",2024-08-21T00:00:00.000,true
4108,BBJ-Q,Construction,construction,Installation of 48” Steel Trunk Water Main,2023-10-31T00:00:00.000,true
4109,SANDTWOBR,Construction,construction,CITYWIDE RESILENCY MEASURES-Lower Manhattan Two Bridges,2026-10-22T00:00:00.000,true
4110,HWP20KRC,Design,design,Complex Ped Ramp Installs - Brooklyn & Staten Island,2029-09-30T00:00:00.000,true
4111,HWP2020KC,Construction,construction,Complex Ped Ramp Installs - Brooklyn,2027-06-01T00:00:00.000,true
4112,RED-386,Close-out,close-out,"INSTALLATION OF DISTRIBUTION WATER MAINS, SOUTH AV",2024-06-11T00:00:00.000,true
4113,SANDRESM2,Close-out,close-out,Coastal Resiliency – Project Area 2,2024-10-13T00:00:00.000,true
4114,PW357FIRE,Construction,construction,253 Broadway NYC. Fire Alarm Raplacement,2026-12-31T00:00:00.000,true
4114,PWHLDGFND,Construction,construction,253 Broadway NYC. Fire Alarm Raplacement,2026-12-31T00:00:00.000,true
4115,HH112BLFS,(Cancelled),cancelled,Bellvue Shelter:400 East 30th st. Fire Alarm Alarm,2028-03-21T00:00:00.000,false
4116,HH112BVFA,Construction Procurement,construction procurement,Brownsville Women's Center:357 Saratoga Fire Alarm,2027-08-27T00:00:00.000,true
4117,HH112FBFS,Construction,construction,Fannie Barnes:829 Saratoga Ave.Fire Alarm Upgrade,2026-12-12T00:00:00.000,true
4118,HH112KEFA,Construction,construction,Kenton Hall Shelter:333 Bowery NY.Fire Alarm Upgra,2027-02-08T00:00:00.000,true
4119,HH112CTFS,Construction Procurement,construction procurement,Clarke Thomas Help USA: Fire Alarm Upgrade,2027-10-22T00:00:00.000,true
4120,HH112CWFR,Construction,construction,1150 Commonwealth Ave: Fire Alarm Upgrade,2023-12-29T00:00:00.000,true
4121,PW293QBLV,Construction,construction,BOROUGH HALL: 120-55 QUEENS BLVD FIRE ALARM UPGRAD,2026-03-31T00:00:00.000,true
4122,HH115JCFB,Construction,construction,Jennie Clark: Fire Alarm Upgrade,2026-09-17T00:00:00.000,true
4123,HH115SRFA,Close-out,close-out,Rose McCarthy Family Residence: Fire alarm Upgrade,2023-07-31T00:00:00.000,true
4124,CT2-INTER,Construction,construction,"INSTALL. OF NEW TRUNK MAIN, VALVES & APPURT. @16A",2024-07-30T00:00:00.000,true
4125,MED-619,Design,design,"NEW 36"" TRUNK MAIN IN BROADWAY, MN",2030-09-25T00:00:00.000,true
4126,HWP21KRC,Construction Procurement,construction procurement,Installation of pedestrian ramps at 44 non-standard corners in Brooklyn and Staten Island.,2028-10-14T00:00:00.000,true
4127,HWP2021TA,Design,design,"Installation of pedestrian ramps at 44 non-standard locations in Manhattan, Bronx, Staten Island, Brooklyn, and Queens.",2029-06-15T00:00:00.000,true
4128,HWP2021LM,Construction Procurement,construction procurement,"Installation of pedestrian ramps at 54 non-standard landmarked locations in Manhattan, Brooklyn, and Queens.",2028-11-14T00:00:00.000,true
4129,HWP21MXQC,Design,design,"Installation of pedestrian ramps at 51 non-standard intersections in Manhattan, Bronx, and Queens.",2029-10-12T00:00:00.000,true
4130,HWP21KQC,Design,design,Installation of pedestrian ramps at 48 non-standard locations in Brooklyn and Queens.,2029-05-29T00:00:00.000,true
4131,SEQ200558,Close-out,close-out,SEQ - Install of storm SE & replacement of sanitar,2025-08-31T00:00:00.000,true
4132,SE-842A1,Construction,construction,STORM SEWER OUTLET IN 224TH ST,2026-09-03T00:00:00.000,true
4133,HWR669C,Close-out,close-out,"ROMA & HETT AVENUE, STATEN IS (W/SE-413A/SE-414A)",2024-12-20T00:00:00.000,true
4134,HWQ1206,Design,design,"Installation of temporary relief sewer, storm sewers, and water mains along 166th St, Hendrickson Pl, and 108th ave, near Allen Cathedral Senior Residence.",2030-02-09T00:00:00.000,true
4134,SEQ200605,Design,design,"Installation of temporary relief sewer, storm sewers, and water mains along 166th St, Hendrickson Pl, and 108th ave, near Allen Cathedral Senior Residence.",2030-02-09T00:00:00.000,true
4135,HH112HSFA,Construction Procurement,construction procurement,HELP USA:1 Wards Island: Fire Alarm Upgrade,2027-10-31T00:00:00.000,true
4136,PW348-72,Construction,construction,FUEL TANK REPLACEMENT,2027-07-01T00:00:00.000,true
4137,LNCL15CAS,Construction,construction,Castle Hill Renovation Projects,2027-08-31T00:00:00.000,true
4138,CMERECORD,Construction Procurement,construction procurement,OCME Records Room Reconstruction at Hirsch Center,2028-07-01T00:00:00.000,true
4139,PW77417DA,Close-out,close-out,120-55 QUEENS BLVD.- QUEENS DA TRAINING ROOM,2025-11-28T00:00:00.000,true
4140,HWM10INWD,Design,design,Inwood 10th Avenue Safety Improvements,2029-11-23T00:00:00.000,true
4140,SEN20008,Design,design,Inwood 10th Avenue Safety Improvements,2029-11-23T00:00:00.000,true
4141,BED833,Construction,construction,JAMAICA BAY GREENWAY-PAERDEGAT AVE N CONNECTOR,2026-07-31T00:00:00.000,true
4141,HWK2048,Construction,construction,JAMAICA BAY GREENWAY-PAERDEGAT AVE N CONNECTOR,2026-07-31T00:00:00.000,true
4142,CO281TOIL,(Completed),completed,Central Courts Building:120 Schermerhorn St.,2024-10-03T00:00:00.000,false
4143,HH112KELC,Construction,construction,East 3rd Street Shelter Building Upgrade,2028-04-02T00:00:00.000,true
4144,LQLAROOF,(Completed),completed,Laurelton Roof Replacement,2024-08-12T00:00:00.000,false
4146,HWMMLEXAV,(Design Built),design built,Lexington Avenue Pedestrian Safety Improvements,,true
4146,MED678,(Design Built),design built,Lexington Avenue Pedestrian Safety Improvements,,true
4147,PS-349,Construction,construction,Lining Interceptor Assets in Rockaway,2027-05-31T00:00:00.000,true
4148,CO277FA,Construction Procurement,construction procurement,126 Long Island City Courthouse: Fire Alarms,2028-11-30T00:00:00.000,true
4149,E17-0001,Construction,construction,Louis Lefkowitz Building Energy Efficiency Upgrade,2026-12-31T00:00:00.000,true
4151,CO283TOIL,Construction,construction,Criminal Courthouse: 100 Centre Street,2027-12-31T00:00:00.000,true
4152,CO283WT,Close-out,close-out,100 CENTRE STREET - WATER TANK,2025-12-31T00:00:00.000,true
4153,CO285FIRE,Construction,construction,Family Crthouse:60 Lafayette St NY.FireAlarmUpgrad,2028-06-30T00:00:00.000,true
4154,HAM18MHCC,Close-out,close-out,Mariners Harbor Community Center,2024-11-30T00:00:00.000,true
4155,CO301LL,(Completed),completed,"130 STUYVESANT PLACE EXTERIOR REHAB, DESIGN PHASE",2024-09-30T00:00:00.000,false
4156,CO301PD,Close-out,close-out,130 Stuyvesant Pl. - Parking Garage Deck,2024-12-12T00:00:00.000,true
4157,HAM17GHSE,(Design Built),design built,MARLBORO GREENHOUSE,,true
4158,LBC16MD2F,Construction,construction,Midwood 2nd Floor Renovation,2028-03-21T00:00:00.000,true
4159,LNEA13MHU,(Completed),completed,"Mosholu Roof, Exterior & HVAC Upgrade",2024-09-30T00:00:00.000,false
4161,LNCA14MBG,Construction,construction,Muhlenberg HVAC & Related Work,2024-03-06T00:00:00.000,true
4162,HWPEDSF4,Construction,construction,MULTI-SITE PEDESTRIAN SAFETY,2026-06-30T00:00:00.000,true
4163,PV241EXTR,Construction,construction,MCNY Exterior Rehabilitation & Restoration,2026-12-29T00:00:00.000,true
4164,HED-562,Construction,construction,"NEW 48"" TRUNK WATER MAIN IN E 233 STREET",2028-11-01T00:00:00.000,true
4165,SANDBOMB,Construction,construction,BOMB SQUAD BUILDING RECONSTRUCTION,2026-09-30T00:00:00.000,true
4166,HH112FWFA,Design,design,FORT WASHINGTON ARMORY: FIRE ALARM UPGRADE,2028-07-25T00:00:00.000,true
4167,PV272EDUC,Construction,construction,Queens Botanical Garden Educ Bldg Renovation,2027-10-14T00:00:00.000,true
4168,HH112SWFA,Construction,construction,Schwartz Assessment – Fire Alarm Replacement,2026-08-23T00:00:00.000,true
4169,HH115JCFS,Close-out,close-out,Jackson Family Residence:Fire Alarm Upgrade,2025-10-26T00:00:00.000,true
4170,HH115LFAU,Design,design,Linden Family Residence:501 New Lots.Fire Alarm,2027-12-30T00:00:00.000,true
4171,HBFDR14BP,(On-hold),on-hold,New Flyover Pedestrian Bridge,2029-06-29T00:00:00.000,true
4172,LQDL-NEW,Construction,construction,Douglaston New Facility,2029-09-28T00:00:00.000,true
4173,LQQ122-RG,Construction,construction,Rego Park New Facility,2029-08-31T00:00:00.000,true
4174,SEQNS005,Pre-Design,pre-design,SEWER WHEN & WHERE SEQ,,true
4175,SEQNS004,(Completed),completed,SEWER WHEN & WHERE SEQ,2024-10-09T00:00:00.000,false
4176,SER200247,(On-hold),on-hold,"STORM SEWER IN KING STREET, SI",2031-06-30T00:00:00.000,true
4177,LBM17NUOH,Design,design,NEW UTRECH LIBRARY MAJOR RENOVATIONS,2029-08-13T00:00:00.000,true
4178,PV385RLP3,Construction,construction,signature theater ph 3,2027-09-19T00:00:00.000,true
4179,CO304REHB,Design,design,60 CENTRE ST. - RECONSTRUCTION,2029-11-09T00:00:00.000,true
4180,HWMNYPL,Design,design,New York Public Library Pedestrian Improvements,2032-05-04T00:00:00.000,true
4181,SER20079,Construction,construction,"NEW STRM/SAN SWRS IN WILLOW AVE., SI",2023-12-29T00:00:00.000,true
4182,GI-BX-PP,Design,design,Design-Bid-Build Green Infrastructure Precast Porous Concrete Panels within the Bronx River and Westchester Creek Watersheds,2030-08-07T00:00:00.000,true
4183,PV274KITR,Close-out,close-out,"NYHOS: GREAT HALL, KITCHEN & RESTROOM RECON",2025-04-22T00:00:00.000,true
4184,LNCA13HAM,Construction,construction,Hamilton Fish Park Branch  Renovation,2026-09-30T00:00:00.000,true
4185,BED-830,Construction Procurement,construction procurement,Park Avenue Pedestrian Safety Improvements at the Crossover,2029-09-28T00:00:00.000,true
4185,HWD007K03,Construction Procurement,construction procurement,Park Avenue Pedestrian Safety Improvements at the Crossover,2029-09-28T00:00:00.000,true
4186,BED-785B,Construction,construction,"ATLANTIC AVE  SAFETY IMPROVEMENTS - PH 2, BROOKLYN",2027-01-15T00:00:00.000,true
4186,HWD10105A,Construction,construction,"ATLANTIC AVE  SAFETY IMPROVEMENTS - PH 2, BROOKLYN",2027-01-15T00:00:00.000,true
4187,HWKDTBK,Design,design,Park Ave - Ingersoll Houses Safety Improvements,2029-07-31T00:00:00.000,true
4189,HWPR20K2,Construction,construction,Pedestrian Ramp Rehabilitation - Brooklyn,2023-11-09T00:00:00.000,true
4190,HWPR20K3,(Completed),completed,Pedestrian Ramps Rehabilitation - Brooklyn,2025-04-15T00:00:00.000,false
4191,HWPR22MC,Design,design,Pedestrian Ramp Upgrades at 81 non-standard locations in Manhattan.,2029-07-27T00:00:00.000,true
4192,HWPR22KRC,Design,design,Pedestrian Ramp Upgrades at 91 non-standard locations in Brooklyn and Staten Island.,2029-10-26T00:00:00.000,true
4193,HWPR21KR,Construction,construction,Simple Upgrades Ped Ramps- Brooklyn and Staten Island,2024-07-27T00:00:00.000,true
4194,HWPEDSF5,Close-out,close-out,MULTI-SITE PEDESTRIAN SAFETY PHASE 5,2025-12-15T00:00:00.000,true
4195,HWCSCHPQN,Construction Procurement,construction procurement,"SAFE ROUTES TO SCHOOLS, QNS",2028-08-22T00:00:00.000,true
4196,HWK1673,Design,design,South Brooklyn Pedestrian Safety Improvements,2030-08-28T00:00:00.000,true
4197,HWX710A,Construction,construction,PELHAM PKWY - Phase 2,2023-12-22T00:00:00.000,true
4197,SEX002247,Construction,construction,PELHAM PKWY - Phase 2,2023-12-22T00:00:00.000,true
4198,LNMNA08LS,Close-out,close-out,Muhlenberg Fire Alarm Upgrade,2025-05-29T00:00:00.000,true
4199,HWQ1187,(On-hold),on-hold,"WESTBOURNE - DUNBAR ROADWAYS/BULKHEADS, QNS",2030-09-12T00:00:00.000,true
4199,SEQ200595,(On-hold),on-hold,"WESTBOURNE - DUNBAR ROADWAYS/BULKHEADS, QNS",2030-09-12T00:00:00.000,true
4200,HWS2020XM,Close-out,close-out,Prior Notice Sidewalks- Manhattan & Bronx,2023-03-05T00:00:00.000,true
4201,HWS2021K,Close-out,close-out,FY21 Prior Notice Sidewalks -Brooklyn,2025-02-01T00:00:00.000,true
4202,HWS2020K1,Construction,construction,Prior Notice Sidewalks- Brooklyn,2024-02-03T00:00:00.000,true
4203,S216-415A,Construction,construction,West 59th St. MTS - Project 2,2023-09-30T00:00:00.000,true
4204,HH112BEES,(Completed),completed,Bellevue Electrical Upgrade & New Generator,2024-07-31T00:00:00.000,false
4205,PV669-NPC,Construction,construction,Nuyorican Poets Cafe Renovation,2026-11-10T00:00:00.000,true
4207,HH112CGIU,Construction Procurement,construction procurement,Keener Assessment Shelter: Fire Alarm Upgrade,2027-10-31T00:00:00.000,true
4208,PW29310R,Construction Procurement,construction procurement,10 RICHMOND TERRACE - FIRE ALARM,2029-06-11T00:00:00.000,true
4209,PV501BOIL,Construction,construction,MOMA PS1-BOILER REPLACEMENT,2023-12-06T00:00:00.000,true
4210,CO299FIRE,Construction,construction,Queens Civil Court Fire Alarm Upgrade,2027-08-07T00:00:00.000,true
4211,CO296RF,Construction Procurement,construction procurement,125-01 QUEENS BLVD.- ROOF,2029-05-01T00:00:00.000,true
4212,PV291-QM2,Construction Procurement,construction procurement,Queens Museum of Art- Phase 2 Expansion,2029-05-02T00:00:00.000,true
4213,LQQBHHVAC,Close-out,close-out,Queensboro Hill HVAC Upgrade,2026-06-12T00:00:00.000,true
4214,HWQ724B,(On-hold),on-hold,Brookville Blvd and Edgewood Triangle (SEQ200519),2031-01-13T00:00:00.000,true
4214,SEQ200519,(On-hold),on-hold,Brookville Blvd and Edgewood Triangle (SEQ200519),2031-01-13T00:00:00.000,true
4215,BED-794,Close-out,close-out,DUMBO / VINEGAR HILL AREA-Phase II / BED-794,2025-12-31T00:00:00.000,true
4215,HWKKP005,Close-out,close-out,DUMBO / VINEGAR HILL AREA-Phase II / BED-794,2025-12-31T00:00:00.000,true
4216,HWR1140A,Construction,construction,"Reconstruction of Arthur Kill Road, Phase I",2029-06-18T00:00:00.000,true
4216,RED-366,Construction,construction,"Reconstruction of Arthur Kill Road, Phase I",2029-06-18T00:00:00.000,true
4217,SANDRDHK,Construction,construction,RED HOOK INTEGRATED FLOOD PROTECTION SYSTEM,2028-08-09T00:00:00.000,true
4217,SEK002390,Construction,construction,RED HOOK INTEGRATED FLOOD PROTECTION SYSTEM,2028-08-09T00:00:00.000,true
4218,HWK614D,Close-out,close-out,"RECONSTRUCTION OF BERGEN AVE AREA, BKLYN/BED-784",2023-06-24T00:00:00.000,true
4219,HWXS711,Construction Procurement,construction procurement,RECONSTRUCTION OF STEP ST AT DAVIDSON AVE,2029-09-14T00:00:00.000,true
4219,SEX002272,Construction Procurement,construction procurement,RECONSTRUCTION OF STEP ST AT DAVIDSON AVE,2029-09-14T00:00:00.000,true
4220,P-102DELV,(Completed),completed,"Reconstruction of Del Valle Square, Bronx",2025-11-12T00:00:00.000,false
4221,SEBLQX01,Construction,construction,"RECONSTRUCTION OF EXISTING SEWERS, QUEENS",2027-11-02T00:00:00.000,true
4227,SANDHW08,Close-out,close-out,"RECONSTRUCTION OF FRONT STREET, MANHATTAN",2025-04-18T00:00:00.000,true
4228,BED-805,Construction,construction,GATEWAY ESTATE - PHASE E/BED-805,2026-06-30T00:00:00.000,true
4228,HD-161E,Construction,construction,GATEWAY ESTATE - PHASE E/BED-805,2026-06-30T00:00:00.000,true
4229,HWMWTCB2,Construction,construction,GREENWICH STREET RECONSTRUCTION,2026-11-06T00:00:00.000,true
4230,HWMWTCB1,Construction,construction,NASSAU STRET RECONSTRUCTION,2026-08-31T00:00:00.000,true
4231,HWPLZ015M,Close-out,close-out,PERSHING SQUARE EAST PLAZA / STREETSCAPE,2024-12-31T00:00:00.000,true
4232,HWR00512,Design,design,"RICHMOND VALLEY ROAD, SI",2028-11-30T00:00:00.000,true
4233,P-3RANDAL,Design,design,RECONSTRUCTION OF ROADWAYS AT RANDALL'S ISLAND,2030-06-16T00:00:00.000,true
4234,BED-803,Close-out,close-out,Reconstruction of Schenck Avenue,2025-06-06T00:00:00.000,true
4234,HWK797W,Close-out,close-out,Reconstruction of Schenck Avenue,2025-06-06T00:00:00.000,true
4235,CONISPH3A,Close-out,close-out,"STM, SAN SEWERS & WM IN CONEY ISLAND AREA, PH3A,BK",2026-01-30T00:00:00.000,true
4236,HWQ274F2,Construction,construction,"RECONSTRUCTION OF ROSEDALE AREA, PHASE 2",2026-12-02T00:00:00.000,true
4236,SEQ200592,Construction,construction,"RECONSTRUCTION OF ROSEDALE AREA, PHASE 2",2026-12-02T00:00:00.000,true
4237,BED-807,Construction,construction,SUNSET PARK NORTH BK WATERFRONT GREENWAY,2027-06-01T00:00:00.000,true
4237,SAND1048,Construction,construction,SUNSET PARK NORTH BK WATERFRONT GREENWAY,2027-06-01T00:00:00.000,true
4238,CO306EXT2,Construction Procurement,construction procurement,170 East 121 Street - Harlem Courthouse Facade,2028-09-04T00:00:00.000,true
4239,HWX006-01,Construction Procurement,construction procurement,RECONSTRUCTION OF THE HENWOOD PLACE STEP STREET,2029-06-27T00:00:00.000,true
4240,HWXS911,Design,design,Reconstruction of the Summit Place Step Street,2030-02-28T00:00:00.000,true
4241,HWMWTCB7,Construction,construction,RECONSTRUCTION OF TRINITY PL,2027-09-16T00:00:00.000,true
4241,SEN002182,Construction,construction,RECONSTRUCTION OF TRINITY PL,2027-09-16T00:00:00.000,true
4242,HWMWTCB6,Construction,construction,VESEY STREET RECONSTRUCTION,2026-06-30T00:00:00.000,true
4242,MED-668,Construction,construction,VESEY STREET RECONSTRUCTION,2026-06-30T00:00:00.000,true
4243,SEN002169,Construction,construction,RECON OF COMB SWR & WM IN YORK AV,2026-06-30T00:00:00.000,true
4244,HWK876,Design,design,RECON WYCKOFF AV-FLUSHING  to COOPER AV/SE,2030-06-14T00:00:00.000,true
4244,SEK002351,Design,design,RECON WYCKOFF AV-FLUSHING  to COOPER AV/SE,2030-06-14T00:00:00.000,true
4245,BED829,Design,design,4th Ave Safety Improvements - Phase B,2031-06-30T00:00:00.000,true
4245,HWK1669B,Design,design,4th Ave Safety Improvements - Phase B,2031-06-30T00:00:00.000,true
4247,HWPR23KQ,Construction,construction,Simple Upgrades Ped Ramps - Brooklyn and Queens,2026-09-15T00:00:00.000,true
4248,BLCOMPLNT,Close-out,close-out,Standard Ped Ramp Upgrades and Installs - Citywide,2025-11-30T00:00:00.000,true
4249,S136-383N,Construction,construction,Brkyln District 17/18 Garage: HVAC Replacement,2026-07-28T00:00:00.000,true
4249,SOLARDOS1,Construction,construction,Brkyln District 17/18 Garage: HVAC Replacement,2026-07-28T00:00:00.000,true
4250,P-303ERPK,Construction,construction,East River Park,2027-03-25T00:00:00.000,true
4252,HWPR23K1,Construction,construction,Simple Upgrades Ped Ramps - Brooklyn,2026-09-15T00:00:00.000,true
4253,HWPR21MQ,Close-out,close-out,Simple Upgrades Ped Ramps- Manhattan and Queens,2024-08-06T00:00:00.000,true
4254,HWPR21K1,(Completed),completed,Simple Upgrades Ped Ramps- Brooklyn,2024-08-06T00:00:00.000,false
4256,HBMA24662,Construction Procurement,construction procurement,"E128th Street Pedestrian Bridge, Manhattan",2029-02-20T00:00:00.000,true
4256,SEN002184,Construction Procurement,construction procurement,"E128th Street Pedestrian Bridge, Manhattan",2029-02-20T00:00:00.000,true
4257,PW77417P2,Close-out,close-out,Queens Boro Hall Plaza: 120-55 Queens Blvd. Renova,2024-12-16T00:00:00.000,true
4258,PV475ROOF,Construction Procurement,construction procurement,NYST - NYC Ballet Roof Replacement,2028-02-28T00:00:00.000,true
4259,PW77LYA,Construction,construction,253 Broadway Landmark's Space Renovations,2024-02-29T00:00:00.000,true
4260,HH112BLBR,(Cancelled),cancelled,Bellevue Men's Shelter: Bathroom Upgrade,2028-05-20T00:00:00.000,false
4261,HAM14GOCC,Close-out,close-out,Gowanus Community Center Renovation,2025-07-31T00:00:00.000,true
4262,PW3172L,Design,design,Court Square BLDG: 2 Lafayette St. Renovation Faca,2030-02-11T00:00:00.000,true
4263,PV234CSV1,Construction,construction,CSV - Clemente Soto Velez - Interior Code Complian,2026-09-10T00:00:00.000,true
4264,PS-312MX,Construction,construction,"REPAIRS & REHAB OF INTERCEPTING SEWERS, MN & BX",2026-03-16T00:00:00.000,true
4265,TLCWOOD,Construction,construction,TLC - NEW OFFICE FACILITY - 24-55 BQE WEST,2027-07-01T00:00:00.000,true
4265,TLCWOOD1,Construction,construction,TLC - NEW OFFICE FACILITY - 24-55 BQE WEST,2027-07-01T00:00:00.000,true
4266,LNCA13MLB,Construction,construction,Muhlenberg Elevator Upgrade,2024-03-06T00:00:00.000,true
4267,HWXF2000B,Close-out,close-out,"1400 Williamsbridge Rd, BX.HVAC Replacement",2026-06-29T00:00:00.000,true
4268,LBC15BWHC,Construction,construction,Bushwick HVAC Upgrade,2027-11-23T00:00:00.000,true
4269,LBM15RDHC,(Completed),completed,RYDER LIBRARY HVAC,2024-09-30T00:00:00.000,false
4270,SE-860,Design,design,"COMBINED SEWER AND WM WORK IN 71 STREET, QUEENS",2031-05-19T00:00:00.000,true
4271,SEK002386,Close-out,close-out,REPLACE COMBINED SEWER & WM PARK PL & UNDERHILL AV,2025-06-26T00:00:00.000,true
4272,HWCURB10,Construction,construction,FY23 Curb contract,2026-08-29T00:00:00.000,true
4273,HED-578,(Completed),completed,Replacement of Dist. Water Main in Mundy Lane,2025-08-19T00:00:00.000,false
4275,S136-383S,(Completed),completed,Staten Island 3 Garage - HVAC Replacement,2024-07-31T00:00:00.000,false
4275,SOLARDOS2,(Completed),completed,Staten Island 3 Garage - HVAC Replacement,2024-07-31T00:00:00.000,false
4276,LNEA14VNT,Construction,construction,Van Nest HVAC Upgrade,2026-07-15T00:00:00.000,true
4277,SER002329,Close-out,close-out,REPLACEMENT SAN SWRS & DIST WMS IN FOREST HILL RD,2026-06-08T00:00:00.000,true
4278,PW195SW2,Construction,construction,80 CENTRE ST. - SIDEWALK REHABILITATION,2026-09-30T00:00:00.000,true
4279,HWS2020K2,Construction,construction,Prior Notice Sidewalks- Brooklyn,2023-09-16T00:00:00.000,true
4280,HWS2021X,(Completed),completed,FY21 Prior Notice Sidewalk contract -Bronx,2025-01-11T00:00:00.000,false
4281,HWS2020Q1,Close-out,close-out,Prior Notice Sidewalks- Queens,2023-02-18T00:00:00.000,true
4283,HED-569,(Completed),completed,"NSTALLATION OF TRUNK MAIN IN BAINBRIDGE AVE., ETC.",2024-11-15T00:00:00.000,false
4285,SANDELEC8,Construction,construction,ERIE BASIN TOW POUND ELECTRICAL (SANDY),2026-10-31T00:00:00.000,true
4286,GKCI05-1A,Construction,construction,GI-DDC Projects-Green Infrastructure,2024-06-04T00:00:00.000,true
4287,HED-560,Construction,construction,RECONSTRUCTION OF E 177 STREET/DEVOE AVENUE,2028-11-29T00:00:00.000,true
4287,HWXP2007,Construction,construction,RECONSTRUCTION OF E 177 STREET/DEVOE AVENUE,2028-11-29T00:00:00.000,true
4288,BED-768B,Design,design,RECONSTRUCTION OF COLUMBIA STREET - PHASE 2,2030-08-30T00:00:00.000,true
4288,HWK700B,Design,design,RECONSTRUCTION OF COLUMBIA STREET - PHASE 2,2030-08-30T00:00:00.000,true
4289,HWQ787B3,(On-hold),on-hold,"SUTTER AVE, ETC - PHASE V (B3)",2031-03-17T00:00:00.000,true
4290,HWR00508,Design,design,AMBOY ROAD IMPROVEMENTS AT ELTINGVILLE CORRIDOR,2029-11-30T00:00:00.000,true
4291,LQRDMASON,Design,design,Ridgewood Roof & Masonry Repair,2028-12-31T00:00:00.000,true
4292,HWRF05R,Construction Procurement,construction procurement,"Replacement of  roof , sprinkler & related repairs",2028-06-27T00:00:00.000,true
4293,LBM15GBRF,Close-out,close-out,Gerritsen Beach Building Envelope Rehabilitation,2025-10-02T00:00:00.000,true
4294,HH112FTRF,Construction,construction,Fort Washington Armory Roof Replacement,2028-04-02T00:00:00.000,true
4296,HWCSCHPKR,Construction,construction,SAFE ROUTES TO SCHOOLS BK & SI,2026-07-31T00:00:00.000,true
4297,HWCSCHPMN,Design,design,SAFE ROUTES TO SCHOOL MANHATTAN,2029-10-30T00:00:00.000,true
4297,MED683,Design,design,SAFE ROUTES TO SCHOOL MANHATTAN,2029-10-30T00:00:00.000,true
4298,BED-828,Design,design,"SAFE ROUTES TO TRANSIT, 86TH S / BED-828",2030-04-28T00:00:00.000,true
4298,HWSRT200E,Design,design,"SAFE ROUTES TO TRANSIT, 86TH S / BED-828",2030-04-28T00:00:00.000,true
4299,HWK1674,Design,design,Flatbush Avenue Downtown Brooklyn Safety Improvements,2030-10-31T00:00:00.000,true
4300,HWK002377,Design,design,"SANITARY SEWERS & WM IN E 72ND ST, AVE L & ROYCE",2029-09-30T00:00:00.000,true
4300,SEK002377,Design,design,"SANITARY SEWERS & WM IN E 72ND ST, AVE L & ROYCE",2029-09-30T00:00:00.000,true
4301,SELCDDC10,Construction,construction,"Sewer Lining Contract, Citywide",2023-12-01T00:00:00.000,true
4302,SEQNS003,Construction,construction,SEWER WHEN & WHERE CONTRACT IN S.E. QUEENS (SECONDARY ID: HWQ1195),2026-07-13T00:00:00.000,true
4303,PV477TEMP,Close-out,close-out,Staten Island Museum - HVAC Upgrade,2025-03-10T00:00:00.000,true
4304,HWS2021Q,Close-out,close-out,FY21 Prior Notice Sidewalk contract - Queens,2025-02-01T00:00:00.000,true
4305,HWS2023K,Construction,construction,FY23 Prior Notice Sidewalk - Brooklyn,2026-05-02T00:00:00.000,true
4306,HWS2023Q,Construction,construction,FY23 Prior Notice Sidewalk - Queens,2026-07-31T00:00:00.000,true
4307,PV302BPH1,(On-hold),on-hold,"SIM Snug Harbor:Construction,Plumbing & Electrical",2028-12-01T00:00:00.000,true
4308,HWPR23MQ,Construction,construction,Simple Upgrades Ped Ramps - Manhattan and Queens,2026-09-15T00:00:00.000,true
4310,PV490-Q3,Construction,construction,"SHC Center Music Hall, Dressing and ADA compliance",2023-09-29T00:00:00.000,true
4311,PV490JNFC,Construction Procurement,construction procurement,NOBLE MARITIME COLLECTION,2028-02-16T00:00:00.000,true
4312,SE-885,Design,design,150TH ST SPINE PHASE 1 STORM SEWER AT BERGEN BASIN,2030-01-24T00:00:00.000,true
4313,SE-885A,(Pending),pending,150 ST SPINE: PHASE II TRUNK SEWER AT BERGEN BASIN,2032-11-27T00:00:00.000,true
4314,SEQPGRD1,Construction,construction,SOUTHEAST QUEENS PRIORITY GRIDS - GROUP 1 (SECONDARY ID: DOTSEQ01),2026-11-11T00:00:00.000,true
4315,SEQPGRD2,Design,design,SOUTHEAST QUEENS PRIORITY GRIDS - GROUP 2 (SECONDARY ID: DOTSEQ02),2029-06-27T00:00:00.000,true
4316,HWQ662G,Design,design,STORM SANITARY SEWER REPL SPRINGFIELD GARDENS,2030-05-17T00:00:00.000,true
4316,SE-862,Design,design,STORM SANITARY SEWER REPL SPRINGFIELD GARDENS,2030-05-17T00:00:00.000,true
4317,PV394AMBR,Construction Procurement,construction procurement,Ambrose Restoration,2028-07-06T00:00:00.000,true
4318,P109STARA,Close-out,close-out,Starlight Park Comfort Station,2023-06-30T00:00:00.000,true
4319,CO302ST,Close-out,close-out,18 RICHMOND TERRACE -  EXTERIOR STEPS RECONSTRUCTI,2023-07-31T00:00:00.000,true
4320,SER200258,Construction,construction,"STORM & SANITARY SEWERS IN ALVERSON AVENUE, SI",2024-03-31T00:00:00.000,true
4321,SE-807,(Completed),completed,STM & SAN SEWERS IN 20 AVE B/T126 ST & US BULKHEAD,2024-10-31T00:00:00.000,false
4322,SEX200400,Construction,construction,STM AND SAN SEWERS IN MINNIEFORD AVENUE AREA,2026-10-08T00:00:00.000,true
4323,HWTRK883,(Cancelled),cancelled,"STORM, HLSS & SANITARY SEWER & WM IN CROPSEY AVE",2029-08-30T00:00:00.000,false
4324,SE-889,Design,design,"North Conduit Avenue between Baisley Boulevard and Guy Brewer Boulevard , Queens, New Storm Sewer",2031-07-03T00:00:00.000,true
4325,CONISPH04,Construction Procurement,construction procurement,"SAN & STRM SEWER, WM IN CONEY ISLAND AREA, PH 4",2029-09-30T00:00:00.000,true
4326,BED-802,Close-out,close-out,"SUNSET PARK GOWANUS CONNECTOR, BK",2025-12-31T00:00:00.000,true
4326,HWK1048D,Close-out,close-out,"SUNSET PARK GOWANUS CONNECTOR, BK",2025-12-31T00:00:00.000,true
4327,ACEDCA702,Construction,construction,METS REPLACEMENT OF 7 AIR HANDLING UNITS,2024-08-31T00:00:00.000,true
4328,LBM18BVOH,Construction,construction,BROWNSVILLE LIBRARY MAJOR RENOVATIONS,2028-07-15T00:00:00.000,true
4329,PV354HVAC,Construction,construction,Roundabout Theatre Company HVAC Upgrade,2023-12-31T00:00:00.000,true
4330,HWK100SBC,Construction,construction,SOUTH BROOKLYN CROSSTOWN SBS,2028-09-03T00:00:00.000,true
4330,SEK002407,Construction,construction,SOUTH BROOKLYN CROSSTOWN SBS,2028-09-03T00:00:00.000,true
4331,PV829HVAC,Design,design,Aaron Davis Hall/Harlem Stage Gatehouse HVAC,2028-10-03T00:00:00.000,true
4332,P-1TREREC,Construction Procurement,construction procurement,Walter Gladwin Recreation Center,2029-09-08T00:00:00.000,true
4333,S136-367,Construction,construction,Staten Island 1 & 3 Garage Construction & Rehab,2026-03-27T00:00:00.000,true
4333,SOLARGR10,Construction,construction,Staten Island 1 & 3 Garage Construction & Rehab,2026-03-27T00:00:00.000,true
4335,HWXP136D,Construction,construction,"GRAND CONCOURSE, PHASE 5",2027-11-03T00:00:00.000,true
4335,SEX002275,Construction,construction,"GRAND CONCOURSE, PHASE 5",2027-11-03T00:00:00.000,true
4337,HWD105-03,Design,design,LIBRARY LANE PROJECT,2030-08-13T00:00:00.000,true
4338,HWHARPADM,(Design Built),design built,Harper Street Administration Building Reconstruction,,true
4339,CRO-AGS,Close-out,close-out,CROTON ABOVE GROUND STRUCTURE AND LANDSCAPING,2026-06-30T00:00:00.000,true
4340,HED-CLUB,Close-out,close-out,CROTON FILTRATION PLANT,2026-06-30T00:00:00.000,true
4341,P-413QCF1,Construction,construction,Queens County Farm Museum Phase 2 Restoration,2027-07-30T00:00:00.000,true
4342,HL82CORHC,Construction,construction,Renovations at Corona Health Center,2026-04-14T00:00:00.000,true
4343,PVDTA-PH2,Construction,construction,Downtown Art-70 East 4th ST.Renovation,2024-04-03T00:00:00.000,true
4345,SEQ002715,Construction,construction,"COMBINED SEWER OUTFALL N. 81ST & 19TH AVE, LAG",2024-02-17T00:00:00.000,true
4347,HWXPRATT,Design,design,Pratt Avenue Retaining Wall and Roadway Recon,2030-03-17T00:00:00.000,true
4347,SEX20049,Design,design,Pratt Avenue Retaining Wall and Roadway Recon,2030-03-17T00:00:00.000,true
4348,F204INFRA,Construction,construction,Fort Totten Infrastructure Upgrade,2028-04-22T00:00:00.000,true
4349,HWPR19MC2,Construction,construction,Complex Upgrades Ped Ramps - Manhattan,2026-09-15T00:00:00.000,true
4350,HWP2020LM,Construction,construction,Complex Ped Ramp Installs - Citywide Landmark Loca,2027-08-10T00:00:00.000,true
4351,HWPR23QX,Construction,construction,Simple Upgrades Ped Ramps - Queens and the Bronx,2026-08-25T00:00:00.000,true
4352,HWPR23Q1,Construction,construction,Simple Upgrades Ped Ramps - Queens,2026-09-15T00:00:00.000,true
4353,HWPR22Q1,Close-out,close-out,Rehabilitation of Standard Ped Ramps- Queens,2025-07-15T00:00:00.000,true
4356,HWPR20Q2,Construction,construction,Pedestrian Ramp Rehabilitation - Queens,2023-10-10T00:00:00.000,true
4357,HWPR20MQX,Construction Procurement,construction procurement,"COMPLEX UPGRADES PED RAMPS - TA IN MANHATTAN, QUEENS AND THE BRONX",2028-07-11T00:00:00.000,true
4358,NEWHJC2,Design,design,NEW CONSTRUCTION HORIZON JUVENILE DETENTION CENTER,2029-04-30T00:00:00.000,true
4360,PW348-74,Close-out,close-out,FUEL TANK REPLACEMENT,2026-01-31T00:00:00.000,true
4361,HED582,Construction,construction,School Safety Phase D- Bronx,2028-06-09T00:00:00.000,true
4361,HWCSCH4D,Construction,construction,School Safety Phase D- Bronx,2028-06-09T00:00:00.000,true
4361,NDF-SCH4D,Construction,construction,School Safety Phase D- Bronx,2028-06-09T00:00:00.000,true
4362,HWKF488R,Close-out,close-out,Hamilton Asphalt roof Replacement,2024-02-01T00:00:00.000,true
4363,SEKDSMH23,Pre-Design,pre-design,Replacement and Rehabilitation of deep sewer manholes,,true
4364,HWX100SBC,Construction,construction,South Bronx East-West Crosstown SBS,2028-10-04T00:00:00.000,true
4365,PV791-TNC,Construction,construction,Theatre for the New City:Roof & Phase 1 HVAC,2026-11-16T00:00:00.000,true
4366,PROCONTRL,Construction,construction,Consulting Services for Project Controls Support,2023-06-30T00:00:00.000,true
4367,HWTRR1,Construction,construction,Trench Restoration - Staten Island,2027-05-28T00:00:00.000,true
4367,SER002333,Construction,construction,Trench Restoration - Staten Island,2027-05-28T00:00:00.000,true
4368,SE849,Pre-Design,pre-design,"Upgrade of the combined sewer, storm sewer, and water mains in southeast Clason Point, bounded by White Plains Road, Soundview Avenue, and Pugsley Creek.",,true
4369,ACEDCA215,Construction Procurement,construction procurement,BCM-HVAC Upgrades,2029-06-25T00:00:00.000,true
4370,PV957DGRW,Construction Procurement,construction procurement,DeGraw Firehouse Renovation,2028-10-01T00:00:00.000,true
4371,PV502-SDW,Construction,construction,JCAL  JPAC  Outdoor Space,2027-12-20T00:00:00.000,true
4372,HED593,Design,design,This project calls for combined sewer replacement and extension and water main replacement in East 142nd Street and Southern Boulevard (see design scope).,2029-05-30T00:00:00.000,true
4373,HWQ788CS,Design,design,Court Square Pedestrian Improvements,2030-09-11T00:00:00.000,true
4373,QED1061,Design,design,Court Square Pedestrian Improvements,2030-09-11T00:00:00.000,true
4374,QED-1056,Construction,construction,"Distribution Water Main replacement work in 43rd Avenue between National Street and 104th Street, as well as other locations listed in Page 3 of the attached CPI. Borough of Queens.",2026-11-03T00:00:00.000,true
4375,QED-1055,Construction,construction,"Distribution Water Main work in Jay Avenue between Borden Avenue and 66th Street, as well as other locations listed in Page 3 of the attached CPI. Borough of Queens.",2024-09-14T00:00:00.000,true
4376,HED605,Design,design,Southern Bronx Multi-Site Safety Improvements,2028-09-15T00:00:00.000,true
4376,HWX404,Design,design,Southern Bronx Multi-Site Safety Improvements,2028-09-15T00:00:00.000,true
4377,HWX406,Design,design,Northwest Bronx School Safety Improvements,2029-09-04T00:00:00.000,true
4377,SEX002274,Design,design,Northwest Bronx School Safety Improvements,2029-09-04T00:00:00.000,true
4378,PV411ITC2,Construction,construction,64 E. Fourth Street Buillding Renovation,2024-02-29T00:00:00.000,true
4379,PO79FDBNX,Close-out,close-out,NYPD: REPLACEMENT OF FRONT DESKS/ BRONX PRECINCTS,2025-10-30T00:00:00.000,true
4380,PO79SHOPR,Construction Procurement,construction procurement,Service Shop #6/72 PCT151 30th Street. Brooklyn NY,2028-09-30T00:00:00.000,true
4382,HWQ121B3,Design,design,RECONSTRUCTION OF SOUTH JAMAICA AREA (SEQ200562),2030-06-24T00:00:00.000,true
4382,SEQ200562,Design,design,RECONSTRUCTION OF SOUTH JAMAICA AREA (SEQ200562),2030-06-24T00:00:00.000,true
4383,HWR00511,Design,design,TRAVIS AVENUE WIDENING,2032-09-01T00:00:00.000,true
4383,RED-372,Design,design,TRAVIS AVENUE WIDENING,2032-09-01T00:00:00.000,true
4383,SER200322,Design,design,TRAVIS AVENUE WIDENING,2032-09-01T00:00:00.000,true
4384,HWTRK1,Construction Procurement,construction procurement,TRENCH RESTORATION BROOKLYN,2029-09-28T00:00:00.000,true
4384,SEK20076,Construction Procurement,construction procurement,TRENCH RESTORATION BROOKLYN,2029-09-28T00:00:00.000,true
4385,HWTRQX1,Close-out,close-out,TRENCH RESTORATION QUEENS & THE BRONX,2025-07-03T00:00:00.000,true
4386,MED-607,Construction,construction,TRUNK WATER MAIN in 2nd Ave. ( SHAFT 32B),2026-10-23T00:00:00.000,true
4387,BED-778A,Close-out,close-out,REPLACEMENT OF TRUNK WATER MAINS IN ATLANTIC AVE,2023-05-31T00:00:00.000,true
4388,BED-776,Construction,construction,WM REPLMT EAST NEW YORK AVE,2026-09-05T00:00:00.000,true
4389,SEK002380,Construction,construction,"COMBINED SEWER AND CHAMBERS IN 7TH STREET, BK",2026-09-30T00:00:00.000,true
4390,HWQ1193,Close-out,close-out,UNION TURNPIKE CENTER MEDIAN REPLACEMENT,2024-08-20T00:00:00.000,true
4391,HL82MANAT,Construction,construction,Manhattan Pet Adoption Center,2024-02-07T00:00:00.000,true
4392,HWPR20KC,Construction Procurement,construction procurement,Complex Upgrades Ped Ramps - Brooklyn,2028-08-01T00:00:00.000,true
4393,HWPR20MKL,Construction,construction,COMPLEX UPGRADES PED RAMPS - LANDMARK IN MANHATTAN AND BROOKLYN,2027-06-25T00:00:00.000,true
4394,HWPR20KMC,Construction,construction,COMPLEX UPGRADES PED RAMPS - BROOKLYN AND MANHATTAN,2027-06-04T00:00:00.000,true
4395,HWPR21XC,Design,design,Upgrades of pedestrian ramps at 51 non-standard locations in the Bronx.,2029-07-24T00:00:00.000,true
4396,HWPR21KRC,Design,design,Upgrading of pedestrian ramps at 51 non standard locations in Brooklyn and Staten Island.,2029-08-30T00:00:00.000,true
4397,HWPR21QC,Design,design,Upgrading of pedestrian ramps at 51 non-standard locations in Queens.,2029-06-17T00:00:00.000,true
4398,HWPR21LMT,Design,design,Upgrading pedestrian ramps at 52 non-standard landmarked locations in Manhattan.,2029-03-27T00:00:00.000,true
4399,HWPR21MTA,Design,design,Upgrading pedestrian ramps at 61 non-standard locations in Manhattan.,2029-09-28T00:00:00.000,true
4400,NDF-IBZ,Construction Procurement,construction procurement,Van Sinderen Avenue Streetscape Improvements,2029-07-19T00:00:00.000,true
4400,SEK002384,Construction Procurement,construction procurement,Van Sinderen Avenue Streetscape Improvements,2029-07-19T00:00:00.000,true
4401,HWQ1190A,Design,design,RECONSTRUCTION OF QUEENS BLVD - PHASE 1,2031-07-18T00:00:00.000,true
4401,QED-1042A,Design,design,RECONSTRUCTION OF QUEENS BLVD - PHASE 1,2031-07-18T00:00:00.000,true
4402,HWQ1190B,Design,design,RECONSTRUCTION OF QUEENS BLVD - PHASE 2,2032-08-28T00:00:00.000,true
4402,QED-1042B,Design,design,RECONSTRUCTION OF QUEENS BLVD - PHASE 2,2032-08-28T00:00:00.000,true
4403,HWQ1190-C,Design,design,RECONSTRUCTION OF QUEENS BLVD - PHASE 3,2034-08-13T00:00:00.000,true
4406,WM-LC-17,Close-out,close-out,"Water Main Lining Contract, Citywide",2026-03-15T00:00:00.000,true
4407,QED-1027,Design,design,"WATER MAIN REPLACEMENT IN 222 STREET, QUEENS",2030-07-13T00:00:00.000,true
4408,MED682,Construction,construction,Water Main work in Central Park West between West 81st Street and West 85th Street and other locations,2028-06-02T00:00:00.000,true
4409,BED-819,Close-out,close-out,"WATERMAIN REPLACEMENT IN ORIENTAL BLVD, BROOKLYN",2025-09-29T00:00:00.000,true
4410,HWQ1182B,Close-out,close-out,BROAD CHANNEL BULKHEADS - PH II,2024-10-19T00:00:00.000,true
4410,SEQ200586,Close-out,close-out,BROAD CHANNEL BULKHEADS - PH II,2024-10-19T00:00:00.000,true
4411,LNXA11WFM,Close-out,close-out,West Farms Entrance & Interior Door ADA Upgrade,2024-11-30T00:00:00.000,true
4412,WTM4SPRW,(Completed),completed,Perform Wetland Mitigation work in Four Sparrow Marsh in the Mill Basin area of Brooklyn.,2024-12-02T00:00:00.000,false
4417,EC-GUN25,(Completed),completed,"Emergency Guniting of Sewers, Citywide",2026-06-30T00:00:00.000,false
4418,EC-LC25KR,(Cancelled),cancelled,"Emergency Sewer Lining Contract, Borough of Brooklyn and Staten Island",2026-06-30T00:00:00.000,false
4420,EC-SEKN25,Construction Procurement,construction procurement,"Reconstruction of Existing Sewers, North Brooklyn",2026-06-25T00:00:00.000,true
4421,EC-SEKS25,(Completed),completed,"Reconstruction of existing sewers, South Brooklyn",2026-06-08T00:00:00.000,false
4422,EC-SER25,(Completed),completed,"Reconstruction of Existing Sewers, the Staten Island",2026-05-18T00:00:00.000,false
4424,HH112BELS,Close-out,close-out,Bellevue Structural Investigation and Stabilization,2025-12-31T00:00:00.000,true
4425,HH112PJPL,Construction,construction,Pamoja House - Plumbing Upgrade,2027-07-14T00:00:00.000,true
4427,HWM100SNC,Design,design,79TH STREET CROSSTOWN SELECT BUS SERVICE,2030-02-27T00:00:00.000,true
4427,MED673,Design,design,79TH STREET CROSSTOWN SELECT BUS SERVICE,2030-02-27T00:00:00.000,true
4428,HWP20MXQC,(Design Built),design built,"Complex Ped Ramp Installs - Manhattan, Queens, & Bronx",,true
4429,HWPR24KQ,Construction,construction,HWPR24 Series Standard Ped Ramp Upgrades,2027-08-03T00:00:00.000,true
4430,HWPR24KR,Construction,construction,HWPR24 Series Standard Ped Ramp Upgrades,2027-08-04T00:00:00.000,true
4431,PV028-ISS,Construction Procurement,construction procurement,Issue Project Room - interior fitout,2028-05-24T00:00:00.000,true
4432,PW7722V,(Completed),completed,22 READE ST - SIDEWALK VAULT RECONSTRUCTION,2024-09-30T00:00:00.000,false
4433,QED1063AC,Construction Procurement,construction procurement,Install Distribution water mains throughout Queens and/or Bronx as directed by Distribution Engineer.,2028-08-29T00:00:00.000,true
4437,EC-SEQN25,(Completed),completed,"Reconstruction of Existing Sewers, North Queens",2026-02-14T00:00:00.000,false
4438,EC-SEX25,(Completed),completed,"Reconstruction of Existing Sewers, the Bronx",2026-03-31T00:00:00.000,false
4439,BBJ-M,(Design Built),design built,DOC New Manhattan Detention Facility,,true
4440,BBJ-Q,(Design Built),design built,BBJ Construction of New Queens Detention Facility,,true
4441,BBJ-X,(Design Built),design built,BBJ Construction of New Bronx Detention Facility,,true
4442,CO299EXT2,Construction Procurement,construction procurement,89-17 SUTPHIN BLVD.- EXTERIOR,2028-03-26T00:00:00.000,true
4443,HW349TOUR,Construction,construction,State Touring Routes Resurfacing contract,2027-07-24T00:00:00.000,true
4444,HWM1688,Design,design,"This project will build out pedestrian improvements at two locations in south Central Harlem. The scope includes sidewalk and curb extensions, raised intersections, and pedestrian ramp upgrades.",2029-09-20T00:00:00.000,true
4444,MED685,Design,design,"This project will build out pedestrian improvements at two locations in south Central Harlem. The scope includes sidewalk and curb extensions, raised intersections, and pedestrian ramp upgrades.",2029-09-20T00:00:00.000,true
4445,HWP22KRC,Design,design,FY24 Non-Standard Pedestrian Ramp Installations - Brooklyn and Staten Island,2029-04-22T00:00:00.000,true
4446,HWP22MXQC,Design,design,"FY24 Non-Standard Pedestrian Ramp Installations - Manhattan, Bronx, and Queens",2029-06-07T00:00:00.000,true
4447,HWPR22KQC,Design,design,Pedestrian Ramp Upgrades at 90 non-standard locations in Brooklyn and Queens.,2029-06-27T00:00:00.000,true
4448,HWPR24MQ,Construction,construction,HWPR24 Series Standard Ped Ramp Upgrades,2027-08-03T00:00:00.000,true
4449,HWPR24QX,Construction,construction,HWPR24 Series Standard Pedestrian Ramp Upgrades,2028-06-03T00:00:00.000,true
4450,HED599,Design,design,This project will add safety and transit access improvements at the intersection of White Plains Road and Mace Avenue. This project will take advantage of work already planned in DEP’s HED-581 project to replace distribution water mains in Mace Ave.,2029-08-14T00:00:00.000,true
4450,HWX411,Design,design,This project will add safety and transit access improvements at the intersection of White Plains Road and Mace Avenue. This project will take advantage of work already planned in DEP’s HED-581 project to replace distribution water mains in Mace Ave.,2029-08-14T00:00:00.000,true
4451,LN18HGHVA,Design,design,HVAC System Replacement,2029-04-30T00:00:00.000,true
4453,P-108VCCS,(Design Built),design built,PARKS New Van Cortland Public Restroom,,true
4454,P-308RPCS,(Design Built),design built,PARKS New Ruppert Park Public Restroom,,true
4455,P-413SCS1,(Design Built),design built,PARKS New Brookville Park Public Restroom,,true
4456,P-4DSTG06,(Design Built),design built,PARKS New Kissena Park Velodrome Public Restroom,,true
4457,P-4QNHSR1,Design,design,Queens Historical Society Construction and Renovation - Archive Creation,2028-05-03T00:00:00.000,true
4458,RWX023,Design,design,This project will reconstruct the Concourse Village West retaining wall (WIN 2-2415-70) and the Concourse Village West roadway from 153rd to 156th Street.,2030-08-14T00:00:00.000,true
5458,EC-SEQS25,(Completed),completed,"Reconstruction of Existing Sewers, South Queens",2026-03-25T00:00:00.000,false
5460,HWCB25KR,Construction,construction,Curb Contracts - Brooklyn and Staten Island.,2027-06-14T00:00:00.000,true
5461,HWCB25QXM,Construction,construction,"The curb contract will repair curbs and install curb in front of private homes and City-owned properties. Repairs may be adjacent to grass-strips, tree pits and sidewalks.",2027-07-17T00:00:00.000,true
5462,HWHARPER,Construction,construction,"Asphalt Plant Demolition, 131-21 Northern Boulevard, Queens",2027-07-01T00:00:00.000,true
5463,HWHARPER,Construction,construction,"Asphalt Plant - Curb & Fence, 131-21 Northern Boulevard, Queens",2026-06-30T00:00:00.000,true
5465,HWK1672,Design,design,WASHINGTON AVE AND OCEAN AVE SAFETY IMPROVEMENTS,2029-03-31T00:00:00.000,true
5466,HWPR24Q1,Construction,construction,HWPR24 Series Standard Ped Ramp Upgrades,2027-08-03T00:00:00.000,true
5468,HWS2024K1,Construction,construction,FY24 Prior Notice Sidewalk - Brooklyn,2027-01-30T00:00:00.000,true
5469,HWS2024M1,Construction,construction,FY24 Prior Notice Sidewalk - Manhattan,2027-04-03T00:00:00.000,true
5470,HWS2024Q1,Construction,construction,FY24 Prior Notice Sidewalk - Queens,2027-06-30T00:00:00.000,true
5472,HWS2024R1,Construction,construction,FY24 Prior Notice Sidewalk - Staten Island,2027-08-21T00:00:00.000,true
5473,HWS23QMWB,(Completed),completed,Prior Notice Sidewalk - MWB (construction only contract),2026-04-04T00:00:00.000,false
5474,LQHP-REM,Close-out,close-out,Hunters Point Library Emergency ADA Modifications,2025-08-06T00:00:00.000,true
5475,LBC17MPGD,Construction Procurement,construction procurement,Mapleton Library Landscape & Exterior Improvements,2028-05-03T00:00:00.000,true
5476,LBC22SAIF,Design,design,Stone Avenue Library Renovation,2029-09-14T00:00:00.000,true
5477,LBM15MPRF,Construction,construction,Mapleton Building Envelope Rehabilitation,2026-04-07T00:00:00.000,true
5478,LBP18LDIN,Design,design,Leonard Library ADA Renovation,2029-03-07T00:00:00.000,true
5480,P-1SDVREC,Design,design,Construction of a New Recreation Center at Soundview Park,2030-03-02T00:00:00.000,true
5481,P-407BHI3,Construction Procurement,construction procurement,Bowne House Interior Renovation,2028-04-21T00:00:00.000,true
5482,SE-842,Construction Procurement,construction procurement,Southeast Queens Initiative Program,2032-07-14T00:00:00.000,true
5604,EC-LC25,(Completed),completed,"Emergency Sewer Lining Contract, Citywide",2026-06-30T00:00:00.000,false
5605,HWKAVEJ81,Design,design,Reconstruction of Ave J and E 81st Street.,2029-12-20T00:00:00.000,true
5605,SEK002398,Design,design,Reconstruction of Ave J and E 81st Street.,2029-12-20T00:00:00.000,true
5606,HWKNBP,Design,design,North Brooklyn Pedestrian Safety and Public Space Improvements,2030-02-19T00:00:00.000,true
5607,HWS2024X1,Construction,construction,FY24 Prior Notice Sidewalks - Bronx,2027-01-10T00:00:00.000,true
5608,HED595,Design,design,This project will reconstruct the E 169th Street step street.,2029-08-14T00:00:00.000,true
5608,HWXS1011,Design,design,This project will reconstruct the E 169th Street step street.,2029-08-14T00:00:00.000,true
5609,LBC22KBIF,Design,design,Kings Bay Library Upgrade,2030-04-20T00:00:00.000,true
5610,QED1060,Design,design,"Installation of trunk water mains and distribution water mains within the boundary of Queens Blvd., 51 Ave., and 67 St.",2031-08-13T00:00:00.000,true
5611,SEK200387,Construction Procurement,construction procurement,"Installation of tide gate on 9’6” x 5’ sewer at Ave K. -Canarsie, Brooklyn",2027-11-29T00:00:00.000,true
5612,SER002324,(On-hold),on-hold,"SANITARY SEWERS IN CAMDEN AVENUE, SI",2028-09-30T00:00:00.000,true
5613,TLCWOOD1,Design,design,Electrical Service for EVC and Building,2029-07-06T00:00:00.000,true
5721,HWCB26KR,Construction Procurement,construction procurement,FY26 Curb contract - Brooklyn &  Staten Island,2027-06-14T00:00:00.000,true
5722,HWKNUAV,Design,design,New Utrecht Ave Safety Improvements and Roadway Repair,2029-11-04T00:00:00.000,true
5723,HWP22KQC,Design,design,FY24 Non-Standard Pedestrian Ramp Installations - Brooklyn and Queens,2029-08-15T00:00:00.000,true
5724,HWPLZ020M,Design,design,Flatiron Plaza Reconstruction,2030-08-02T00:00:00.000,true
5724,MED644,Design,design,Flatiron Plaza Reconstruction,2030-08-02T00:00:00.000,true
5725,HWPR25KQ,Construction Procurement,construction procurement,HWPR25 Series Standard Ped Ramp Upgrades - Brooklyn and Queens,2028-08-08T00:00:00.000,true
5726,HWPR25KR,Construction Procurement,construction procurement,HWPR25 Series Standard Ped Ramp Upgrades,2028-08-09T00:00:00.000,true
5727,HWPR25Q1,Construction Procurement,construction procurement,HWPR25 Series Standard Ped Ramp Upgrades,2028-08-22T00:00:00.000,true
5728,LN21LBHVA,Design,design,Andrew Heiskill HVAC Replacement,2029-07-15T00:00:00.000,true
5729,PO79BMAHQ,Close-out,close-out,One Police Plaza Paving and Landscaping,2025-06-30T00:00:00.000,true
5730,PV279ACON,Design,design,NYCC - NY City Center Chiller Replacement,2028-04-07T00:00:00.000,true
5731,PW77207RF,Design,design,1932 ARTHUR AVE ENVELOPE STABILIZATION,2029-10-10T00:00:00.000,true
5732,HWQSE877,Design,design,"SE877 - Glendale, Queens – Combined Sewer Installation and Distribution WM Replacement",2031-07-23T00:00:00.000,true
5732,SE877,Design,design,"SE877 - Glendale, Queens – Combined Sewer Installation and Distribution WM Replacement",2031-07-23T00:00:00.000,true
5813,EC-GUN26,Construction Procurement,construction procurement,"Emergency Guniting of Sewers, Citywide",2027-06-30T00:00:00.000,true
5814,EC-LC26,Construction Procurement,construction procurement,"Emergency Sewer Lining Contract, Citywide",2027-06-30T00:00:00.000,true
5815,EC-SEKN26,Construction Procurement,construction procurement,"Reconstruction of existing sewers, North Brooklyn.",2027-08-01T00:00:00.000,true
5816,EC-SEKS26,Construction Procurement,construction procurement,"Reconstruction of existing sewers, South Brooklyn",2027-04-08T00:00:00.000,true
5817,EC-SEQS26,Construction Procurement,construction procurement,"Reconstruction of Existing Sewers, South Queens",2027-03-25T00:00:00.000,true
5818,EC-SER26,Construction Procurement,construction procurement,"Reconstruction of Existing Sewers, the Staten Island",2027-05-18T00:00:00.000,true
5819,EC-SEX26,Construction Procurement,construction procurement,"Reconstruction of Existing Sewers, the Bronx",2027-03-31T00:00:00.000,true
5820,EC-WMC26,Construction Procurement,construction procurement,Citywide Emergency Reconstruction of Water Mains,2027-01-29T00:00:00.000,true
5821,GQ-BBCLST,Design,design,"BB06, Queens, Green Infrastructure",2031-09-17T00:00:00.000,true
5822,HWCB26QXM,Construction Procurement,construction procurement,"FY26 Curb Contract - Queens, Bronx & Manhattan",2027-12-27T00:00:00.000,true
5823,HWKGOWANS,Design,design,Gowanus Pedestrian Improvements,2031-12-01T00:00:00.000,true
5824,HWP23KC,Design,design,"Non-Standard Pedestrian Ramp Program, Brooklyn",2030-02-02T00:00:00.000,true
5825,HWP23KQC,Design,design,"Non-Standard Pedestrian Ramp Program, Brooklyn and Queens",2030-02-04T00:00:00.000,true
5826,HWP23MC2,Design,design,"Non-Standard Pedestrian Ramp Program, Manhattan",2029-12-25T00:00:00.000,true
5827,HWPLZ016M,Design,design,"Hamilton Heights, Manhattan, Plaza",2029-12-05T00:00:00.000,true
5827,MED690,Design,design,"Hamilton Heights, Manhattan, Plaza",2029-12-05T00:00:00.000,true
5829,HWR703,Design,design,"Bay Street, Staten Island, Security Measures",2030-08-30T00:00:00.000,true
5830,HWS2025K,Construction Procurement,construction procurement,FY25 Prior Notice Sidewalk - Brooklyn,2028-02-24T00:00:00.000,true
5831,HWS2025M,Construction Procurement,construction procurement,FY25 Prior Notice Sidewalk - Manhattan,2028-01-26T00:00:00.000,true
5832,HWS2025Q,Construction Procurement,construction procurement,FY25 Prior Notice Sidewalk - Queens,2028-06-10T00:00:00.000,true
5833,HWS2025R,Construction Procurement,construction procurement,FY25 Prior Notice Sidewalk - Staten Island,2028-03-18T00:00:00.000,true
5834,MURPHCOMF,(Design Built),design built,PARKS New Murphy Brothers Playground Public Restroom,,true
5835,P-303ERPR,(Design Built),design built,PARKS New East River Park Public Restroom,,true
5836,PWQMAHVAC,Construction Procurement,construction procurement,"DCAS System Upgrade at the Maspeth Town Hall, HVAC",2028-05-24T00:00:00.000,true
5837,HWR005B2,Design,design,"Todt Hill Road, Staten Island, New Storm Sewer",2029-08-09T00:00:00.000,true
5837,SER200285,Design,design,"Todt Hill Road, Staten Island, New Storm Sewer",2029-08-09T00:00:00.000,true
7097,GQBB034,Design,design,"BB034, Queens, Green Infrastructure",2031-10-15T00:00:00.000,true
7098,GQBB28-29,Design,design,"BB028 and BB029, Queens, Green Infrastructure",2033-04-15T00:00:00.000,true
7099,HWP23KRC,Design,design,"Non-Standard Pedestrian Ramp Program, Staten Island",2030-09-09T00:00:00.000,true
7100,HWP23XC,Design,design,"Non-Standard Pedestrian Ramp Program, Bronx, Queens",2030-11-29T00:00:00.000,true
7101,HWS2025X,Construction Procurement,construction procurement,FY25 Prior Notice Sidewalk - Bronx,2028-02-19T00:00:00.000,true
7102,P-4FTTOTE,Design,design,"PARKS Renovation of Center for the Women of New York, Second Floor",2029-02-26T00:00:00.000,true
7103,PW357VAUL,Design,design,DCAS Renovation of the Home Life Building Vault,2030-05-02T00:00:00.000,true
7104,SETVDDC18,Construction Procurement,construction procurement,CLEANING AND TELEVISING OF SEWERS BY DDC,2027-12-27T00:00:00.000,true
7105,EC-SEC26,(Completed),completed,Citywide Emergency Reconstruction of Sewers,2026-11-26T00:00:00.000,false
7106,EC-SEQN26,(Completed),completed,"Reconstruction of Existing Sewers, North Queens",2027-02-14T00:00:00.000,false
7107,HWPR25MQX,Construction Procurement,construction procurement,HWPR25 Series Standard Ped Ramp Upgrades,2028-08-08T00:00:00.000,true
7108,SELCDDC12,Construction,construction,"Sewer Lining Contract, Citywide.",2027-11-27T00:00:00.000,true
7109,BED838,Design,design,Distribution water main work in Prospect Park West,2029-10-25T00:00:00.000,true
7110,HWP23QC1,Design,design,HWP23 Series Non-Standard Ped Ramp Installs and Upgrades,2030-03-12T00:00:00.000,true
7111,HWP23QC2,Design,design,HWP23 Series Non-Standard Ped Ramp Installs and Upgrades,2030-02-19T00:00:00.000,true
7112,HWP23MXC,Design,design,"Non-Standard Pedestrian Ramp Program, Bronx, Queens",2029-08-15T00:00:00.000,true
7113,CK26W02BS,Design,design,"Brownsville Cloudburst Hub, Brooklyn, Green Infrastructure",2030-12-09T00:00:00.000,true
7114,HWHARPERG,Design,design,Emergency declaration project for the rehabilitation of the NYCDOT Harper St Maintenance Garage,2027-10-12T00:00:00.000,true
7115,HWP23MC1,Design,design,"Non-Standard Pedestrian Ramp Program, Manhattan",2030-01-03T00:00:00.000,true
7116,HWP23MQC,Design,design,"Non-Standard Pedestrian Ramp Program, Manhattan",2030-01-04T00:00:00.000,true
7117,HWPLZ006X,Design,design,"Westchester Square, Bronx, Plaza",2031-06-30T00:00:00.000,true
7118,HWQ1210,Design,design,Jamaica Avenue Safety and Pedestrian Improvements,2030-11-19T00:00:00.000,true
7119,PW80DYCD2,Construction,construction,2 Lafayette St. Fire Alarm,2026-09-30T00:00:00.000,true
7309,HED586,Design,design,"Distribution Water main replacement on Edward L. Grant Highway, Cross Bronx Expressway, Sedgewick  Avenue, Delafield Avenue, and other locations.",2030-06-04T00:00:00.000,true
7310,HWK2048A,Design,design,"Jamaica Bay Greenway, Queens, Roadway Reconstruction",2031-03-17T00:00:00.000,true
7311,HWP24KC,Design,design,"Non-Standard Pedestrian Ramp Program, Brooklyn",2030-11-04T00:00:00.000,true
7312,HWP24KQC,Design,design,HWP24 Series Non-Standard Ped Ramp Installs and Upgrades,2030-09-13T00:00:00.000,true
7313,HWP24KRC,Design,design,"Non-Standard Pedestrian Ramp Program, Staten Island",2030-10-11T00:00:00.000,true
7314,HWP24MC1,Design,design,HWP24 Series Non-Standard Ped Ramp Installs and Upgrades - Manhattan,2030-09-03T00:00:00.000,true
7315,HWP24MC2,Design,design,"Non-Standard Pedestrian Ramp Program, Manhattan",2030-09-12T00:00:00.000,true
7316,HWP24MC3,Design,design,HWP24 Series Non-Standard Ped Ramp Installs and Upgrades - Manhattan,2030-09-10T00:00:00.000,true
7317,HWP24MXC,Design,design,"Non-Standard Pedestrian Ramp Program, Bronx, Queens",2030-09-27T00:00:00.000,true
7318,HWP24XC,Design,design,"Non-Standard Pedestrian Ramp Program, Bronx, Queens",2031-07-21T00:00:00.000,true
7319,HWPLZ018M,Design,design,Quisqueya Plaza Reconstruction,2030-12-06T00:00:00.000,true
7321,HWS2026K,Design,design,FY26 Prior Notice Sidewalk - Brooklyn,2029-02-23T00:00:00.000,true
7322,HWS2026M,Construction Procurement,construction procurement,FY26 Prior Notice Sidewalk Contract - Manhattan,2029-01-16T00:00:00.000,true
7323,HWS2026R,Design,design,FY2026 Prior Notice Sidewalk contract - Staten Island,2028-12-27T00:00:00.000,true
7324,HWSRT200F,Design,design,"Southern Blvd, Bus Stops Under the El",2031-09-24T00:00:00.000,true
7325,HWX413,Design,design,"Hunts Point Avenue from Garrison Avenue to East Bay Avenue, Bronx, Intersection Improvements",2031-04-30T00:00:00.000,true
7326,HWX414,Design,design,This transformative capital project will reconstruct the southernmost portion of the Grand Concourse into a world-class Great Street that provides safe and comfortable transport for all modes and all users.,2032-03-03T00:00:00.000,true
7327,LBK22BRHC,Design,design,"Bay Ridge Library HVAC Replacement, BMS, Fire Safety",2030-01-15T00:00:00.000,true
7328,LQFH-ADA,Design,design,QPL Renovation of Forest Hills Library,2029-03-25T00:00:00.000,true
7329,LQNFP-ADA,Design,design,QPL Renovation of North Forest Park Library,2029-12-05T00:00:00.000,true
7330,LQRH-RENO,Design,design,Richmond Hill Community Library Renovation,2030-09-02T00:00:00.000,true
7331,P-108KHC1,Design,design,Kingsbridge Heights Community Center,2029-12-14T00:00:00.000,true
7332,PW316EL,Design,design,"DCAS System Upgrade at the Sun Building Vault, MEP",2030-06-10T00:00:00.000,true
7333,RED393,Design,design,Distribution water main work in Hylan Boulevard between Arbutus Avenue and Hales Avenue and other locations in Staten Island,2031-01-30T00:00:00.000,true
7440,EC-SEH27,(Initiation),initiation,"Emergency Reconstruction of Sewers, Bronx",,true
7441,EC-SEQN27,(Initiation),initiation,"Reconstruction of Existing Sewers, North Queens",,true
7444,HWX407,(Initiation),initiation,"this capital project will be adding sidewalk extensions, constructing raised bike lanes, planting street trees, and reconfiguring the complex bowtie intersection formed by 3rd Ave, Lincoln Ave, and Morris Ave",2034-07-19T00:00:00.000,true
7445,HED603,(Initiation),initiation,"East 135th Street to East 147th Street, Willis Avenue, Bronx, Bike Lane",2030-07-16T00:00:00.000,true
7445,HWX409,Design,design,"East 135th Street to East 147th Street, Willis Avenue, Bronx, Bike Lane",2030-07-16T00:00:00.000,true
7446,SEBLMX25,Design,design,"Bronx and Manhattan, Combined Sewers",2030-04-25T00:00:00.000,true
7447,EC-GUN27,(Design),design,"Emergency Guniting of Sewers, Citywide",,true
7448,EC-LC27,(Design),design,"Emergency Sewer Lining Contract, Citywide",,true
7449,EC-SEC27,Construction Procurement,construction procurement,Citywide Emergency Reconstruction of Sewers,2027-11-26T00:00:00.000,true
7450,EC-SEKN27,(Initiation),initiation,"Reconstruction of Existing Sewers, North Brooklyn",,true
7451,EC-SEKS27,(Design),design,"Reconstruction of existing sewers, South Brooklyn",,true
7452,EC-SEQS27,Construction Procurement,construction procurement,"Reconstruction of Existing Sewers, South Queens",2028-03-25T00:00:00.000,true
7453,EC-SER27,(Design),design,"Reconstruction of Existing Sewers, Staten Island",,true
7454,EC-WMC27,Construction Procurement,construction procurement,Citywide Emergency Reconstruction of Water Mains,2028-01-29T00:00:00.000,true
7455,HWCB27KR,(Design),design,FY27 Curb contract - Brooklyn & Staten Island,,true
7456,HWCB27QXM,(Design),design,"FY27 Curb contract -Queens, Bronx & Manhattan",,true
7457,HWPR26MTA,(Design),design,Pedestrian Ramp Upgrades and Installations at MTA Locations,,true
7459,HWS2026Q,Design,design,FY26 Prior Notice Sidewalk contract - Queens,2029-02-10T00:00:00.000,true
7460,SER200319,(Initiation),initiation,New Storm Sewers in South Gannon Av as well as both Storm and Sanitary Sewers in other locations listed on page 4 of CPI.,,true
7461,CO295FIRE,Design,design,"DCAS System Upgrade at Bronx Housing Court, Fire Alarm",2029-08-17T00:00:00.000,true
7462,HWBUSPAD7,(Initiation),initiation,"The project will install, expand and/or replace reinforced concrete Bus Pads Citywide. It is a standard contract and does not include any relocation of major city infrastructure or utilities.",,true
7463,LQSARENOV,Design,design,QPL Renovation of Saint Albans Library,2030-01-16T00:00:00.000,true
7464,PV176CES2,(Initiation),initiation,"DCLA System Upgrade at Bronx Zoo, MEP",,true
7465,PV341SIPA,(Initiation),initiation,Campus-Wide Security Improvements,,true
7466,SECUREDET,(Design),design,New housing for the Crossroad Juvenile Center.,,true
7467,HWMM100,Design,design,Capital reconstruction of an existing concrete triangle at Canal/Baxter/Walker Street,2030-05-07T00:00:00.000,true
7468,HWP24QC1,(Initiation),initiation,HWP24 Series Non-Standard Ped Ramp Installs and Upgrades,,true
7469,HWP24QC2,(Initiation),initiation,HWP24 Series Non-Standard Ped Ramp Installs and Upgrades,,true
,138BRIDGE,(Partner-managed),partner-managed,"Dist WM in E 138 St Bridge btwn Exterior St & Gerard Ave, BX",,true
,179PSEGEN,(Pre-Design),pre-design,INSTALLATION OF EMERGENCY GENERATORS 179TH PUMPING STATION,,true
,179PSVFD,(Pre-Design),pre-design,Install of Variable Frequency Drives - 179th St Pump Station,,true
,2025-MVHP,(Pending),pending,MARINE VESSEL HUNTS POINT RECONSTRUCTION AND REPAIR,,true
,26-STAB13,(Completed),completed,26th Ward - Emergency Generators,,false
,ACEDEP251,(Job Order Contract),job order contract,Fugitive Emissions Abatement at 14 WWRFs,,true
,ACEDEP261,(Pre-Design),pre-design,Electrification of Steam Sterlizers at Kingston Labs - Kings,,true
,ACEDEP502,(Completed),completed,DEP - WARDS ISLAND SHAFT MIXERS,,false
,ACEDEP601,(Completed),completed,DEP - LED LIGHTING AT CATSKILL DELAWARE UV FACILITY,,false
,AIR-MON1,(Pending),pending,Air Monitoring Analysis,,true
,AIR-MON2,(Holding Code),holding code,Air Monitoring Analysis,,true
,ASB-REM,(Holding Code),holding code,Asbestos Removal,,true
,BB-59,(Completed),completed,BOWERY BAY WPCP UPGRADE PHASE III,,false
,BED-834,(Partner-managed),partner-managed,"Dist WM work in Nostrand Ave from Dean St to Prospect Pl, BK",,true
,BEDC-JOCS,(Job Order Contract),job order contract,JOB ORDER CONTRACTING WORK TO SUPPLEMENT BEDC CAPITAL CONSTR,,true
,BOSTONBRG,(Partner-managed),partner-managed,Upgrade Dist WM on Boston Rd btwn E 176 St & Cross BX Exprwy,,true
,BWSJOCG26,(Job Order Contract),job order contract,BWS Job Order Contract General Construction - Upstate NY,,true
,BWSJOCH26,(Job Order Contract),job order contract,BWS Job Order Contract - HVAC,,true
,BWSJOCI24,(Job Order Contract),job order contract,Facilities Improvement Program - In City JOC,,true
,CAT-367,(Pre-Design),pre-design,Design Build Reconstruction of Roads at Ashokan Reservoir,,true
,CAT-390,(Pre-Design),pre-design,Schoharie Reservoir road improvement- NYS Rt. 990V,,true
,CAT-508,(Pre-Design),pre-design,Design Build DR-30 Culvert Repair & Embankment Stabilization,,true
,CAT-528,(Pre-Design),pre-design,Rehabilitation of the Catskill Connection/Pressure Chambers,,true
,CAT-OPTIM,(Completed),completed,To Increase the Capacity of Upper Catskill Aqueduct,,false
,CFP-PMCS,(Pre-Design),pre-design,Croton Filtration Process Monitoring & Control System,,true
,CI-124,(Pre-Design),pre-design,RECONSTRUCTION OF HEATING SYSTEM AT CONEY ISLAND WPCP,,true
,CK26W03HL,(Partner-managed),partner-managed,CLOUDBURST HUB - EAST NY HENDRIX / LINDEN,,true
,CLBRSTROW,(Holding Code),holding code,CONSTRUCTION OF RIGHT-OF-WAY CLOUDBURST NEIGHBORHOODS,,true
,CONISPH04,(Pending),pending,,,true
,CQBB15COR,(Partner-managed),partner-managed,CLOUDBURST HUB - CORONA,,true
,CQJA11CMO,(Partner-managed),partner-managed,CLOUDBURST HUB - MONTEBELLIER,,true
,CRO-410,(Pre-Design),pre-design,NEW CROTON LAKE GATE HOUSE HVAC REHABILITATION,,true
,CRO-559,(Pre-Design),pre-design,MAHOPAC   WTP Upgrades,,true
,CRO-589,(Pre-Design),pre-design,EASTVIEW MAINTENANCE SHOP,,true
,CRO-604,(Pre-Design),pre-design,Croton Filtration Optimization,,true
,CRO-607,(Pre-Design),pre-design,Shaft 17 Elevator Replacement,,true
,CRO-M&A,(Holding Code),holding code,MITIGATION AND AMENITIES FOR WTP,,true
,CS-AC-OAK,(Pre-Design),pre-design,ALLEY CREEK LONG TERM CONTROL PLAN - OAKLAND LAKE,,true
,CS-JB-FRE,(Partner-managed),partner-managed,JB Wetlands Restoration - Fresh Creek,,true
,CS-JB-MUS,(Pre-Design),pre-design,Installation of ribbed mussels in Bergen and Thurston Basins,,true
,CSO-CW-RG,(Partner-managed),partner-managed,CWOW CSO LTCP Regulator Optimization Program,,true
,CSO-GC,(Completed),completed,FLUSHING TUNNEL REACTIVATION & GOWANUS CANAL FORCE MAIN,,false
,CSO-GC-SP,(Completed),completed,CONSTRUCTION OF GOWANUS CANAL PILOT SPONGE PARK,,false
,CSO-HS-DS,(Partner-managed),partner-managed,CWOW Port Richmond Gravity Diversion for Hannah Street PS,,true
,CXHP08PAR,(Partner-managed),partner-managed,CLOUDBURST HUB - PARKCHESTER,,true
,DEL-428,(Completed),completed,EDTO VALVE,,false
,DEL-464,(Pre-Design),pre-design,EDTO Emergency Stilling Chamber Reconstruction,,true
,EP-BASEHC,(Pre-Design),pre-design,Agency Proposed Projects for Project Type EP,,true
,FACIL-DEP,(Pre-Design),pre-design,DEP FACILITIES MANAGEMENT CITYWIDE,,true
,FMC-E38,(Pre-Design),pre-design,420 EAST 38 STREET structure upgrades,,true
,FMC-LEAD,(Holding Code),holding code,LEAD PAINT ABATEMENT & REMOVAL,,true
,GI-CON-AS,(Holding Code),holding code,GI - DPR ONSITE GREEN INFRASTRUCTURE ASPHALT,,true
,GI-GRANT,(Holding Code),holding code,GI - GREEN INFRASTRUCTURE GRANT PROGRAM,,true
,GI-NYCHA,(Completed),completed,GI - NYCHA GREEN INFRASTRUCTURE AT EDENWALD HOUSES - NO & SO,,false
,GQROWB-01,(Holding Code),holding code,GI - CONS OF ROW BIOSWALES & STORMWATER GREENSTREETS QUEENS,,true
,HBBA24181,(Pending),pending,"Replacement of WM Infra on E 188 Street, Bronx",,true
,HBX1103,(Pending),pending,,,true
,HED-545,(Completed),completed,CROTON FILTRATION PLANT,,false
,HED596,(Partner-managed),partner-managed,"Rplmt WMs on Shore Rd under Hutchinson Pkwy & City Isl, BX",,true
,HED598,(Pending),pending,"Dist WM in Sheridan Ave btwn E 153 St & 156 St, BX",,true
,HP-239-B,(Pre-Design),pre-design,RECONS SLUDGE HANDLING & EQUIPMENT @ HUNTS POINT WRRF,,true
,HP-3R,(Completed),completed,RECONSTRUCTION OF EXISTING DIGESTERS AT HUNTS POINT WPCP,,false
,ID21-PSLT,(Pre-Design),pre-design,Pump Station Long Term Upgrades post-Hurricane Ida,,true
,IN-CITYLS,(Holding Code),holding code,Agency Proposed Outyear Projects,,true
,JA-STAB,(Completed),completed,STABILIZATION PROGRAM AT JAMAICA WPCP,,false
,JFK-12,(Holding Code),holding code,WATER METER INSTALLATION AT JFK AIRPORT,,true
,JOC-10-L,(Job Order Contract),job order contract,JOB ORDER CONTRACTING WORK  IN VARIOUS REGIONS AT VAR. WPCPS,,true
,JOC-15BWS,(Job Order Contract),job order contract,Facilities Improvement Program,,true
,JOC-16-L,(Job Order Contract),job order contract,"JOB ORDER CONTRACTING WORK IN REGIONS NORTH, SOUTH & EAST",,true
,JOC-17-L,(Job Order Contract),job order contract,"JOB ORDER CONTRACTING WORK IN REGIONS NORTH, SOUTH & EAST",,true
,JOC-20-L,(Job Order Contract),job order contract,"JOB ORDER CONTRACTING WORK IN REGIONS NORTH, SOUTH & EAST",,true
,JOC-22-L,(Job Order Contract),job order contract,"JOB ORDER CONTRACTING WORK IN REGIONS NORTH, SOUTH & EAST",,true
,JOC-24-L,(Job Order Contract),job order contract,"JOB ORDER CONTRACTING WORK IN REGIONS NORTH, SOUTH & EAST",,true
,JOC-25-L,(Job Order Contract),job order contract,"JOB ORDER CONTRACTING WORK IN REGIONS NORTH, SOUTH & EAST",,true
,JOC-26-L,(Job Order Contract),job order contract,"JOB ORDER CONTRACTING WORK IN REGIONS NORTH, SOUTH & EAST",,true
,JOC-28-L,(Job Order Contract),job order contract,"JOB ORDER CONTRACTING WORK IN REGIONS NORTH, SOUTH & EAST",,true
,JOC-29-L,(Job Order Contract),job order contract,"JOB ORDER CONTRACTING WORK IN REGIONS NORTH, SOUTH & EAST",,true
,JOC-30-L,(Job Order Contract),job order contract,"JOB ORDER CONTRACTING WORK IN REGIONS NORTH, SOUTH & EAST",,true
,JOC-31-L,(Job Order Contract),job order contract,"JOB ORDER CONTRACTING WORK IN REGIONS NORTH, SOUTH & EAST",,true
,JOC-32-L,(Job Order Contract),job order contract,"JOB ORDER CONTRACTING WORK IN REGIONS NORTH, SOUTH & EAST",,true
,JOC-33-L,(Job Order Contract),job order contract,"JOB ORDER CONTRACTING WORK IN REGIONS NORTH, SOUTH & EAST",,true
,JOC-34-L,(Job Order Contract),job order contract,"JOB ORDER CONTRACTING WORK IN REGIONS NORTH, SOUTH & EAST",,true
,JOC-FMC4,(Job Order Contract),job order contract,Job Order Contract 2 - CIitywide,,true
,JOC-FMC7,(Job Order Contract),job order contract,Job Order Contract 2 - Citywide,,true
,JOC-FMC9,(Job Order Contract),job order contract,Job Order Contract 2 - Citywide,,true
,JOC-WSO24,(Job Order Contract),job order contract,BWSO Facilities Improvement Program Citywide,,true
,JOC-WSO25,(Job Order Contract),job order contract,BWSO Facilities Improvement Program Citywide,,true
,KEN-100,(Pre-Design),pre-design,Shaft 18 Traveling Screens & Other Work,,true
,LFK-RELO,(Holding Code),holding code,Lefrak Relocation,,true
,LSLRPBK01,(Pre-Design),pre-design,Lead Service Line Replacement Program in Brooklyn,,true
,LSLRPBX06,(Pre-Design),pre-design,Lead Service Line Replacement Program in the Bronx,,true
,MASPETH,(Holding Code),holding code,"RECONSTRUCTION OF BUILDING, MASPETH, QUEENS",,true
,MED677,(Partner-managed),partner-managed,"WM work in 10th Ave, Union Sq E,  FDR Drive, MN",,true
,MED680,(Partner-managed),partner-managed,"Dist & Trunk WM in Broadway btwn W 60 ST & W 64 ST, MN",,true
,MED681,(Partner-managed),partner-managed,"Dist WM work in W 34 St from 7th to 9th Ave, MN",,true
,MED693,(Partner-managed),partner-managed,"Rplmt of SE & Dist WM on 10 Ave btwn Dyckman At & 206 St, MN",,true
,MED695,(Partner-managed),partner-managed,Future of the Fifth: 5th Ave bt. 40 st and 63 st,,true
,MGNWYHR,(Partner-managed),partner-managed,Outfall Reconstruction-Manhattan Greenway Harlem River,,true
,MIBBNC002,(Pending),pending,,,true
,MIBBNC05B,(Partner-managed),partner-managed,Instal New Storm SE & Rplmt San SE & Dist WM Hylan Blvd SI,,true
,MONIT-13,(Completed),completed,FAD 13-17 Monitoring,,false
,MONIT-18,(Job Order Contract),job order contract,FAD MONITORING,,true
,MOTTBASIN,(Partner-managed),partner-managed,NDF - Mott Basin Betterment with EDC -Far Rockaway,,true
,MS4-GRANT,(Holding Code),holding code,GREEN INFRASTRUCTURE GRANT PROGRAM - MS4 PROJECTS,,true
,MS4-STORM,(Holding Code),holding code,MS4 CITYWIDE STORMWATER MANAGEMENT PROGRAM,,true
,NR-124,(Pre-Design),pre-design,Installation of Gas Conditioning System at North River WRRF,,true
,NYSDOTBRG,(Holding Code),holding code,"NYS DOT Bridges El Grant, Jesup, Nelson, Depot, Boston Road",,true
,PR-139-L,(Pre-Design),pre-design,RECONSTRUCT AERATION EQUIPMENT @ THE PORT RICHMOND WWTP,,true
,PS179,(Pre-Design),pre-design,REHAB 179 ST PS/CONST MULTIPLE PS IN TOWER AREA,,true
,PS-285,(Completed),completed,RIKERS ISLAND NORTH AND SOUTH PUMPING STATION,,false
,PS-301,(Pre-Design),pre-design,RECONSTRUCTION AT BQE PUMPING STATION,,true
,PS-307,(Pre-Design),pre-design,RECONSTRUCTION AT SAPPHIRE STREET PUMPING STATION,,true
,PS-308,(Pre-Design),pre-design,RECONSTRUCTION AT METCALF AVENUE PUMPING STATION,,true
,PS-317F,(Partner-managed),partner-managed,Reconstruction of Forcemain at Victory Blvd Pumping Station,,true
,PS-321,(Pre-Design),pre-design,"RECONSTRUCTION OF LITTLE NECK PUMPING STATION, QUEENS, N.Y.",,true
,PS-348,(Pending),pending,REHABILITATION OF DAMAGED NORTH RIVER INTERCEPTOR,,true
,PS-79,(Completed),completed,"RECONSTRUCT AVE ""V"" PUMPING STATION",,false
,PS-FDR,(Pre-Design),pre-design,REHABILITATION OF FDR PUMPING STATION,,true
,PS-FORCEM,(Holding Code),holding code,Rehabilitation of Forcemains Systemwide,,true
,PS-MRBHLL,(Pre-Design),pre-design,DESIGN BUILD RECONS AT MARBLE HILL PUMPING STATION,,true
,PS-REG,(Holding Code),holding code,"Rehabilitation of Regulators, Tide Gates & Interceptors Syst",,true
,PW-CBS,(Pre-Design),pre-design,REPLACEMENT OF CHEMICAL BULK STORAGE TANKS PLANT- WIDE,,true
,PW-EMSN,(Holding Code),holding code,Fugitive Emissions Mitigation Systemwide,,true
,PW-SCADA,(Holding Code),holding code,Installation of New SCADA System at Various DEP Facilities,,true
,QED-1053,(Partner-managed),partner-managed,Trunk Water Main Replacement in Rockaway Blvd,,true
,QED1058,(Partner-managed),partner-managed,"Dist WM in Francis Lewis Blvd from Weeks Ln to 53 Ave, QNS",,true
,QNSREPAIR,(Holding Code),holding code,REHABILITATION OF QUEENS REPAIR FACILITY,,true
,R-151-L,(Pre-Design),pre-design,DESIGN BUILD RECONS FENDER & BULKHEAD AT THE ROCKAWAY WPCP,,true
,R-153-L,(Pre-Design),pre-design,RECONSTRUCT FINAL SETTLING SYSTEM @ ROCKAWAY WWTP,,true
,RED-384,(Partner-managed),partner-managed,"TRUNK AND DISTRIBUTION WATER MAIN IN FRONT ST, SI",,true
,RED391A,(Partner-managed),partner-managed,"Rplmt Upgrade WM & SE Infra Westervelt Ave Phase A, SI",,true
,RIDGEPIPE,(Partner-managed),partner-managed,RIDGEWOOD RESERVOIR PIPE ABANDONMENT,,true
,SAND26W,(Pre-Design),pre-design,STORM MITIGATION WORK ATTHE 26TH WARD WPCP,,true
,SANDCI,(Pre-Design),pre-design,STORM MITIGATION WORK ATTHE CONEY ISLAND WPCP,,true
,SANDNR,(Pending),pending,STORM MITIGATION WORK ATTHE NORTH RIVER WPCP,,true
,SANDOB,(Pre-Design),pre-design,RECONS OF THE OAKWOOD BEACH WPCP  DUE TO HURRICANE SANDY,,true
,SANDOH,(Pre-Design),pre-design,STORM MITIGATION WORK AT THE OWLS HEAD WPCP (HMP),,true
,SANDPUMP,(Holding Code),holding code,RECONS OF VARIOUS PUMPING STATIONS  DUE TO HURRICANE SANDY,,true
,SANDROCK,(Pre-Design),pre-design,RECONS OF THE ROCKAWAY WPCP  DUE TO HURRICANE SANDY,,true
,SANDWPCPS,(Holding Code),holding code,RECONS OF WPCPS AND PUMPING STATIONS DUE TO HURRICANE SANDY,,true
,SE842AB,(Partner-managed),partner-managed,Install Storm Sanitary SEs and WM on 224 & 223 St in Queens,,true
,SE883,(Partner-managed),partner-managed,Storm & Comb Sanitary SE Construction in Cropsey Ave BKLYN,,true
,SE886MOTT,(Partner-managed),partner-managed,"NDF -- Storm & Sanitary Sewers in Mott Basin, Beach Channel",,true
,SE-887,(Pending),pending,,,true
,SEBLQX02,(Partner-managed),partner-managed,Reconstruction of existing sewers from backlog QN & BX,,true
,SEED-TBDL,(Partner-managed),partner-managed,COY: Tibbets Brook Daylighting,,true
,SEH20051,(Partner-managed),partner-managed,UPGRADING SE ON COLGATE AV BWT BRONX RIVER & LAFAYETTE AV,,true
,SEK002387,(Partner-managed),partner-managed,"Repair of CSO Outfall on Williams Avenue, BKLYN",,true
,SEK002388,(Partner-managed),partner-managed,Upgrade sewers on Ave L between Ocean & Bedford avenue BKLYN,,true
,SEK002392,(Partner-managed),partner-managed,Install of combined sewers & dist WM work along  3rd Ave MH,,true
,SEK002397,(Partner-managed),partner-managed,"Upgrade Combined SE on Knickerbocker Av, Central & Wilson St",,true
,SEK20087,(Partner-managed),partner-managed,"Stormwater Tier 3, 86th St & Bay Pkwy, BK",,true
,SEK20091,(Partner-managed),partner-managed,Prospect Park BMP bound by Prospect Park W & Eastern Pkwy BK,,true
,SEN20022,(Partner-managed),partner-managed,CONS OF HLSS SYSTEM LENOX AV BTW CENTRAL PARK N & W125 ST,,true
,SEQ002719,(Partner-managed),partner-managed,"Rplmt & Install Comb SE, outfall, & BBL-16 Reg Upgrade, QNS",,true
,SEQ200616,(Partner-managed),partner-managed,"Const of SE & WM along Kissena Blvd btw Peck & 56 Ave, QN",,true
,SEQGI-01,(Partner-managed),partner-managed,SEQ - CONSTRUCTION OF GREEN INFRASTRUCTURE SOUTHEAST QUEENS,,true
,SER002331,(Partner-managed),partner-managed,"Dist WM & San Storm SE Rplmt work in Rice Ave, SI",,true
,SER200199,(Partner-managed),partner-managed,"STRM & SAN SEWER IN LAMOKA AV, LOVELACE AV, GENESSE AV, ETC",,true
,SER200256,(Partner-managed),partner-managed,Extension & Replacmt of San Sewers in Victory Blvd SI,,true
,SER200265,(Partner-managed),partner-managed,Storm SE Ext in Park Dr N btwn Rivington Ave & Plymouth Rd,,true
,SER200285,(Pending),pending,,,true
,SHRSDP,(Pre-Design),pre-design,Sewer Heat Recovery System Development Project Citywide,,true
,SISEAWL-1,(Partner-managed),partner-managed,US Army Corps SI Seawall Project,,true
,STMEOH-25,(Completed),completed,FAD 23-27 Stormwater Mgmt. (EOH),,false
,STREAM-25,(Job Order Contract),job order contract,FAD 23-27 STREAM MANAGEMENT,,true
,UTIUTIL,(Partner-managed),partner-managed,UTILITY RELOCATION FOR SE AND WM PROJECTS,,true
,WCR-GRANT,(Holding Code),holding code,Water Conservation and Reuse Grant Pilot Program,,true
,WI-279-L,(Pre-Design),pre-design,INSTALLATION OF EMERGENCY GENERATORS AT WARDS ISAND WPCP,,true
,WI-305,(Pre-Design),pre-design,RECONSTRUCTION OF FENDER @ WARDS ISLAND WPCP,,true
,WI-EXP,(Completed),completed,INTERIM FAC & UPGRADING AT WARDS ISLAND WPCP,,false
,WPSOGR,(Holding Code),holding code,Holding Code- Small SOGR for BWT Projects,,true
,WSRRF-102,(Pre-Design),pre-design,"Upgrade Grand Gorge,T'ville, G'ville and Pine Hill WSRRF's",,true
,WWMGT-18,(Job Order Contract),job order contract,FAD 18-22 COMMUNITY WASTEWATER MGMT.,,true
537,CAT-431,Design,design,CAT-431 - THE RECONSTRUCTION OF THE LOWER CATSKILL AQUEDUCT,2034-07-04T00:00:00.000,true
538,CAT-523,Design,design,CAT-523 - Rehabilitation of the Catskill Aqueduct Wallkill Blow-off Chamber,2031-02-06T00:00:00.000,true
539,DEP-DRA,Close-out,close-out,BT-2 - Bypass Tunnel Construction - CDA-BT2/Tunnel,2025-12-05T00:00:00.000,true
540,CAT-399,Construction,construction,CAT-399 - Hudson River Drainage Chamber Rehabilitation,2031-02-13T00:00:00.000,true
541,CAT-427,Design,design,CAT-427  Catskill Aqueduct Poor Farm Arch Phase 2 Stabilization,2032-07-26T00:00:00.000,true
542,CAT-452,Construction Procurement,construction procurement,CAT-452 - Rehabilitation of Five (5) Catskill Aqueduct Chambers,2029-07-31T00:00:00.000,true
543,CAT-477,Design,design,CAT-477 Catskill Aqueduct Pressure Tunnels,2034-09-29T00:00:00.000,true
544,DEL-194,Construction Procurement,construction procurement,DEL-194 - Reconstruction of Merriman Dam Spillway,2033-08-31T00:00:00.000,true
545,DEL-260,Close-out,close-out,DEL-260 - Shaft 18 DA Kensico Electrical and HV Upgrade,2023-06-07T00:00:00.000,true
546,DEL-397,Construction,construction,DEL-397 Riser Valve Control Systems at DA Chambers,2027-03-13T00:00:00.000,true
547,C540,Pre-Design,pre-design,508C - City Tunnel No. 3 Connection to Brooklyn Shaft Chamber,,true
548,C540,Construction,construction,"C547A - City Tunnel No.3, Stage 2 in Queens and Brooklyn, Construction of Shaft 17B and 18B",2028-04-22T00:00:00.000,true
549,C540,Construction Procurement,construction procurement,"C547B - Installation of Equipment and Appurtenances for Shaft 17B and 18B, City Tunnel No. 3, Stage 2 in Queens",2033-11-19T00:00:00.000,true
550,CT3CORR,Design,design,CT3CORR - Design Services for Investigation and Remediation of Corrosion in Water Tunnel Facilities,2031-01-23T00:00:00.000,true
552,KENS-EAST,Construction,construction,"KEC-1 - Tunnel, Shafts & Kensico Rock Excavation",2031-05-27T00:00:00.000,true
553,KENS-EAST,Construction,construction,KEC-2 - Kensico Site Preparation,2027-03-01T00:00:00.000,true
554,KENS-EAST,Construction Procurement,construction procurement,KEC-3 - KEC Buildings,2035-04-01T00:00:00.000,true
555,KENS-EAST,Construction Procurement,construction procurement,KEC-6 - Shoreline Stabilization,2031-11-13T00:00:00.000,true
556,KENS-EAST,Construction Procurement,construction procurement,KEC-7 - Wetland Mitigation,2031-08-12T00:00:00.000,true
557,NCMCCSG,Construction Procurement,construction procurement,NCMCCSG - New Clove Pumping Station - Electrical Distribution System Upgrade,2032-01-13T00:00:00.000,true
558,CAT-213,Design,design,"CAT-213BWS - Reconstruction of the Dividing Weir Bridge, Dividing Weir, & Ashokan Spillway",2034-10-06T00:00:00.000,true
559,CAT-213,Design,design,CAT-213OBD - Olive Bridge Dam & Ashokan Dikes,2033-03-28T00:00:00.000,true
560,CAT-213,Design,design,CAT-213OS - Ashokan Reservoir Building,,true
561,CAT-252,Close-out,close-out,CAT-252 - Replacement of the Esopus & Route 28A Railroad Bridges,2025-12-26T00:00:00.000,true
562,CRO-208B,Design,design,CRO-208B - Reconstruction of the New Croton Dam,2032-12-08T00:00:00.000,true
563,CRO-509,Pre-Design,pre-design,CRO-509 - Arcady Road Reconstruction,,true
564,CRO-530,Construction,construction,CRO-530B - Replacement of the Baptist Church Road Bridge,2026-12-11T00:00:00.000,true
565,CRO-534,Construction,construction,CRO-534 - West Branch Auxiliary Dam Slope Safety Improvements,2026-10-11T00:00:00.000,true
566,CRO-536,Design,design,CRO-536 - Cross River and Croton Falls Dam Refacing,2030-02-15T00:00:00.000,true
567,CAT-213,Close-out,close-out,CAT-213F - Chemical Addition Facility at Pleasantville Alum Plant,2022-03-28T00:00:00.000,true
568,C519,Construction,construction,HVR-210 - Hillview Reservoir Chemical Addition Facilities,2030-05-07T00:00:00.000,true
569,C519,Design,design,HVR-230 - Hillview Reservoir Flow Control Improvements,2033-07-22T00:00:00.000,true
570,SANDHILLV,Close-out,close-out,HVR-300 - Hillview Reservoir Security Fence Improvements,2024-08-20T00:00:00.000,true
571,JRAQ-REH,Construction,construction,JRAQ-REH - Jerome Reservoir and Aqueduct Rehabilitation,2027-11-30T00:00:00.000,true
572,RESAMSAF,Construction Procurement,construction procurement,RESAMSAF-CP - In-City Dam Rehabilitation Central Park,2030-06-07T00:00:00.000,true
573,RESAMSAF,Construction Procurement,construction procurement,RESAMSAF-SL - In-City Dam Rehabilitation Silver Lake Reservoir,2029-05-08T00:00:00.000,true
574,CAT-212,Close-out,close-out,CAT-212C - Schoharie Reservoir Low Level Outlet,2026-10-05T00:00:00.000,true
575,CAT-212,Construction,construction,CAT-212E - Gilboa Dam Site Restoration,2028-05-08T00:00:00.000,true
576,CAT-475,Construction Procurement,construction procurement,CAT-475 - HLO Installation at GIlboa Dam & Crest Gate Removal,2029-11-13T00:00:00.000,true
578,CS-BX-LTP,Construction,construction,CSO-BXR Bronx River CSO Reduction,2026-09-29T00:00:00.000,true
579,PJ-PLNT,Design,design,DEL-209 - Reconstruction of the Port Jervis Wastewater Treatment Plant,2030-10-07T00:00:00.000,true
580,OB-133-L,Construction,construction,OB-133-L - Oakwood Beach WWTP Sludge Thickening Improvements,2028-01-15T00:00:00.000,true
581,OB-134-L,Construction,construction,OB-134-L - Oakwood Beach WWTP Power Distribution Improvements,2029-07-14T00:00:00.000,true
582,OB-135-L,Construction Procurement,construction procurement,OB-135-L - Oakwood Beach WWTP Headworks Improvements,2030-01-09T00:00:00.000,true
583,OB-136-L,Construction,construction,OB-136-L - Oakwood Beach WWTP EO-2022 Upgrades,2029-10-15T00:00:00.000,true
584,PR-138-L,Construction,construction,PR-138-L - Reconstruct Main Sewage Pump Controls at Port Richmond WWTP,2027-07-17T00:00:00.000,true
585,PS-284,Construction,construction,PS-284 - Reconstruction of Clearview Pump Station,2026-12-31T00:00:00.000,true
586,TI-167-L,Pre-Design,pre-design,TI-167-L - Bulkhead & Dock Improvemts,,true
587,TI-168-L,Construction,construction,TI-168-L - Headworks Improvements,2027-06-25T00:00:00.000,true
588,TI-169-L,Construction,construction,TI-169-L - Power Distribution Improvements,2028-07-31T00:00:00.000,true
589,TI-5,Close-out,close-out,TI-5 - Tallman Island Landscaping and Miscellaneous Site Work,2023-03-29T00:00:00.000,true
591,CS-GC-SFS,Close-out,close-out,CSO-GC-SUPER-OH-CP1 - Owls Head CSO Facility- Demolition and Site Preparation,2025-05-19T00:00:00.000,true
592,CS-GC-SFS,Construction,construction,CSO-GC-SUPER-OH-CP2 - Owls Head CSO Facility- Excavation and Foundation,2027-07-29T00:00:00.000,true
593,CS-GC-SFS,Construction Procurement,construction procurement,CSO-GC-SUPER-OH-CP3 - Owls Head CSO Facility- Structures and Conveyance,2029-09-06T00:00:00.000,true
594,HP-254-L,Construction,construction,HP-254 Installation of Dechlorination System at Hunts Point WRRF,2028-10-21T00:00:00.000,true
595,OB-144-L,Construction,construction,OB-144 Installation of Dechlorination Systems at Oakwood Beach WWTP,2026-11-30T00:00:00.000,true
596,OH-112-L,Construction Procurement,construction procurement,OH-112: Reconstruction of the Main Sewage Pumps System at Owl's Head WRRF,2032-11-05T00:00:00.000,true
597,OH-91-L,Close-out,close-out,OH-91 - Reconstruction of the West and North Docks at the OH WWTP,2024-02-28T00:00:00.000,true
598,OH-92-L,(Completed),completed,OH-92 Installation of Dechlorination Systems at Owl's Head WWTP,2022-06-30T00:00:00.000,false
599,PS-286,Design,design,PS-286 - ST Albans Pumping Station,2028-06-28T00:00:00.000,true
600,PS-293,Design,design,PS-293 - Reconstruction at Howard Beach Pumping Station,2031-11-15T00:00:00.000,true
601,PS-304,Construction,construction,PS-304 - Reconstruction at Glendale Pumping Station,2027-06-25T00:00:00.000,true
602,BB-215-L,Close-out,close-out,BB-215-L - Power Distribution at Bowery Bay WWTP,2025-06-01T00:00:00.000,true
603,BB-216-L,Construction,construction,BB-216-L - Reconstruction Of Primary Tanks at Bowery Bay WPCP,2028-09-16T00:00:00.000,true
605,NR-108-L,Design,design,NR-108-L - North River WRRF- Interior Structural and Drainage Improvements,2033-04-25T00:00:00.000,true
606,NR-111-L,Construction,construction,NR-111-L - North River WWTP Primary Treatment Improvements,2030-12-10T00:00:00.000,true
607,NR-115-L,Design,design,NR-115-L - Reconstruct Power Distribution Equipment at North River WWTP,2032-11-12T00:00:00.000,true
608,NR-COGEN,Construction,construction,NR-38 - North River WWTP Cogeneration and Electrification,2026-07-01T00:00:00.000,true
609,NR-COGEN,Close-out,close-out,NR-44 - Riverbank State Park Feeder Separation,2025-05-17T00:00:00.000,true
610,NR-STRUCT,Design,design,NR-STRUCT: North River WWTP Structural Improvements Program,2030-10-04T00:00:00.000,true
611,OH-88-L,Construction Procurement,construction procurement,OH-88-L - Owls Head WWTP Final Settling System Rehabilitation,2031-09-25T00:00:00.000,true
612,PR-134-L,Construction,construction,PR-134-L - Reconstruct Final Settling System Equipment at Port Richmond,2030-06-07T00:00:00.000,true
613,PS-277,Construction,construction,PS-277 - Reconstruction at 108 Street Pumping Station,2028-09-18T00:00:00.000,true
614,PS-290,Design,design,PS-290 - Connor Street Pumping Station,2031-05-19T00:00:00.000,true
615,PS-296,Construction,construction,PS-296 - Reconstruction at Melvin Pumping Station,2026-09-15T00:00:00.000,true
616,PS-313,Close-out,close-out,PS-313 - Reconstruction of 235TH Street Pumping Station,2026-07-30T00:00:00.000,true
617,PS-317,Construction,construction,PS-317 - Reconstruction Victory Blvd Pumping Station Staten Island,2027-01-31T00:00:00.000,true
618,PS-324,Construction,construction,"PS-324 - Reconstruction of Canal Street Pumping Station, Manhattan",2028-09-15T00:00:00.000,true
619,PS-288,Construction,construction,PS-BX - Reconstruction of 233rd Street and 154th Street PSs,2028-08-08T00:00:00.000,true
619,PS-291,Construction,construction,PS-BX - Reconstruction of 233rd Street and 154th Street PSs,2028-08-08T00:00:00.000,true
620,PS-278,Construction,construction,"PS-QNS 2 - Reconstruction of Little Neck, Linden Place, and Park Drive East PSs",2028-12-02T00:00:00.000,true
620,PS-292,Construction,construction,"PS-QNS 2 - Reconstruction of Little Neck, Linden Place, and Park Drive East PSs",2028-12-02T00:00:00.000,true
621,PS-295,Construction,construction,"PS-SI - Reconstruction of Mersereau, Richmond Ave and Mayflower Ave PSs",2028-10-10T00:00:00.000,true
621,PS-322,Construction,construction,"PS-SI - Reconstruction of Mersereau, Richmond Ave and Mayflower Ave PSs",2028-10-10T00:00:00.000,true
621,PS-323,Construction,construction,"PS-SI - Reconstruction of Mersereau, Richmond Ave and Mayflower Ave PSs",2028-10-10T00:00:00.000,true
622,CI-119-L,Close-out,close-out,CI-119 - Replacement of the Main Sewage Pumps System at Coney Island WWTP,2026-02-11T00:00:00.000,true
623,HP-238-L,Construction,construction,HP-238-L - Replacement of The Digester at The Hunts Point WWTP,2026-09-15T00:00:00.000,true
624,JA-179-L,Construction,construction,JA-179-L - Jamaica Emergency Generators Upgrade,2026-10-31T00:00:00.000,true
625,PR-132-L,Design,design,PR-132-L - Reconstruction of Sea Wall/Sludge Dock Improvements,2030-05-15T00:00:00.000,true
626,PR-135-L,Construction,construction,PR-135-L - Reconstruct Power Distribution Equipment at Port Richmond,2029-05-14T00:00:00.000,true
627,RO-2,Design,design,RO-2 - Replace Main Sewage Pumps at Rockaway WPCP,2031-07-25T00:00:00.000,true
628,WI-284-L,Construction,construction,WI-284-L - Reconstruction of Primary Tanks at Wards Island WRRF,2026-10-16T00:00:00.000,true
629,WI-292-L,Construction Procurement,construction procurement,WI-292-L - Reconstruction of Power Distribution at Wards Island WWTP,2031-06-22T00:00:00.000,true
630,CSO-FC-DF,Design,design,CSO-FC-DF - Flushing Creek CSO Disinfection Project,2030-04-08T00:00:00.000,true
631,CSO-HR-DF,Design,design,CSO-HR-DF - CSO Hutchinson River Disinfection Facility,2033-05-05T00:00:00.000,true
632,CS-NC-EKE,Construction,construction,CSO-NC-4 - Borden Avenue Pump Station Upgrade,2026-11-03T00:00:00.000,true
633,CS-NC-BAP,Design,design,CSO-NC-BAPS - Borden Avenue Pump Station Expansion,2031-11-22T00:00:00.000,true
634,CS-NC-CST,Design,design,CSO-NC-TUN - Newtown Creek CSO Storage Tunnel,2029-09-01T00:00:00.000,true
635,PS-236A,Construction,construction,PS-236A - Throgs Neck Pumping Station Rehabilitation and Improvements,2027-03-31T00:00:00.000,true
637,PS-276,Construction,construction,PS-276 - Hannah Street Pumping Station,2027-07-30T00:00:00.000,true
641,BB-239-L,Construction,construction,Installation of Waste Activated Sludge Pumps,2027-06-30T00:00:00.000,true
642,CI-113-L,Design,design,Replacement of Switchgear at Coney Island WRRF,2032-12-31T00:00:00.000,true
643,CI-142-L,Construction,construction,Installation of Blower Control Panels,2027-01-14T00:00:00.000,true
645,HP-247-L,Construction,construction,Upgrade of the Fire Alarm System in the Hunts Point Dewatering Facility,2026-12-02T00:00:00.000,true
647,J-191-L,Construction,construction,Reconstruction of Existing Chiller System at the Jamaica Wastewater Treatment Plant,2026-07-07T00:00:00.000,true
652,OB-149-L,Construction Procurement,construction procurement,Reconstruction of Dewatering Fire Alarm System,2032-06-30T00:00:00.000,true
653,OH-95-L,Construction Procurement,construction procurement,Main Substation Replacement,2030-06-30T00:00:00.000,true
655,PR-144-L,(Cancelled),cancelled,RECONSTRUCT BLOWERS CONTROLS @ PORT RICHMOND WPCP,2030-06-30T00:00:00.000,false
656,PR-151-L,Construction,construction,Replacement of Aeration Tank Actuators and Gates,2028-09-19T00:00:00.000,true
661,RO-ODOR,Design,design,Installation of Odor Mitigation Systems,2032-06-30T00:00:00.000,true
663,WI-298-B,Construction,construction,CONVERSION OF SHARON DEMO @ WARDS ISLAND,2028-09-25T00:00:00.000,true
664,WI-308-L,Construction,construction,City Water Main,2026-08-31T00:00:00.000,true
665,WI-311-L,Construction,construction,Digester Rehabilitation,2028-12-30T00:00:00.000,true
666,WI-318-L,Construction,construction,Reconstruction of Resistor Banks for MSPs 2 & 6,2026-09-30T00:00:00.000,true
667,WI-323-L,Construction Procurement,construction procurement,Cone Check Actuator for MSP,2032-06-30T00:00:00.000,true
668,CAT-454,Close-out,close-out,Grand Gorge & Tannersville WRRF Roof Reconstructions,2026-04-24T00:00:00.000,true
669,CAT-521,Design,design,Ashokan North Garage Floor,2027-05-21T00:00:00.000,true
670,CRO-557,Construction,construction,Waterfowl Management Program Building,2026-06-01T00:00:00.000,true
671,CRO-570,Design,design,Dunwoodie Field Operations Shop,2028-12-31T00:00:00.000,true
672,CRO-590,Construction,construction,"Jerome Park Reservoir (JPR) Sluice Gates, Screens, & Crane",2027-10-15T00:00:00.000,true
673,CRO-594,Design,design,CAT.DEL UV Foundation Drains,2027-06-01T00:00:00.000,true
674,CRO-624,Construction,construction,Kensico Lab reconstruction as EoH HQ Office,2025-12-19T00:00:00.000,true
675,DEL-415,Construction Procurement,construction procurement,Valve Replacements at East Delaware Release Chamber (EDRC),2031-09-15T00:00:00.000,true
676,CRO-558,Design,design,Aqueduct Restoration at Lake Street - EOH,2026-12-18T00:00:00.000,true
678,WFF-CPR,Construction Procurement,construction procurement,WATER EFICIENCY UPGRADES AT CENTRAL PARK RECIRCULATION,2027-12-31T00:00:00.000,true
682,SEQ-DKWPK,Construction Procurement,construction procurement,Installation of Green Infrastructure within Det. Keith Williams Park,2025-12-15T00:00:00.000,true
685,GI-CONS-1,Construction,construction,Green Infrastrucure retrofits at 31 DPR sites and 1 NYCHA site,2025-11-05T00:00:00.000,true
686,GI-CONS-2,Construction,construction,Green Infrastrucure retrofits at 19 DPR sites,2025-10-21T00:00:00.000,true
687,GI-TIBBET,Construction Procurement,construction procurement,Tibbetts Brook Daylighting,2029-02-16T00:00:00.000,true
688,FCWET,Design,design,CONSTRUCTION OF FLUSHING CREEK WETLAND PROJECT,2026-04-15T00:00:00.000,true
693,GKOH15-1A,Design,design,GI - CONS OF GI IN GRAVESEND BAY CSO TRIB AREA OH-15 PHASE 1,2026-06-21T00:00:00.000,true
694,GKOH15-3A,Design,design,GI - CONS OF GI IN GRAVESEND BAY CSO TRIB AREA OH-15 PHASE 3,2025-06-20T00:00:00.000,true
4416,PS-323,Construction Procurement,construction procurement,"RECONSTRUCT RICHMOND AVENUE PUMPING STATION, STATEN ISLAND",2027-08-18T00:00:00.000,true
4741,NC-180-L,Construction,construction,Replacement of Emergency Generators at Newtown Creek WRRF,2027-03-30T00:00:00.000,true
4742,BB-236-L,Construction Procurement,construction procurement,RECONSTRUCTION OF GRIT WASHERS @ THE BOWERY BAY WWTP,2031-06-30T00:00:00.000,true
4743,HP-242-L,Construction,construction,RECONSTRUCTION OF SEAWALL/SLUDGE LOADING DOCK AT HUNTS POINT,2027-07-08T00:00:00.000,true
4744,HP-253-L,Design,design,Reconstruction of Main Sewage Pump Controls at Hunts Point WRRF,2033-12-07T00:00:00.000,true
4745,NC-179,Construction Procurement,construction procurement,INSTALLATION OF 2ND GAS HOLDER @NEWTOWN CREEK WRRF,2028-08-31T00:00:00.000,true
4746,PW-FOAM,Pre-Design,pre-design,Replacement of Spread Foam Insulation over Digester & Thickeners at Owls Head & Port Richmond WRRFs,,true
4747,RH-94-L,Construction,construction,INSTALLATION OF CONTROL PANELS FOR CENTRIFUGE @ RED HOOK,2027-06-30T00:00:00.000,true
4748,RH-097,Construction,construction,"Replacement of MCC Buckets, Wires & Conduits for the FTs at Red Hook WRRF",2028-01-25T00:00:00.000,true
4749,LSLRPBX1,Close-out,close-out,"Lead Service line replacement Program Area A, Bronx",2025-11-12T00:00:00.000,true
4750,LSLRPBX2,Construction,construction,"Lead Service line replacement Program Area B, Bronx",2026-02-12T00:00:00.000,true
4751,LSLRPBX3,Close-out,close-out,"Lead Service line replacement Program Area E, Bronx",2025-11-19T00:00:00.000,true
4752,BWSOREI26,Construction procurement,construction procurement,Catch Basin Modernization,2028-10-01T00:00:00.000,true
4752,CB-KR25,Construction procurement,construction procurement,Catch Basin Modernization,2028-10-01T00:00:00.000,true
4752,CB-QE25,Construction procurement,construction procurement,Catch Basin Modernization,2028-10-01T00:00:00.000,true
4752,CB-QW25,Construction procurement,construction procurement,Catch Basin Modernization,2028-10-01T00:00:00.000,true
4752,CB-X25,Construction procurement,construction procurement,Catch Basin Modernization,2028-10-01T00:00:00.000,true
4753,NCA24A,Pre-Design,pre-design,Demolition of NCA Shaft 24 Blow-Off Chamber,,true
4754,JPSCOMPEH,Pre-Design,pre-design,Rehabilitation of Jerome Pumping Station Complex,,true
4755,WSRRF-100,Design,design,Port Jervis WRRF Bio Solids Handling Reed Bed Project,2026-05-01T00:00:00.000,true
4756,CRO-452,Construction,construction,WWTP Cyclical Equipment Replacement,2027-06-30T00:00:00.000,true
4757,WFF-IGAS,Construction,construction,WFF-Intergovernmental Agreement,2029-06-30T00:00:00.000,true
4758,GI-CD11,Pre-Design,pre-design,GI-CD11,,true
4759,GI-CONS-3,Close-out,close-out,GI-CONS-3,2026-08-21T00:00:00.000,true
4760,GI-CONS-4,Design,design,GI-CONS-4,2030-05-31T00:00:00.000,true
4761,GI-CONS-5,Construction,construction,GI-CONS-5,2027-03-01T00:00:00.000,true
4762,GI-CONS-6,Design,design,GI-CONS-6,2030-05-31T00:00:00.000,true
4763,GI-CONS-7,Design,design,GI-CONS-7,2030-05-31T00:00:00.000,true
4764,NC-GATEGP,Construction,construction,Newtown Creek Gateway to Greenpoint,2026-02-01T00:00:00.000,true
4765,CAT-379,Pre-Design,pre-design,BPS Renovation,,true
4766,HVR-500,Design,design,Hillview Police Precinct,2029-06-30T00:00:00.000,true
4767,CAT-515,Construction Procurement,construction procurement,Hudson River Drainage Chmb Bridge IGA,2028-04-18T00:00:00.000,true
5488,JA-187,Design,design,HP-253 JA-187: Replacement of Variable Frequency Drives for Main Sewage Pumps at Hunts Point and Jamaica WRRFs,2033-12-07T00:00:00.000,true
5489,NC-173,Design,design,Installation of Gravity Belt Thickeners at Newtown Creek WRRF,2029-05-27T00:00:00.000,true
5490,WI-324-L,Construction Procurement,construction procurement,Replacement of Digas Pipe (to Flare) at Wards Island WRRF,2031-06-30T00:00:00.000,true
5491,26W-144-L,Design,design,26W-144 - 26th Ward Centrifuge Replacement,2032-09-10T00:00:00.000,true
5492,26W-156-L,Design,design,26W-156-L - Replace Waste Activated Sludge Piping at 26th Ward WPCP,2032-03-13T00:00:00.000,true
5493,BB-220-L,Design,design,BB-220-L - Replacement of Existing Emergency Generators at Bowery Bay,2032-04-24T00:00:00.000,true
5494,CAN-HYDRO,Design,design,CAN-HYDRO - Development of Hydroelectric Power at Cannonsville Dam,2032-06-02T00:00:00.000,true
5495,CAT-506,Design,design,CAT-506 - Watershed WSRRFs RBC Replacements,2030-10-31T00:00:00.000,true
5496,CAT-507,Design,design,CAT-507 - Watershed WSRRFs Microfiltration Replacement,2032-06-21T00:00:00.000,true
5497,CAT-511,Design,design,CAT-511 - Tannersville WSRRF Collection System Repairs,2032-01-08T00:00:00.000,true
5498,CRO-553B,Pre-Design,pre-design,CRO-553B - BWS Class C Dams,,true
5499,CRO-586,Design,design,CRO-586 - Amawalk Dam Improvements and Reconstruction of Amawalk Training Walls,2033-04-30T00:00:00.000,true
5500,CRO-587,Design,design,CRO-587-Dam Stability Improvements at West Branch and Boyds Corner Reservoirs,2031-09-30T00:00:00.000,true
5501,CRO-636,Design,design,CRO-636 - Hillview South Connecting Conduit (SCC) Repair,2032-01-03T00:00:00.000,true
5502,DEL-359V,Design,design,"DEL-359-V - Shaft 4 48"" Valve Replacement",2031-06-28T00:00:00.000,true
5503,HP-239-L,Design,design,HP-239A - Reconstruct Sludge Handling Equipment at Hunts Point WRRF,2031-08-17T00:00:00.000,true
5504,NR-117-L,Design,design,NR-117-L - Assessment of Fire Protection System at the North River WWTP,2033-02-20T00:00:00.000,true
5505,NR-129,Design,design,NR-129 - Main Sewage Pumps and North River WRRF,2035-01-26T00:00:00.000,true
5506,NR-GBT-L,Design,design,NR-GBT - Gravity Belt Thickeners at the North River WRRF,2031-08-29T00:00:00.000,true
5507,OB-143-L,Design,design,OB-143 - Dewatering Expansion at Oakwood Beach WRRF,2034-03-20T00:00:00.000,true
5508,OH-123,Design,design,OH-123 - Gravity Belt Thickeners at the Owls Head WRRF,2031-11-09T00:00:00.000,true
5509,PS-287,Design,design,PS-287 - Eltingville Pumping Station,2031-04-28T00:00:00.000,true
5510,PS-289,Design,design,PS-289 - 19TH Street Pumping Station,2031-06-28T00:00:00.000,true
5511,PS-316,Construction Procurement,construction procurement,PS-316 - Reconstruction of Avenue U Pumping Station,2031-11-24T00:00:00.000,true
5512,PS-318,Construction Procurement,construction procurement,"PS-318 - Reconstruction of Paerdegat Pumping Station, Brooklyn, NY",2030-03-30T00:00:00.000,true
5513,R-156-L,Design,design,R-156-L - Reconstruction Power Distribution Equipment at Rockaway WWTP,2030-06-26T00:00:00.000,true
5514,RH-83,Design,design,RH-83 - Reconstruction of the Main Sewage Pump System at Red Hook WRRF,2032-10-12T00:00:00.000,true
5614,LSLRPBX4,Construction,construction,"Lead Service line replacement Program Area I, Bronx",2027-05-06T00:00:00.000,true
5615,LSLRPBX5,Construction,construction,"Lead Service line replacement Program Area J, Bronx",2027-01-10T00:00:00.000,true
5616,LSLRPQN1,Construction Procurement,construction procurement,"Lead Service line replacement Program Area H, Queens",2027-06-04T00:00:00.000,true
5617,26W-166-L,Construction Procurement,construction procurement,26W-166 - 26th Ward Switchgear Replacement,2031-06-30T00:00:00.000,true
5618,WI-322-L,Construction Procurement,construction procurement,WI-322 - Wards Island Camera Installation,2029-06-30T00:00:00.000,true
5734,OB-156-L,Construction Procurement,construction procurement,OB-156 - Upgrade of Dissolved Oxygen Controls at Oakwood Beach WRRF,2031-12-31T00:00:00.000,true
5735,PS-297,Design,design,PS-297 – Reconstruction of Hollers Pumping Station,2030-06-30T00:00:00.000,true
5736,TI-182-L,Construction Procurement,construction procurement,TI-182 - Chlorination Upgrade at Tallman Island WRRF,2031-12-31T00:00:00.000,true
5737,GI-CON-5B,Construction,construction,GI - GREEN INFRASTRUCTURE ONSITE CONSTRUCTION CONTRACTS,2027-04-01T00:00:00.000,true
5738,BB-242-L,Design,design,BB-242 – Upgrade Blower Control System at Bowery Bay WRRF,2030-06-30T00:00:00.000,true
5739,JA-GBT,Design,design,JA-GBT – Install 2nd Gravity Belt Thickener at Jamaica WRRF,2034-06-30T00:00:00.000,true
5740,NC-167,Design,design,NC-167 – Replace MSP Controls at Manhattan Pump Station,2030-06-30T00:00:00.000,true
5741,NR-144-L,Design,design,NR-144 - Upgrade of Dissolved Oxygen Controls at North River WRRF,2034-06-30T00:00:00.000,true
7141,TI-181-L,Construction Procurement,construction procurement,Conversion of Waste Sludge Screen & Degritting & Tallman Island WRRF,2031-06-30T00:00:00.000,true
7350,DEL-400,Construction,construction,"Wawarsing Water System, Port Ben Extension",2029-06-30T00:00:00.000,true
7592,OB-158-L,Design,design,Reconstruction of Final Settling Scum Collection at OB WRRF,2031-12-31T00:00:00.000,true
7593,GI-CONS-8,Design,design,GI-CONS-8,2030-05-31T00:00:00.000,true
7594,GI-CONS-9,Design,design,GI-CONS-9,2030-05-31T00:00:00.000,true
7595,GQ-MEDHOW,Design,design,GQ-MEDHOW,2028-06-30T00:00:00.000,true
7596,GQ-MED-KH,Design,design,GQ-MED-KH,2028-06-30T00:00:00.000,true
7597,GX-MEDBAY,Design,design,GX-MEDBAY,2028-06-30T00:00:00.000,true
7598,GX-MED-RD,Design,design,GX-MED-RD,2028-06-30T00:00:00.000,true
,AGBXWOAC,(Pending),pending,Relocate and replace air conditioning. New roof,,true
,AGCAPISCU,(Pending),pending,DEPT OF AGING - CAPITAL INITIATIVE--SENIOR CENTER UPGRADES,,true
,AGCBCOV,(Pending),pending,CARTER BURDEN/LEONARD COVELLO,,true
,AGCBURDEN,(Pending),pending,LEONARD COVELLO Kitchen Renovation,,true
,AGCCNSOAC,(Pending),pending,Replace roof and air conditioning,,true
,AGMOTTOAC,(Pending),pending,Replace interior portion of air conditioning.,,true
,AGNYCHAG2,(Pending),pending,Aging-1-2024 Renovation of large Older Adult Center,,true
,AGREDHOOK,(Pending),pending,PB: -Red Hook Senior Center -- Funding for senior center,,true
,AGVARSRCT,(Pending),pending,REHABILITATION OF VARIOUS SENIOR CENTERS,,true
,AGWOODRE1,(Pending),pending,Woodside houses new gym for the elderly,,true
,HAM14CRSR,(Pending),pending,CARVER HOUSES SENIOR CENTER COMPUTER LAB,,true
,HH105HEVE,(Pending),pending,Heavy Fleet Vehicle Replacement,,true
,HH112AVED,(Pre-Design),pre-design,"10101 Avenue D, Brooklyn, NY Construction",,true
,HH112BAFS,(Pre-Design),pre-design,ATLANTIC ARMORY FIRE SAFETY,,true
,HH112BLSB,(Pending),pending,BELLEVUE BASEMENT STRUCTURAL RECONSTRUCTION,,true
,HH112BLWB,(Pending),pending,BELLEVUE WEST BANK ELEVATORS,,true
,HH112FAFC,(Pre-Design),pre-design,FRANKLIN'S WOMEN'S SHELTER - FACADE REHABILITATION,,true
,HH112HBAT,(Pre-Design),pre-design,HARLEM 1 BATHROOM RECONSTRUCTION,,true
,HH112HHAC,(Pre-Design),pre-design,HARLEM 1 ROOF AND VENTILATION SYSTEM,,true
,HH112HINT,(Pre-Design),pre-design,HARLEM 1 iNTERIOR RECONSTRUCTION,,true
,HH112HLET,(Pre-Design),pre-design,HARLEM 1 ELECTRICAL UPGRADE,,true
,HH112HSHP,(Pre-Design),pre-design,HELP SEC.- HEATING AND PLUMBING,,true
,HH112KNUG,(Pre-Design),pre-design,KEENER ASSESSMENT SHELTER - BUILDING UPGRADE,,true
,HH112KTEX,(Pre-Design),pre-design,KENTON HALL - FACADE RECONSTRUCTION,,true
,HH112LEDV,(Pre-Design),pre-design,Various LED Lighting,,true
,HH112LINT,(Pre-Design),pre-design,85 LEXINGTON AVE BATHROOM RECONSTRUCTION,,true
,HH112LXBR,(Pre-Design),pre-design,85 LEXINGTON AVE BOILER RECONSTRUCTION,,true
,HH112PJAB,(Pre-Design),pre-design,PAMOJA BOILER,,true
,HH112PJFS,(Pre-Design),pre-design,PAMOJA HOUSE FIRE SAFETY,,true
,HH112PJRR,(Pre-Design),pre-design,PAMOJA HOUSE - ROOF REPLACEMENT,,true
,HH112PREK,(Pre-Design),pre-design,RENOVATION AND IMPROVEMENTS TO THE PARK SLOPE ARMORY,,true
,HH112PSBH,(Pre-Design),pre-design,PARK SLOPE - BATHROOMS,,true
,HH112PSST,(Pre-Design),pre-design,PARK SLOPE- STABILIZATION - NEW PROJECT,,true
,HH112RFEL,(Pre-Design),pre-design,REGENT FAMILY APT. ELEC UPGRADE,,true
,HH112SWBU,(Pre-Design),pre-design,Schwartz Homeless Shelter,,true
,HH112THBH,(Pre-Design),pre-design,8 EAST THIRD ST BATHROOM RECONSTRUCTION,,true
,HH112THEU,(Pre-Design),pre-design,282 East Third St Exterior Upgrade,,true
,HH115BEXT,(Pre-Design),pre-design,BUSHWICK FAMILY RESIDENCE - FA ADE & WINDOW EXTERIOR REPLACE,,true
,HH115BINT,(Pre-Design),pre-design,BUSHWICK FAMILY FACADE RECONSTRUCTION,,true
,HH115DMEP,(Pre-Design),pre-design,DEAN STREET BOILER RECONSTRUCTION,,true
,HH115HOBU,(Pre-Design),pre-design,HOSPITALITY HOUSE BUILDING UPGRADE,,true
,HH115HOEV,(Pre-Design),pre-design,Hospitality at 100 Central - Elevator,,true
,HH115JCFA,(Pre-Design),pre-design,JENNIE CLARKE BACKFLOW PREVENTER,,true
,HH115JEXT,(Pre-Design),pre-design,UNIVERSITY AVENUE FAMILY FACAD,,true
,HH115NLBR,(Pre-Design),pre-design,JAMAICA'S WOMENN'S SHELTER - BATHROOM RECONSTRUCTION,,true
,HH115RECL,(Pre-Design),pre-design,REGENT CEILINGS,,true
,HH115SEXT,(Pre-Design),pre-design,STOCKHOLM FAMILY CENTER - ROOF AND FACADE RECONSTRUCTION,,true
,HH115SINT,(Pre-Design),pre-design,SPRINGFIELD BLD FACADE RECONSTRUCTION,,true
,HH115UNBT,(Pre-Design),pre-design,UNIVERSITY FAMILY KITCHEN BATHROOMS AND VENTILATION,,true
,HH115UNEU,(Pre-Design),pre-design,UNIVERSITY FAMILY RESIDENCE ROOF REPLACEMENT,,true
,HH115UNFL,(Pre-Design),pre-design,UNIVERSITY AVENUE FOUNDATION RECONSTRUCTION,,true
,HHCN001,(Pre-Design),pre-design,BROOKLYN NEIGHBORHOOD IMPROVEMENT DIST.-BEDFORD AVE. RENOVAT,,true
,HHCN001MC,(Pre-Design),pre-design,AIR CONDITIONING SYSTEM,,true
,HHCN002,(Pre-Design),pre-design,RENOVATION OF BEDFORD ATLANTIC ARMORY INTO RECREATIONAL CTR.,,true
,HHCN003,(Pre-Design),pre-design,BEDFORD ATLANTIC ARMORY ATHLETIC CENTER,,true
,HHCN007,(Pre-Design),pre-design,INSTALLATION OF BACKUP GENERATOR,,true
,HH-MRBU,(Capitally Ineligible),capitally ineligible,MAJOR REPAIRS AND BLD  UPGRADES,,true
,HHNC001,(Pre-Design),pre-design,NEW ERA VETERANS SRO- KITCHEN RENOVATION,,true
,HHNC006,(Pre-Design),pre-design,FORT WASHINGTON ARMORY - ENTRYWAY REPAIR,,true
,HRCN100VA,(Pre-Design),pre-design,Volunteers of America,,true
2626,HH112SWTR,Design,design,Schwartz Transformer- 65 Charles Gay Loop,2029-11-30T00:00:00.000,true
2627,HH115STEP,Design,design,Stockholm Boiler Upgrade- 99 STOCKHOLM STREET,2029-05-15T00:00:00.000,true
2628,HH115SNRF,Design,design,Seneca Roof and Façade- 1215 SENECA AVENUE,2029-11-15T00:00:00.000,true
2629,HH115SAEU,Design,design,Fannie Barnes Exterior Reconstruction- 829 SARATOGA AVE,2029-12-15T00:00:00.000,true
2630,HH115RMCX,Design,design,Rose McCarthy Reconstruct Windows and Exterior Facades- 882 DUMONT AVENUE,2029-12-15T00:00:00.000,true
2631,HH115MMEP,Design,design,McDonough Boiler- 771 McDONOUGH ST,2029-08-30T00:00:00.000,true
2632,HH115JAEX,Design,design,Jamaica Family Exterior Façade Reconstruction- 175-10 88th AVE,2030-06-30T00:00:00.000,true
2633,HH115CTEF,Design,design,Catherine Electrical - 78 CATHERINE ST,2029-07-31T00:00:00.000,true
2634,HH115BWRF,Design,design,Briarwood Family Roof and Facade- 80-20 134 STREET,2028-11-15T00:00:00.000,true
2635,HH112THFC,Design,design,Third St Façade and Interior Staircase Reconstruction- 8 EAST 3 STREET,2029-12-15T00:00:00.000,true
2636,HH112LFER,Design,design,Linden Elevator Replacement- 501 NEW LOTS AVENUE,2029-11-15T00:00:00.000,true
2637,HH112HMED,Design,design,Harlem Electrical Panel Upgrade- 2960 FREDERICK DOUGLAS BOULEVARD,2029-03-15T00:00:00.000,true
2638,HH112ETEU,Design,design,282 EAST 3 STREET -Exterior Upgrade: Façade and Roof Reconstruction,2030-03-15T00:00:00.000,true
2639,HH112BARS,Design,design,Borden Ave Roof and Skylight Replacement- 21-10 Borden Avenue,2029-04-15T00:00:00.000,true
2640,HH115FLRF,Design,design,Flatlands Roof Reconstruction- 10875 Ave D,2028-08-15T00:00:00.000,true
2641,HH115FBME,Design,design,Fannie Barnes Boiler Room Upgrade- 829 SARATOGA AVE,2028-07-15T00:00:00.000,true
2642,HH115BFRR,Construction,construction,Bushwick Roof Replcement-1675 BROADWAY,2027-12-30T00:00:00.000,true
2643,HH112PAFL,Design,design,Pamoja Interior Flooring Upgrade- 357 MARCUS GARVEY BOULEVARD,2029-04-15T00:00:00.000,true
2644,HH112KTFR,Construction,construction,Kenton Hall Chimney Reconstruction- 333 Bowery,2026-12-15T00:00:00.000,true
2645,HH112HSMR,Design,design,Help Sec Main Roof Replacement- 111 Sunken Garden Loop,2028-12-15T00:00:00.000,true
2646,HH112HSCR,Design,design,Help Sec Cottage Roof Replacement- 111 Sunken Garden Loop,2028-12-15T00:00:00.000,true
2647,HH112HMBL,Design,design,Harlem Boiler Replacement2960 FREDERICK DOUGLAS BOULEVARD,2029-03-15T00:00:00.000,true
2648,HH112GDFC,Construction Procurement,construction procurement,George Daly Façade and Window-269 East 4th St,2028-03-30T00:00:00.000,true
2649,HH112FWFR,Construction,construction,Fort Washington Floors- 651 WEST 168 STREET,2027-06-15T00:00:00.000,true
2650,HH112FWBA,Construction,construction,Fort Washington Bathrooms- 651 WEST 168 STREET,2028-03-30T00:00:00.000,true
2651,HH112FRRF,Construction Procurement,construction procurement,Franklin Armory Roof- 1122 FRANKLIN AVE,2028-05-15T00:00:00.000,true
2652,HH115REBO,Design,design,Regent Boiler and Control System  Reconstruction - 2720 BROADWAY,2029-03-15T00:00:00.000,true
2653,HH115FAFA,Design,design,Flatlands Fire Alarm Upgrade - 10875 Ave D,2028-09-15T00:00:00.000,true
2654,HH115CTBU,Construction,construction,Catherine St Bathrooms - 78 CATHERINE ST,2027-03-15T00:00:00.000,true
2655,HH112KITC,Construction Procurement,construction procurement,8 EAST 3 STREET- Kitchen Upgrade,2028-09-30T00:00:00.000,true
2656,HH112FWBO,Construction,construction,Fort Washington Boiler- 651 WEST 168 STREET,2027-09-30T00:00:00.000,true
2657,HH112AUBR,Construction,construction,Auburn Bathrooms- 39 Auburn Place,2028-12-31T00:00:00.000,true
5515,HH112BOFW,Design,design,Borden Ave Flood Mitigation- 21-10 Borden Avenue,2028-12-15T00:00:00.000,true
5845,HH112LMEP,Design,design,LINDEN BOILER RECONSTRUCTION,2029-03-30T00:00:00.000,true
5846,HH112THBR,Design,design,282 EAST THIRD ST BOILER RECONSTRUCTION,2029-03-15T00:00:00.000,true
5847,HH112THEV,Design,design,8 EAST THIRD STREET ELEVATOR REHABILITATION,2029-03-15T00:00:00.000,true
5848,HH115SMEP,Design,design,SPRINGFIELD BLD BOILER RECONSTRUCTION,2029-03-30T00:00:00.000,true
5849,HH115SNBH,Design,design,SENECA HOUSES - BOILER AND HEATING,2029-06-30T00:00:00.000,true
,BBJCCBX,(Pre-Design),pre-design,BBJ Community Center-Bronx,,true
,BBJCCCBK,(Pre-Design),pre-design,BBJ Community Center-Brooklyn,,true
,BBJCCM,(Transferred),transferred,BBJ Community Center-Manhattan,,true
,BBJCCQ,(Transferred),transferred,BBJ Community Center - Queens,,true
,C130PANEL,(Holding Code),holding code,REPLACEMENT OF ELECTRICAL DISTRIBUTION PANELS- RI POWERHOUSE,,true
,C75FENCE4,(Holding Code),holding code,Fencing Construction,,true
,C75MBBLR,(Pending),pending,Mobile Emergency Boiler Plant-Steam Tunnel Line B Isolation,,true
,C75STEAMT,(Pending),pending,Rikers Island Steam Tunnel Reconstruction,,true
,C75TANKS,(Pre-Design),pre-design,Replace Condensate Tanks in Powerhouse,,true
,SANDAMKC,(Completed),completed,Hurricane Sandy - AMKC Roof Reconstruction,,false
,SANDGRVC,(Cancelled),cancelled,Hurricane Sandy - GRVC Roof Replacement due to Storm Damage,,false
,SANDHART,(Completed),completed,Hurricane Sandy-harts island Reconstruct from storm damage,,false
,SANDRNDC,(Completed),completed,Hurricane Sandy - RNDC Roof Reconstruction,,false
,SANDTRLR,(Completed),completed,Hurricane Sandy-Relocation of RI Trailers - Storm Damage,,false
,SANDVCBC,(Cancelled),cancelled,Hurricane Sandy - VCBC Reconstruction Due To Storm Damage,,false
728,C75RDSRNG,Construction,construction,New Modular Trailers & Classrooms,2027-01-15T00:00:00.000,true
729,C75WTRMN,(Cancelled),cancelled,Replace Water Main on Rikers Island,,false
730,SANDSHORE,(Completed),completed,Hurricane Sandy -- RI N. Shore Reconstruction,2021-08-27T00:00:00.000,false
731,C75MARINA,Design,design,Rehabilitation of Existing  Marina on RI,2028-08-30T00:00:00.000,true
732,C138FEDER,Construction,construction,NIC Power Feder Replacement,2028-01-16T00:00:00.000,true
733,C75POWRF,Construction,construction,Replace 5 and 27 KV Feeders,2029-01-16T00:00:00.000,true
734,C75STEAM,(Cancelled),cancelled,Upgrade Steam Lines,2027-10-30T00:00:00.000,false
735,C75PTREAT,Construction Procurement,construction procurement,Water Treatment for Powerhouse,2028-07-30T00:00:00.000,true
5516,C75CTURB,Construction,construction,Repl of Cogen Power Plant Turbines on RI,2028-01-16T00:00:00.000,true
5517,C75PANEL,Construction,construction,Replace Power House Panels,2027-12-30T00:00:00.000,true
5850,C75ACCGN,(On-hold),on-hold,Air Conditioning for RI-Cogeneration Power Plant,,true
5851,C75BOILER,(On-hold),on-hold,Replace Powerhouse Boiler Controls,,true
5852,C75CFEED,(On-hold),on-hold,Replace Feed Water  Line To Cogen,,true
5853,C75NBOIL,(On-hold),on-hold,New Boilers For Powerhouse,,true
5854,C75PIPE,(On-hold),on-hold,Re-Pipe Boiler Feed Pumps,,true
,ACEDOE211,(Pending),pending,,,true
,ACEFIT241,(Pending),pending,,,true
,SCACIP08,(Pending),pending,,,true
,SCAELQ008,(Pending),pending,,,true
,SCAELQ107,(Pending),pending,,,true
,ACEDOH211,(Completed),completed,DOH - Morrisania Health Center - Boiler Plant Upgrade,,false
,ACEDOH212,(Completed),completed,DOH - Jamaica Health Center - Chiller Upgrade,,false
,ACEDOH701,(Completed),completed,DOHMH - DEDICATED CONDENSING HOT WATER HEATER,,false
,CME520FPC,(Partner-managed),partner-managed,OCME - New Medical Examiner Facility,,true
,HL82125VI,(Pending),pending,125 WORTH ST - RENOVATION & RESTORATION OF VITAL RECORDS VAU,,true
,HL82BEDHC,(Pre-Design),pre-design,Bedford Health Center Renovation of Interior space,,true
,HL82BERGN,(Completed),completed,"BERGEN BUILDING RENOVATION - 1932 ARTHUR AVE., BRONX, NY",,false
,HL82CHRCT,(Completed),completed,CENTRAL HARLEM HEALTH CENTER COOLINGTOWER REPLACEMENT,,false
,HL82COELE,(Construction),construction,CORONA HEALTH CENTER - ELEVATOR MODERNIZATION,,true
,HL82CRISR,(Pre-Design),pre-design,Crisis Respite Centers,,true
,HL82EASTH,(Pre-Design),pre-design,EAST HARLEM HEALTH HUB,,true
,HL82FGCHI,(Construction),construction,FORT GREENE HEALTH CENTER - CHIILERS UPGRADE,,true
,HL82MORHC,(Pre-Design),pre-design,Morrisania Health Center interior renovation,,true
,HL82REOPS,(Construction),construction,DOHMH PLANT OPS & PM MAINT. SHOPS RELOCATION  TO GLENDALE,,true
,HL82TREMF,(Pre-Design),pre-design,TREMONT HEALTH CENTER FACADE REHABILITATION,,true
,HL82VCLIN,(Pre-Design),pre-design,EMERGENCY FUNDING FOR VARIOUS CLINICS,,true
,SEED-QJNP,(Pre-Design),pre-design,JNP: Expansion of Neighborhood Health Action Centers (NHAC),,true
1,HL82ZERGA,Close-out,close-out,Zerega Avenue Mobile Food Cart Inspection Station,2024-05-30T00:00:00.000,true
5855,HL82CHRHC,Construction,construction,Central Harlem elevator modernization,2026-09-01T00:00:00.000,true
5856,HL82EHRHC,Close-out,close-out,East Harlem boilers replacement,2025-08-01T00:00:00.000,true
5857,HL82BRNHC,Construction,construction,Brownsville boilers replacement,2026-08-01T00:00:00.000,true
5858,HL82BUSHC,Construction Procurement,construction procurement,Bushwick boilers replacement,2026-08-01T00:00:00.000,true
5859,HL82FORTG,Construction Procurement,construction procurement,Fort Greene STI Lab renovation,2027-09-01T00:00:00.000,true
,ACEDOT222,(Equipment),equipment,HVAC Upgrades at Fleet Services Maintenance and Repair,,true
,ACEDOT602,(Lump Sum),lump sum,DOT - Various locations- Rooftop Solar,,true
,AUSTENFB,(Requirements Contract),requirements contract,Drydock Austen Class Ferryboats,,true
,BEDSTLIG,(Requirements Contract),requirements contract,"DOT BEDFORD HISTORIC LIGHT RESTORATION, BROOKLYN",,true
,BIKE2030,(Lump Sum),lump sum,BIKE NETWORK DEVELOPMENT 2030,,true
,BKBHAZMIG,(Lump Sum),lump sum,BROOKLYN BRIDGE - HAZARD MITIGATION,,true
,BKBRDGITS,(Requirements Contract),requirements contract,Brooklyn Bridge Approaches-DOT ITS,,true
,BLUESMOKE,(Pre-Design),pre-design,Blue Smoke - Hamilton,,true
,BMBSLIP5,(Pre-Design),pre-design,Battery Maritime Building Slip 5 Barge Drydock,,true
,BRC156G,(Pre-Design),pre-design,Manhattan Bridge Contract 16- Underdeck Bridge Steel Rehabil,,true
,BRC231G,(Pre-Design),pre-design,Queensboro Bridge #11 Rehab of Ramps and Lower Roadway,,true
,BRC253E,(Pre-Design),pre-design,Williamsburg Bridge Contract 10:  Rehab of Steel Structure,,true
,BRC270DT,(Pre-Design),pre-design,Rehabilitation of Brooklyn Bridge Traveler#3,,true
,BRCR24029,(Pre-Design),pre-design,Replacement of Tail Lock Machinery at Metropolitan Avenue,,true
,BRK24027,(Pre-Design),pre-design,UNION STREET over GOWANUS CANAL BIN 2240270,,true
,BRKQ24063,(Pre-Design),pre-design,Rehab of Pulaski Bridge over Newtown Creek BIN 2240639,,true
,BUSLANSY3,(Requirements Contract),requirements contract,PURCHASE & INSTALL BUS LANE PHOTO ENFORCEMENT SYSTEM,,true
,BXECONDEV,(Partner-managed),partner-managed,FA - BX Council for Economic Devel. - Streetscape Furniture,,true
,C5447,(Lump Sum),lump sum,MISCELLANEOUS UPGRADES TO FERRYBOATS,,true
,C5517B,(Equipment),equipment,DOCKBUILDING HARDWOOD TIMBER,,true
,C5588,(Pre-Design),pre-design,REPLACEMENT OF OIL BARGE #5,,true
,CTYISLBRD,(Completed),completed,Reconstruction of City Island Access Bridge,,false
,E34CCTV,(Requirements Contract),requirements contract,East 34th St Ferry Landing CCTV upgrade,,true
,E34REHAB,(Pre-Design),pre-design,East 34th Street Ferry Landing Rehabilitation,,true
,EBIKENYCH,(Pre-Design),pre-design,NYCHA Safe access for Electrick Micromobility PIN#  X77445,,true
,EMIDTWNRZ,(Lump Sum),lump sum,East Midtown Rezoning,,true
,FABLDG45R,(Pre-Design),pre-design,Building 45 Rehabilitation,,true
,FABOLLIS,(Requirements Contract),requirements contract,Drydock and Reconstruction of Ollis Class Ferryboats,,true
,FACLUMP,(Lump Sum),lump sum,LUMP SUM FOR FACILITIES,,true
,FARRSLIP,(Pre-Design),pre-design,Arrestors for all slips,,true
,FASGTRHB,(On-Hold),on-hold,SGT Terminal Brick Facade Rehabilitation,,true
,FASTGCCTV,(Completed),completed,STG Terminal CCTV Upgrade,,false
,FAVESSPC,(Equipment),equipment,Ferry Terminals Vessel  Passenger Counters,,true
,FAWHTSGTF,(Pre-Design),pre-design,WHT Slips Gallows Towers Foundation  Piles Reconstruction,,true
,FAWTCCTV,(Requirements Contract),requirements contract,WHT Terminal CCTV Upgrades,,true
,FBOATCCTV,(Pre-Design),pre-design,Ferryboat CCTV Upgrade,,true
,FERRYR1SG,(On-Hold),on-hold,"Construction of Ferryrack at Slip1, St. George Terminal",,true
,FERRYR3SG,(On-Hold),on-hold,"Construction of Ferryrack at Slip3, St. George Terminal",,true
,FERRYRACK,(Lump Sum),lump sum,CONSTRUCTION OF FERRY RACK,,true
,GEAN2025,(Requirements Contract),requirements contract,Street Lighting Annual Construction,,true
,HB1013EQ,(Equipment),equipment,SHOP EQUIPMENT FOR BRIDGES,,true
,HB1014GP,(Equipment),equipment,WYTHE AVE. EXPLOSION PROOF CONTAINER,,true
,HB1070BW,(Pre-Design),pre-design,Protective Coating of Broadway Bridge over Harlem River,,true
,HB1070BX,(Pre-Design),pre-design,Protective Coating of Various Bridges in the Bronx,,true
,HB1070EN,(Pre-Design),pre-design,Protective Coating of LIRR and East New York Bridges,,true
,HB1070GR,(Design),design,Protective Coating of Greenpoint Avenue Bridge over Newtown,,true
,HB1070LR,(Pre-Design),pre-design,Protective Coating of LIRR Bay Ridge Bridges,,true
,HB1070MH,(Pre-Design),pre-design,Protective Coating of Various Bridges in Manhattan,,true
,HB1070MN,(Pre-Design),pre-design,Protective Coating of Metro North Bridges,,true
,HB1070WB,(Pre-Design),pre-design,Williamsburg Bridge Painting,,true
,HB25FAC,(Requirements Contract),requirements contract,Macomb's Yard - Prefabricated Shed,,true
,HB-ADVERT,(Requirements Contract),requirements contract,ADVERTISEMENT FOR CAPITAL BRIDGE PROJECTS,,true
,HBB224222,(Pre-Design),pre-design,SNUFF MILL ROAD OVER BRONX RIVER BIN 2242220,,true
,HBB241850,(Pre-Design),pre-design,CONN RD BETWEEN MOS OVER METRO NORTH RR-HAR BIN 2241850,,true
,HBBA06715,(Pre-Design),pre-design,NEREID AVE (E 240TH ST) over BRONX RIVER PKW BIN 1067150,,true
,HBBA07664,(Pre-Design),pre-design,DEPOT PLACE over METRO NORTH RR HUD 2076640,,true
,HBBA07692,(Pre-Design),pre-design,BRUCKNER EXPRESSWAY over CSX - HUNTS POINT 2076929,,true
,HBBA23025,(Pre-Design),pre-design,MOSHOLU PKWY/BRONX RIVER 2-23025-0 (TD PKG),,true
,HBBA24180,(Design),design,East 183rd St over MNRR Har BIN 2241800,,true
,HBBA24181,(Design),design,East 188th St over MNRR Har BIN 2241810,,true
,HBBA24214,(Pre-Design),pre-design,EAST TREMONT AVENUE over BRONX RIVER BIN 2242149,,true
,HBBA24236,(Pre-Design),pre-design,GRAND CONCOURSE over BURNSIDE AVENUE BIN 2242360,,true
,HBBA26654,(Pre-Design),pre-design,278I over BRUCKNER BOULVARD 2266540,,true
,HBBA42081,(Pre-Design),pre-design,BRONX BOULEVARD SOUTHBOUND over BRONX RIVER  BIN 2242081,,true
,HBBA42082,(Pre-Design),pre-design,BRONX BOULEVARD NORTHBOUND over BRONX RIVER  BIN 2242082,,true
,HBBA66671,(Pre-Design),pre-design,BRUCKNER EXPESSWAY SOUTHBOUND over BRONX RIVER 2066671,,true
,HBBA66672,(Pre-Design),pre-design,BRUCKNER EXRESSWAY NORTHBOUND OVER BRONX RIVER 2066672,,true
,HBBM06691,(Pre-Design),pre-design,WASHINGTON BRIDGE over HARLEM RIVER BIN 2066919,,true
,HBCD007P,(Construction),construction,Citywide Inspection/Monitoring of Bridge Paint Removal & App,,true
,HBCD008P,(Requirements Contract),requirements contract,Citywide Inspection/Monitoring of Bridge Paint Removal & App,,true
,HBCD009P,(Requirements Contract),requirements contract,Citywide Inspection/Monitoring of Bridge Paint Removal & App,,true
,HBCD010P,(Requirements Contract),requirements contract,Citywide Inspection/Monitoring of Bridge Paint Removal & App,,true
,HBCD013,(Construction),construction,Inspection Services at Concrete & Asphalt Plants,,true
,HBCD013A,(Requirements Contract),requirements contract,IN-PROCESS FAB INSPECTION OF STRUCTURAL STEEL IN NE US,,true
,HBCD013B,(Requirements Contract),requirements contract,IN-PROCESS FAB INSPECTION OF STRUCTURAL STEEL IN US,,true
,HBCD013C,(Requirements Contract),requirements contract,IN-PROCESS FAB INSPECTION OF PP CONCRETE IN USA/CAN,,true
,HBCD015,(Requirements Contract),requirements contract,INSPECTION SERVICES AT CONCRETE & ASPHALT PLANTS,,true
,HBCD015A,(Requirements Contract),requirements contract,IN-PROCESS FAB INSPECTION OF STRUCTURAL STEEL IN NE USA,,true
,HBCD015B,(Requirements Contract),requirements contract,IN-PROCESS FAB INSPECTION OF STRUCTURAL STEEL IN US/CAN,,true
,HBCD015C,(Requirements Contract),requirements contract,IN-PROCESS FAB INSPECTION OF PP CONCRETE IN USA/CAN,,true
,HBCD016,(Requirements Contract),requirements contract,TESTING AND SAMPLING OF MATERIAL (CITYWIDE),,true
,HBCD017,(Requirements Contract),requirements contract,Inspection of Services at Concrete and Asphalt Plants,,true
,HBCD017A,(Requirements Contract),requirements contract,IN-PROCESS FAB INSPECTION OF STRUCTURAL STEEL IN NE USA,,true
,HBCD017B,(Requirements Contract),requirements contract,IN-PROCESS FAB INSPECTION OF STRUCTURAL STEEL IN NE USA,,true
,HBCD017C,(Requirements Contract),requirements contract,IN-PROCESS FAB INSPECTION OF PP CONCRETE IN USA/CAN,,true
,HBCD018,(Requirements Contract),requirements contract,Testing and Sampling of Material (Citywide),,true
,HBCD019,(Requirements Contract),requirements contract,INSPECTION SERVICES AT ASPHALT AND CONCRETE PLANTS,,true
,HBCD019A,(Requirements Contract),requirements contract,IN-PROCESS FAB INSPECTION OF STRUCTURAL STEEL IN NE US,,true
,HBCD019B,(Requirements Contract),requirements contract,IN-PROCESS FAB INSPECTION OF STRUCTURAL STEEL IN US,,true
,HBCD019C,(Requirements Contract),requirements contract,IN-PROCESS FAB INSPECTION OF PP CONCRETE IN USA/CAN,,true
,HBCITYWIM,(Equipment),equipment,Citywide Wiegh-in-Motion System,,true
,HBCR24A,(Pre-Design),pre-design,COMPONENT REHAB OF BRIDGES 24A,,true
,HBCR24B,(Pre-Design),pre-design,COMPONENT REHAB OF BRIDGES 24B,,true
,HBCR25A,(Pre-Design),pre-design,COMPONENT REHAB OF BRIDGES 25A,,true
,HBCR25B,(Pre-Design),pre-design,COMPONENT REHAB OF BRIDGES 25B,,true
,HBCR26A,(Pre-Design),pre-design,COMPONENT REHAB OF BRIDGES 26A,,true
,HBCR26B,(Pre-Design),pre-design,COMPONENT REHAB OF BRIDGES 26B,,true
,HBCR27A,(Pre-Design),pre-design,COMPONENT REHAB OF BRIDGES 27A,,true
,HBCR27B,(Pre-Design),pre-design,COMPONENT REHAB OF BRIDGES 27B,,true
,HBCUHUNT,(Pre-Design),pre-design,Hunter Culvert SI,,true
,HBFQGPEC,(Equipment),equipment,Greenpoint Yard Electrical Container Reconstruction,,true
,HBGATES,(Construction),construction,Barrier Gates,,true
,HBHWOHSIG,(Requirements Contract),requirements contract,NY Highway Overhead Sign Structure,,true
,HBK224404,(Pre-Design),pre-design,EAST DRIVE (E WOOD ARCH) PED PATH NEAR CENTER DRIV # 2244040,,true
,HBK231250,(Pre-Design),pre-design,81st St Ped Bridge over BSHP BIN 2231250,,true
,HBK231260,(Pre-Design),pre-design,92nd St Ped Bridge over BSHP BIN 2231260,,true
,HBK243050,(Pre-Design),pre-design,CATON AVE over BMT SUBWAY BIN 2243050,,true
,HBK243080,(Pre-Design),pre-design,CHURCH AVE over BMT SUBWAY BIN 2243080,,true
,HBKA23036,(Pre-Design),pre-design,UNION ST OVER 278I BQE BIN 2230360,,true
,HBKA23038,(Pre-Design),pre-design,KANE ST/ 278I (BQE) BIN# 2230380,,true
,HBKA23140,(Design),design,BSHP over Sheepshead Bay Road BIN 2231409 Design Build,,true
,HBKA23141,(Design),design,BSHP over Ocean Ave  BIN 2231419 Design Build,,true
,HBKA23142,(Design),design,BSHP OVER BEDFORD AVE BIN 2231429 Design Build,,true
,HBKA23143,(Design),design,BSHP over Nostrand Ave 2231439 Design Build,,true
,HBKA24304,(Pre-Design),pre-design,"CROOKE AVENUE over BMT SUBWAY, BRIGHTON 2243040",,true
,HBKA24315,(Pre-Design),pre-design,Foster Ave over BMT Subway BIN 2243150,,true
,HBKA24382,(Pre-Design),pre-design,21st Ave RR BR & 64th St #2-24382-1/TN35190,,true
,HBKBQE,(Design Build),design build,Rehabilitation of BQE (I-278) from Sands St. to Atlantic Ave,,true
,HBM1120B,(Pre-Design),pre-design,11TH AVENUE VIADUCT NORTH SECTION - 33 ST to 35 ST #2245010,,true
,HBM191TUN,(Design),design,191st St Pedestrian Tunnel over Broadway & IRT #1 Subway,,true
,HBM224624,(Pre-Design),pre-design,WEST DRIVE OVER TRANSVERSE ROAD #2 BIN 2246240,,true
,HBM224625,(Pre-Design),pre-design,EAST DRIVE OVER TRANSVERSE ROAD #3 BIN 2246250,,true
,HBM224627,(Pre-Design),pre-design,EAST DRIVE OVER TRANSVERSE ROAD #4 BIN 2246270,,true
,HBM224628,(Pre-Design),pre-design,WEST DRIVE OVER TRANSVERSE ROAD #4 BIN 2246280,,true
,HBM224643,(Pre-Design),pre-design,W 110TH ST ENT (MTCLIFF ARCH) PED PATH OPP W 109ST B#2246430,,true
,HBM224650,(Pre-Design),pre-design,FORT TRYON PLACE ENTRANCE FROM RIVERSIDE DRIVE BIN 2246500,,true
,HBM24501B,(Pre-Design),pre-design,West 33rd Street over Amtrak 30th Street Branch BIN 224501B,,true
,HBM245050,(Pre-Design),pre-design,Margret Corbin Dr over Ped Path NR NO ENTR BIN 2245050,,true
,HBM245060,(Pre-Design),pre-design,West 37th Street over Amtrak 30th Street Branch BIN 2245060,,true
,HBM245230,(Pre-Design),pre-design,W 148TH ST PED BR OVER AMTRAK 30 ST BRANCH BIN 2245230,,true
,HBM245290,(Pre-Design),pre-design,155th Street Ped Bridge over Amtrak 30 Street Branch BIN 224,,true
,HBM246100,(Pre-Design),pre-design,CENTER DRIVE over TRANSVERSE RD #1 BIN2246100,,true
,HBM246350,(Withdrawn),withdrawn,EAST DR OVER PED PATH OPP EAST 80TH ST BIN 2246350,,true
,HBM246710,(Pre-Design),pre-design,W 153RD STREET over A.C. POWELL BLVD BIN 2246710,,true
,HBMA24613,(Cancelled),cancelled,East Dr (Willowdell Arch) over Ped Path Opp East 67th st,,false
,HBMA24646,(Pre-Design),pre-design,W 77TH ST ENT (EAGLEVALE ARC) PED PATH OPP W 77TH ST 2246460,,true
,HBMA24649,(Pre-Design),pre-design,A.C. Powell Blvd NB over A.C. Powell Blvd BIN 2246490,,true
,HBMA24666,(Pre-Design),pre-design,RIVERSIDE DRIVE over W 125TH ST - W 134TH ST 2246660,,true
,HBMA25756,(Pre-Design),pre-design,MILLER HIGHWAY over TERRAIN BIN 2257569,,true
,HBMA29349,(Pre-Design),pre-design,HHP over West 158th St BIN 2229349,,true
,HBMA4501D,(Pre-Design),pre-design,West 34Th St over Amtrak 30 St Branch BIN 224501D,,true
,HBMA4501F,(Pre-Design),pre-design,West 36Th St over Amtrak 30 St Branch BIN 224501F,,true
,HBMPL10,(Pre-Design),pre-design,Citywide Independent Monitoring of Bridge Lead Paint Removal,,true
,HBMPL11,(Pre-Design),pre-design,Citywide Independent Monitoring of Bridge Lead Paint Removal,,true
,HBMPL12,(Pre-Design),pre-design,Citywide Independent Monitoring of Bridge Lead Paint Removal,,true
,HBQ1137,(Pre-Design),pre-design,RECON ELLIOT AVE BRIDGE OVER QUEENS BLVD 2-24816-0,,true
,HBQ1208,(Pre-Design),pre-design,"LINDEN BLVD BRIDGE OVER CROSS ISLAND PKWY , QUEENS 2-23175-0",,true
,HBQ1209,(Pre-Design),pre-design,"SUNRISE HWY W/B BRIDGE OVER BLP W/B, QUEENS 2-23166-0",,true
,HBQ224766,(Pre-Design),pre-design,FOREST PARK DRIVE OVER ABANDONED LIRR BIN 2247660,,true
,HBQ224814,(Pre-Design),pre-design,Meridian Road over Stream North of LIE BIN 2248140,,true
,HBQ224837,(Pre-Design),pre-design,BOATHOUSE BRIDGE OVER AQUACADE LAKE BIN 2248379,,true
,HBQ231800,(Pre-Design),pre-design,Superior Road over BCIP BIN2231800,,true
,HBQ231880,(Pre-Design),pre-design,CROCHERON PARK PEDESTRIAN OVER BCIP BIN 223188,,true
,HBQ231900,(Pre-Design),pre-design,BCIP over Totten Avenue BIN 2231900,,true
,HBQ231960,(Pre-Design),pre-design,149TH STREET over BCIP BIN 2231960,,true
,HBQ240440,(Pre-Design),pre-design,NORTHERN BLVD over ALLEY CREEK BIN 2240440,,true
,HBQ247020,(Pre-Design),pre-design,94th Street Ped Bridge over LIRR Port Wash Br BIN 2247020,,true
,HBQ248110,(Pre-Design),pre-design,Motor Pkwy (Ped) over Alley Pk Ped Walk BIN 2248110,,true
,HBQ705510,(Pre-Design),pre-design,167th Street Ped Bridge over LIRR Port Wash Br BIN 7705510,,true
,HBQA23157,(Pre-Design),pre-design,COHANCY STREET over BSOP BIN 2231570,,true
,HBQA23165,(Pre-Design),pre-design,Sunrise Hwy WB over BLP EB BIN 2231650,,true
,HBQA24066,(Pre-Design),pre-design,RIKERS ISLAND BRIDGE over RIKERS ISLAND CHANNEL 2240660,,true
,HBQA24718,(Pre-Design),pre-design,GRAND AVENUE over LIRR MAIN LINE BIN 2247180,,true
,HBQA24823,(Pre-Design),pre-design,BEACH CHANNEL DR WB over DR EB BIN 2248230,,true
,HBR249710,(Pre-Design),pre-design,West Footbridge over Clove Lake BIN 2249710,,true
,HBRA24923,(Completed),completed,TRACY AVE PED BRIDGE BIN: 2249230,,false
,HBRA24925,(Completed),completed,BETHEL AVE PED BRIDGE BIN:2249250,,false
,HBX199,(Pre-Design),pre-design,E153RD ST BR AT PARK AVE OVER RR,,true
,HBX2370,(Pre-Design),pre-design,REHAB GRAND CONCOURSE BIN 2242370,,true
,HW200IFA1,(Funding Agreement),funding agreement,In-House Pedestrian Ramp Rehabilitation - Crews,,true
,HW200IFA2,(Funding Agreement),funding agreement,In-House Pedestrian Ramp Rehabilitation - OTPS,,true
,HW2CR06,(Lump Sum),lump sum,CITYWIDE MILLING,,true
,HW2CR19D,(Requirements Contract),requirements contract,Citywide Milling - Manhattan,,true
,HW2CR21B,(Requirements Contract),requirements contract,Citywide Milling - Queens,,true
,HW2CR21C,(Requirements Contract),requirements contract,Citywide Milling - Brooklyn and Staten Island,,true
,HW2CR21D,(Requirements Contract),requirements contract,Citywide Milling - Manhattan,,true
,HW2CR21E,(Requirements Contract),requirements contract,"Citywide Milling - BK, QN, and SI",,true
,HW2CR23A,(Requirements Contract),requirements contract,Citywide Milling - Bronx and Queens,,true
,HW2CR23B,(Requirements Contract),requirements contract,Citywide Milling - Queens and Brooklyn,,true
,HW2CR23C,(Requirements Contract),requirements contract,Citywide Milling - Brooklyn and Staten Island,,true
,HW2CR23CW,(Requirements Contract),requirements contract,Citywide Milling,,true
,HW2CR23D,(Requirements Contract),requirements contract,Citywide Milling - Manhattan,,true
,HW2CR25A,(Requirements Contract),requirements contract,Citywide Milling - Bronx and Queens,,true
,HW2CR25B,(Requirements Contract),requirements contract,Citywide Milling - Queens and Brooklyn,,true
,HW2CR25C,(Requirements Contract),requirements contract,Citywide Milling - Brooklyn and Staten Island,,true
,HW2CR25CW,(Requirements Contract),requirements contract,Citywide Milling,,true
,HW2CR25D,(Requirements Contract),requirements contract,Citywide Milling - Manhattan,,true
,HW34907,(Funding Agreement),funding agreement,IN-HOUSE RESURFACING - CREWS&OTHER NON-ASPHALT OTPS,,true
,HW349LUM,(Funding Agreement),funding agreement,IN-HOUSE RESURFACING LUMP SUM - ASPHALT,,true
,HW886MOTT,(Pre-Design),pre-design,"Mott Basin Drainage (MOTTBASIN, SE866MOTT)",,true
,HWARCHES,(Pre-Design),pre-design,Gotham Arches,,true
,HWBUSPAD,(Lump Sum),lump sum,CITYWIDE BUS PADS,,true
,HWBUSPAD8,(Requirements Contract),requirements contract,Bus Pads,,true
,HWC349M03,(Funding Agreement),funding agreement,MANHOLE RINGS,,true
,HWCCSIMBM,(Requirements Contract),requirements contract,DOT - Relocate SIM/BMU/CC to 4855 Baldwin,,true
,HWCFTRLR,(Lump Sum),lump sum,Citywide Trailer Rehabilitation,,true
,HWCOINFAC,(Pre-Design),pre-design,METER PROCESSING FACILITY REHABILITATION,,true
,HWCRCWLK,(Lump Sum),lump sum,Raised Crosswalks,,true
,HWCSCHCW,(Lump Sum),lump sum,School Safety Citywide Contracts,,true
,HWCWREC,(Lump Sum),lump sum,CITYWIDE RECONSTRUCTION OF STREETS,,true
,HWCWSTPR,(Pre-Design),pre-design,NY RESTORATION PROJECT - DEVELOP & DESIGN STREET PIER,,true
,HWD10109,(Pre-Design),pre-design,JORALEMON STREET IMPROVEMENTS,,true
,HWD10110,(Pre-Design),pre-design,Strickland Avenue - Reconstruction,,true
,HWD10111,(Pre-Design),pre-design,Intersection Safety Improvements Ocean Parkway & Ave Z,,true
,HWD10113,(Pre-Design),pre-design,Street Reconstruction in Community Board 14,,true
,HWD10115,(Pre-Design),pre-design,Safety Improvements Broadway Corridor,,true
,HWD10216,(Pre-Design),pre-design,Walk of Fame -- Walk of Fame installation in CD 8,,true
,HWD10217,(Pre-Design),pre-design,SAFETY IMPROVEMENTS,,true
,HWD10220,(Pre-Design),pre-design,DOT - 3rd Avenue Sidewalks,,true
,HWD10222,(Pre-Design),pre-design,EAST 72ND STREET CUL-DE-SAC RECONSTRUCTION,,true
,HWD103100,(Pre-Design),pre-design,RECON OF MYRTLE  AVE / UNION TURNPIKE ENTRANCE TO FOREST PK,,true
,HWD10312,(Pre-Design),pre-design,Safety Improvements at St. Margaret's School,,true
,HWD10323,(Requirements Contract),requirements contract,Upgrades within the Bayside BID,,true
,HWD10324,(Pre-Design),pre-design,Parsons Blvd & 84th Ave & Hoover Ave Ped Safety Improvements,,true
,HWD10326,(Completed),completed,Long Island City Bikeway Improvements,,false
,HWD10327,(Pre-Design),pre-design,Dutch Kills Pedestrian Safety Project,,true
,HWD10328,(Pre-Design),pre-design,A Safer Intersection at 71st Avenue and Austin Street,,true
,HWD10330,(Pre-Design),pre-design,Median and Street Reconstruction in Broad Channel,,true
,HWD10332,(Pre-Design),pre-design,Reconstruct Curbs along median of Rockaway Freeway,,true
,HWD104-07,(Cancelled),cancelled,North Bridge Street/South Bridge Street - Construction,,false
,HWD104-08,(Pre-Design),pre-design,Victory CPI,,true
,HWD104-09,(Pre-Design),pre-design,Pleasant Plains Park and Ride,,true
,HWD104-10,(Pre-Design),pre-design,Sidewalks along Forest Hill Rd btw Ashworth and Ballfield,,true
,HWD104-11,(Pre-Design),pre-design,Christopher Lane Extension,,true
,HWD200-05,(Pre-Design),pre-design,"Sidewalk Reconstruction, 125th St & Lexington",,true
,HWFKGPYRD,(Lump Sum),lump sum,Build-Out Cost for Greenpoint Yard New Trailers,,true
,HWFQ3211,(Completed),completed,32-11 Harper Street   Pantry and Locker Room,,false
,HWH20051,(Pre-Design),pre-design,Colgate Stormwater Flood Priority Area (SEH20051),,true
,HWK002397,(Pre-Design),pre-design,"Knickerbocker Av, Central & Wilson St (SEK002397)",,true
,HWK00503,(Pre-Design),pre-design,BQ Green,,true
,HWK00504,(Completed),completed,Atlantic Avenue - Purchase of WalkNYC Signs,,false
,HWK00514,(Pre-Design),pre-design,Brooklyn Greenway:Atlantic Avenue Connector,,true
,HWK1048D,(Pending),pending,,,true
,HWK1669A,(Pending),pending,,,true
,HWK1669B,(Pending),pending,4th Ave Safety Improvements - Phase B,,true
,HWK20087,(Pre-Design),pre-design,86th Street Stormwater Flood Area (SEK20087),,true
,HWK20091,(Pre-Design),pre-design,Prospect Park Bluebelt (SEK20091),,true
,HWK973,(Pending),pending,,,true
,HWKA37145,(Partner-managed),partner-managed,Borough Hall Pedestrian Improvements,,true
,HWKAPOLWF,(Pre-Design),pre-design,Apollo Street End Waterfront,,true
,HWKAVEWWF,(Pre-Design),pre-design,Avenue W Waterfront Street End,,true
,HWKAVEXWF,(Pre-Design),pre-design,Avenue X Waterfront Street End,,true
,HWKE68WF,(Pre-Design),pre-design,East 68th Street End Waterfront,,true
,HWKF029Z,(Pre-Design),pre-design,FLATLANDS YARD AND STRUCTURES REHABILITATION,,true
,HWKF3000,(Completed),completed,3000 Flatbush Ave Trailers,,false
,HWKFBERRY,(Equipment),equipment,Berry Street,,true
,HWKFCBWF,(Pre-Design),pre-design,Fresh Creek Basin - 4 Waterfront Street Ends,,true
,HWKFFAWF,(Pre-Design),pre-design,Flatlands Avenue Waterfront Structures,,true
,HWKFRH,(Pre-Design),pre-design,Red Hook Build-out,,true
,HWKFTNT,(Equipment),equipment,RRM Storage Tent Replacement,,true
,HWKGPAVWF,(Pre-Design),pre-design,Greenpoint Avenue Waterfront Street End,,true
,HWKMEEKWF,(Pre-Design),pre-design,Meeker Avenue Waterfront Street End,,true
,HWKMETWF,(Pre-Design),pre-design,Newtown Creek Waterfront - Metropolitan Ave Street End,,true
,HWKMETWF2,(Pre-Design),pre-design,Metropolitan Avenue Waterfront at Onderdonk Avenue,,true
,HWKMSPTWF,(Pre-Design),pre-design,Newton Creek Waterfront - Maspeth Ave Street End,,true
,HWM1432,(Pre-Design),pre-design,14th Street Corridor Improvements,,true
,HWM1690,(Pre-Design),pre-design,Henry Hudson Parkway Barrier Replacement,,true
,HWM2026,(Pre-Design),pre-design,Yeshiva University Public Space Improvements Phase 2,,true
,HWM2027,(Pre-Design),pre-design,W Houston Pedestrian and Bike Improvements,,true
,HWM2028,(Pre-Design),pre-design,Security Bollards for the Met's Public Plaza,,true
,HWMF128HR,(Equipment),equipment,Harlem River Drive Buildout,,true
,HWMPS128,(Pre-Design),pre-design,Reconstruction of Broadway from W. 168th St to W. 169th St,,true
,HWMSCH137,(Pre-Design),pre-design,Reconstruction of Broadway and W. 137th St Median Tips,,true
,HWMW215WF,(Pre-Design),pre-design,West 215th Street End Waterfront,,true
,HWMW216WF,(Pre-Design),pre-design,West 216th Street End Waterfront,,true
,HWP25KC1,(Pre-Design),pre-design,Non-Standard Ped Ramps - Brooklyn,,true
,HWP25KC2,(Pre-Design),pre-design,Non-Standard Ped Ramps - Brooklyn,,true
,HWP25KQC,(Pre-Design),pre-design,Non-Standard Ped Ramps - Brooklyn and Queens,,true
,HWP25KRC,(Pre-Design),pre-design,Non-Standard Ped Ramps - Brooklyn and Staten Island,,true
,HWP25MC1,(Pre-Design),pre-design,Non-Standard Ped Ramps - Manhattan,,true
,HWP25MXC,(Pre-Design),pre-design,Non-Standard Ped Ramps - Manhattan and Bronx,,true
,HWP25QC1,(Pre-Design),pre-design,Non-Standard Ped Ramps - Queens,,true
,HWP25QC2,(Pre-Design),pre-design,Non-Standard Ped Ramps - Queens,,true
,HWP25QC3,(Pre-Design),pre-design,Non-Standard Ped Ramps - Queens,,true
,HWP25RC,(Pre-Design),pre-design,Non-Standard Ped Ramps - Staten Island,,true
,HWP25XC,(Pre-Design),pre-design,Non-Standard Ped Ramps - Bronx,,true
,HWPL20006,(Lump Sum),lump sum,PRIOR NOTICE SIDEWALK(SIM),,true
,HWPLZ015Q,(Pre-Design),pre-design,Ozone Park Plaza,,true
,HWPLZ017Q,(Pre-Design),pre-design,46th Avenue (MOMA PS1) Pedestrian Plaza,,true
,HWPR26KQ,(Requirements Contract),requirements contract,Standard Ped Ramp Upgrades - Brooklyn and Queens,,true
,HWPR26KR,(Requirements Contract),requirements contract,Standard Ped Ramp Upgrades - Brooklyn and Staten Island,,true
,HWPR26MKQ,(Requirements Contract),requirements contract,"Standard Ped Ramp Upgrades - Manhattan, Brooklyn, and Queens",,true
,HWPR26Q1,(Requirements Contract),requirements contract,Standard Ped Ramp Upgrades - Queens,,true
,HWPR26QX,(Requirements Contract),requirements contract,Standard Ped Ramp Upgrades - Queens and Bronx,,true
,HWPRINSTL,(Lump Sum),lump sum,Pedestrian Ramps Installation - Lump Sum,,true
,HWPRREHAB,(Lump Sum),lump sum,Pedestrian Ramps Rehabilitation - Lump Sum,,true
,HWPSMGANC,(Cancelled),cancelled,Gansevoort/Astor Planters,,false
,HWQ100SBS,(Lump Sum),lump sum,Woodhaven Blvd SBS,,true
,HWQ1148,(Pre-Design),pre-design,"JEWEL STREET AREA, SE-813",,true
,HWQ1190,(Lump Sum),lump sum,Reconstruction of Queens Blvd,,true
,HWQ1190D,(Pre-Design),pre-design,"RECONSTRUCTION OF QUEENS BLVD, SEGMENT D",,true
,HWQ1192,(Pre-Design),pre-design,Jewel Ave,,true
,HWQ1208,(Pre-Design),pre-design,Downtown Far Rockaway Phase 2,,true
,HWQ1212,(Pre-Design),pre-design,Northern Boulevard Douglaston Connector,,true
,HWQ1500,(Pre-Design),pre-design,Replacement of Existing and Installation of New Storm Sewer,,true
,HWQ49STWF,(Pre-Design),pre-design,49th Street Waterfront - Newtown Creek,,true
,HWQ985A,(Lump Sum),lump sum,Shore Road Embankment Repair,,true
,HWQBULB1,(Pre-Design),pre-design,Queens Bus Bulb Contract,,true
,HWQF031C,(Equipment),equipment,Glendale Yard Pre-Engineered Shed,,true
,HWQF041,(Pre-Design),pre-design,QUEENS SAFETY CITY CONSTRUCTION 2,,true
,HWQF12ST,(Pre-Design),pre-design,38-21 12th Street Rehabilitation,,true
,HWQF2002V,(Completed),completed,GLENDALE YARD TRAILERS,,false
,HWQF4200V,(Cancelled),cancelled,Installation of Sewer & Water Services for 4200 Vernon Blvd.,,false
,HWQF5850,(Equipment),equipment,HVAC Replacement   Maspeth,,true
,HWQFFRTN,(Requirements Contract),requirements contract,Fort Totten,,true
,HWQFGYWF,(Pre-Design),pre-design,Greenpoint Avenue Bridge Yard Waterfront Structures,,true
,HWQFHVAC,(Equipment),equipment,Koldwave Trailer Mounted AC units,,true
,HWQFRESHP,(Requirements Contract),requirements contract,Fresh Pond Repair Shop,,true
,HWQFSW033,(Cancelled),cancelled,33-00 Northern Blvd Swing Space,,false
,HWQHUXWF,(Pre-Design),pre-design,Huxley Street Waterfront - Hook Creek,,true
,HWQJA11CM,(Pre-Design),pre-design,Montebellier Cloudburst (CQJA11CMO),,true
,HWQMASPET,(Pre-Design),pre-design,Maspeth Climate Control and Air Quality Improvements,,true
,HWR00513,(Pre-Design),pre-design,Street Widening in the 50th Council District,,true
,HWR705,(Cancelled),cancelled,Clove Road and Howard Avenue Re-alignment,,false
,HWR706,(Completed),completed,Forest Hill Sidewalk Improvements,,false
,HWR707,(Pre-Design),pre-design,South Gannon Avenue Reconstruction,,true
,HWR709,(Pre-Design),pre-design,Roma Avenue Reconstruction,,true
,HWR72017,(Pre-Design),pre-design,Richmond Ave Ped Safety,,true
,HWR919A,(Pre-Design),pre-design,Bloomingdale Road Reconstruction from Amboy Road to Romona A,,true
,HWR920,(Pre-Design),pre-design,Huguenot Park N Ride,,true
,HWR921,(Pre-Design),pre-design,Mid Island Blue Belt Street Reconstruction,,true
,HWRAP07,(Funding Agreement),funding agreement,RAP HAULING,,true
,HWRBENTWF,(Pre-Design),pre-design,Bentley Street End Waterfront,,true
,HWRFRTWF,(Pre-Design),pre-design,Richmond Yard Area Waterfront Structures,,true
,HWS2026X,(Requirements Contract),requirements contract,Prior Notice Sidewalks - Bronx,,true
,HWSAFTR,(Pre-Design),pre-design,Safe Routes to Transit,,true
,HWSCD50,(Pre-Design),pre-design,Sidewalk Construction in Council District 50,,true
,HWSIFLEET,(Equipment),equipment,SIM Fleet Services Reloc. - 151 S. MacQuesten,,true
,HWSTEP04,(Lump Sum),lump sum,STEP STREET REHABILITATION,,true
,HWTSQI,(Lump Sum),lump sum,Public Plaza Improvements,,true
,HWWATER37,(Equipment),equipment,37TH AVE DOT MOVE DUE TO DEP  WATER TUN 3,,true
,HWX132WF,(Pre-Design),pre-design,132nd Street End Waterfront,,true
,HWX149WF,(Pre-Design),pre-design,149th Street End Waterfront,,true
,HWX711,(Pre-Design),pre-design,Bronx River Greenway @ 233rd St,,true
,HWXBSAVWF,(Pre-Design),pre-design,Bay Shore Avenue Waterfront - Eastchester Bay,,true
,HWXFSCWF,(Pre-Design),pre-design,Safety City Waterfront Structures,,true
,HWXS711,(Pending),pending,,,true
,ITSBELTPK,(Requirements Contract),requirements contract,Intelligent Transportation Systems on Belt Parkway X501.62,,true
,ITSJACKPK,(Requirements Contract),requirements contract,Intelligent Transportation System Jackie Robinson Pk X501.60,,true
,ITSKOREAN,(Requirements Contract),requirements contract,Intelligent Transportation Systems on Korean Vet Pky X501.65,,true
,JAMASTPLZ,(Partner-managed),partner-managed,Greater Jamaica Dev Corp Station Plaza Acquisition,,true
,MOLHYBRID,(On-Hold),on-hold,Molinari Class conversion to Inte Hybrid Diesel Electric,,true
,MOLINARFB,(Requirements Contract),requirements contract,Drydock and Reconstruct Molinari Class Ferryboats,,true
,MOLRETROF,(Requirements Contract),requirements contract,MOLINARI CLASS UPGRADES-RETRO FIT,,true
,NDF-BSRTP,(Pre-Design),pre-design,NDF - Real Time Passenger Information Bay Street,,true
,NDF-CCIMP,(Pre-Design),pre-design,NDF - Commercial Corridor Improvements,,true
,NDF-IWEIS,(Pre-Design),pre-design,NDF - EIS Transportation Mitigation Inwood,,true
,P11WALLST,(Pre-Design),pre-design,Wall Street Pier 11 Ferry Landing Rehabilitation,,true
,P-2ASPHLT,(Requirements Contract),requirements contract,Breukelen & Dr. John's PlGD Asphalt MPPA repaving,,true
,P-310CYPP,(Requirements Contract),requirements contract,Brig. Gen. Charles Young Playground Pathways Reconstruction,,true
,P-4FPKDRR,(Pre-Design),pre-design,"Forest Pkwy/Forest Pk Dr, Myrtle Av to Park Ln Repaving",,true
,P-4PASAIR,(On-Hold),on-hold,FMCP Passerelle Bridge and Roof Reconstruction,,true
,P-502EBRD,(Requirements Contract),requirements contract,Edinboro Road Mill and Repaving,,true
,PIER1WHAR,(Pre-Design),pre-design,FMF Pier1 & Adjacent Wharves Reconstruction,,true
,PIER2WHAR,(Pre-Design),pre-design,FMF Pier2 & Adjacent Wharves Reconstruction,,true
,P-PAINT1,(Pre-Design),pre-design,"Protective Coating of Park Bridges, Contract 1 (Bklyn & Qns)",,true
,P-PAINT2,(Pre-Design),pre-design,"Protective Coating of Park Bridges, Contract 2 Bronx Manhatt",,true
,QB2HAZMIG,(Lump Sum),lump sum,Queensboro Bridge - HAZARD MITIGATION,,true
,QUEENSCWH,(Completed),completed,QUEENS COMMERCIAL CORRIDOR AT WOODHAVEN,,false
,REALTIMPS,(Requirements Contract),requirements contract,"Real Time Passenger Information System, CW - Streets Plan",,true
,RTPIFY19,(Completed),completed,REAL TIME PASSENGER INFO SIGNS - FY19,,false
,RTPIFY20,(Requirements Contract),requirements contract,Real Time Passenger Info Signs FY20ADOP,,true
,S248-423B,(Requirements Contract),requirements contract,Bronx 9/10/11 Watson Ave swing space Paving,,true
,SANDCONDU,(Lump Sum),lump sum,SANDY CONDUIT ADDITIONAL CITY-WIDE WORK,,true
,SANDHB001,(Completed),completed,Battery Park 2-23200 & West St 2-26738 Underpasses- Sandy,,false
,SANDHW27,(Cancelled),cancelled,Montgomery to 15th Street - Hurricane Sandy,,false
,SANDRF09,(Completed),completed,FMF Emergency  Generator Installation,,false
,SANDRF11,(Design Build),design build,Ferry Terminal Floodproofing,,true
,SANDSIFMF,(Pre-Design),pre-design,Whitehall Ferry Terminal Roof Replacement,,true
,SEEDAAMUP,(Pre-Design),pre-design,Atlantic Avenue Reconstruction - Flatbush to Bedford,,true
,SEEDHWP1,(Pre-Design),pre-design,MSMX Herald Square Broadway Vision/B'way b/t 33-38th Streets,,true
,SEEDHWQ1,(Pre-Design),pre-design,JNP Archer Avenue Sidewalk & Bus Layover Improvements,,true
,SEEDHWQ2,(Pre-Design),pre-design,JNP 165th Street Shared Street,,true
,SEEDHWQ3,(Pre-Design),pre-design,JNP Merrick Boulevard Median and Busway Improvements,,true
,SEEDHWQ4,(Pre-Design),pre-design,LIC 44th Drive Pedestrian Improvements,,true
,SEEDHWQ5,(Pre-Design),pre-design,LIC Center and Vernon Boulevard Greenway Bike Improvements,,true
,SEEDHWQ6,(Pre-Design),pre-design,LIC 21st Street Station Intermodal Hub,,true
,SEEDHWQ7,(Pre-Design),pre-design,LIC Queensboro Bridge waterfront esplanade,,true
,SEEDHWX01,(Pre-Design),pre-design,BMN Erskine Bus Turnaround,,true
,SEEDHWX02,(Pre-Design),pre-design,BMN Marconi Street Extension,,true
,SEEDHWX03,(Pre-Design),pre-design,BMN East Tremont Avenue,,true
,SEEDHWX04,(Pre-Design),pre-design,BMN Marconi Street Sidewalks,,true
,SEEDHWX05,(Pre-Design),pre-design,BMN Stillwell-Eastchester-Wilkinson-Bassett,,true
,SEEDHWX06,(Pre-Design),pre-design,BMN White Plains-Unionport-Baker,,true
,SEEDHWX07,(Pre-Design),pre-design,BMN Station Plaza and Pedestrian Crossings,,true
,SIGNALSF3,(Construction),construction,"Traffic Signals Safety, Citywide",,true
,SIGNALSF4,(Lump Sum),lump sum,"Traffic Signals Safety, Citywide",,true
,SIGNALSVZ,(Requirements Contract),requirements contract,Signalized Intersection Improvements-Vision Zero,,true
,STEFFSCMV,(Equipment),equipment,NYC Street Efficiency Strategic Commercial Vehicle Monitorin,,true
,STGBUSRAM,(Requirements Contract),requirements contract,St. George Terminal Bus Ramp Recons,,true
,STGTCHILL,(Requirements Contract),requirements contract,St. George Ferry Terminal Chiller Replacement,,true
,STGTELPAN,(Completed),completed,St. George Terminal Electrical Panel Upgrade,,false
,STGWIRERP,(Completed),completed,"ST. GEORGE FERRY SLIPS WIRE ROPES, X823.66",,false
,TD19RFRE3,(Equipment),equipment,Refresh of PC Network Infrastructure,,true
,TF012026,(Requirements Contract),requirements contract,New Signals Installation - Citywide FY26,,true
,TF01APS,(Lump Sum),lump sum,"Accessible Pedestrian Signals, citywide  - TEN YEARS",,true
,TF01RLC6,(Equipment),equipment,Red Light Cameras -purchase and installation,,true
,TF01RUDA,(Equipment),equipment,Furnish and Installl Roadway Dectection Data Analytics Sys,,true
,TF01TPM23,(Requirements Contract),requirements contract,Thermoplastic Marking Citywide-FY23,,true
,TF01VARMS,(Requirements Contract),requirements contract,"Variable Message Signs Replacement, Citywide",,true
,TF072017,(Requirements Contract),requirements contract,Extension of lighting project Woodhaven,,true
,TF18BRIDG,(Equipment),equipment,Bayridge Garage Elevator Replacement,,true
,TF18JE190,(Pre-Design),pre-design,Jerome & E.190th Garage Elevators Replacement,,true
,TF18-JGH,(Requirements Contract),requirements contract,"JEROME GUN HILL MUNICIPAL PARKING GARAGE, BRONX",,true
,TF18-LUMP,(Lump Sum),lump sum,LUMP SUM FOR PARKING RECONSTRUCTION,,true
,TF50308,(Requirements Contract),requirements contract,"St lg Poles:Cross Bay Blvd ,156th to 165th Ave -S4319,MA122.",,true
,TF50309,(Requirements Contract),requirements contract,St lg inst on Old Howard Beach -S4320,,true
,TF50310,(Requirements Contract),requirements contract,"Rlp lg brackets 102nd St and 159 Ave, -XMA123.30A",,true
,TF50311,(Requirements Contract),requirements contract,Rpl St lg pl Bedford Ave fm Campus Rd to Foster Ave-XMA165.3,,true
,TF50312,(Requirements Contract),requirements contract,St lg repl Union Turnpike:Main St to Utopia Pkwy MA2179.30,,true
,TF50313,(Requirements Contract),requirements contract,Instl lg on Cortelyou Rd&Newkirk XMA193.30 & A835,,true
,TF50316,(Requirements Contract),requirements contract,"Decor Historic lg on W13th St, from 7th Ave to XMA418.30A",,true
,TF50318,(Requirements Contract),requirements contract,St on Myrtle Avenue Bus Corridor XA839,,true
,TF50319,(Requirements Contract),requirements contract,St light on Steinway Bus Corridor XA2308,,true
,TF50320,(Requirements Contract),requirements contract,East New York Street Lighting,,true
,TFAPEDSY4,(Requirements Contract),requirements contract,Accessible Pedestrian Signals,,true
,TFAPEDSY5,(Requirements Contract),requirements contract,Accessible Pedestrian Signals-CW,,true
,TFCORRBA2,(Requirements Contract),requirements contract,Replacement of Corroded Stlight&Signal Poles Base,,true
,TFCORRBAS,(Construction),construction,Replacement of Corroded Street light and Signal Poles,,true
,TFCPARKLG,(Construction),construction,Central Park Light Infrastructure,,true
,TFCWSBST,(Requirements Contract),requirements contract,SBS-Citywide Real Time Totem System,,true
,TFD503-04,(Requirements Contract),requirements contract,ROOSEVELT AVENUE STREET LIGHTING,,true
,TFD503-07,(Requirements Contract),requirements contract,GREAT KILLS MUNICIPAL PARKING LOT LIGHTING,,true
,TFD503-17,(Requirements Contract),requirements contract,HISTORIC ST LIGHT-WEST BROADWAY FROM HOUSTON TO BROOME,,true
,TFD503-20,(Requirements Contract),requirements contract,DOWNTOWN ALLIANCE-HISTORIC LIGHTPOLES,,true
,TFD503K23,(Requirements Contract),requirements contract,BROOKLYN  HEIGHTS HISTORIC LIGHTING,,true
,TFD503K26,(Requirements Contract),requirements contract,FLATBUSH AVE. ST. PURCHASE AND INSTALLATION OF LAMP POST,,true
,TFD503KCD,(Requirements Contract),requirements contract,"COUNTDOWN CLOCKS INSTALLATION IN BENSONHURST, BKLYN",,true
,TFD503M24,(Requirements Contract),requirements contract,FLATIRON DISTINCTIVE LIGHTING ALONG 23rd ST. 3rd to 6th AV.,,true
,TFD503M27,(Requirements Contract),requirements contract,REPLACE AND INSTALL ST LG IN FASHION CENTER BUSINESS IMPRV,,true
,TFD503M29,(Requirements Contract),requirements contract,Second Avenue Street lights,,true
,TFD503M30,(Requirements Contract),requirements contract,Garment District street light,,true
,TFD503M31,(Requirements Contract),requirements contract,"Historic St lg on 11th St and on 12th St, Manhattan",,true
,TFD503M33,(Requirements Contract),requirements contract,GREENWICH VILLAGE DECORATIVE LIGHTING,,true
,TFD503M34,(Requirements Contract),requirements contract,"Lg Poles on Crosby and Bleecker-  NOHO, Manhattan",,true
,TFD503M35,(Requirements Contract),requirements contract,"JUMEL TERRACE HISTORIC DISTRICT LIGHTING, MANHATTAN",,true
,TFD503M36,(Pre-Design),pre-design,"St lg for Canoe, 36th St bet.9th Ave and Dyer Ave, Manh",,true
,TFD503Q29,(Requirements Contract),requirements contract,LED Lighting upgrade on Jamaica Ave,,true
,TFD503Q32,(Requirements Contract),requirements contract,MYRTLE AVE DECORATIVE LIGHTING QUEENS,,true
,TFD503Q33,(Requirements Contract),requirements contract,Lght along Merrick bt. Hook Creek Blvd &Springfield Blvd,,true
,TFD503X21,(Requirements Contract),requirements contract,CLAY AV.HISTORIC DISTRICT OLD-STYLE ST LAMP BET. E165& 167TH,,true
,TFK50308,(Requirements Contract),requirements contract,HISTORIC LIGHTS FOR FLATBUSH AVE BET GRAND ARMY PL/ATLANTIC,,true
,TFK50312,(Requirements Contract),requirements contract,STREET LIGHT ON KINGS HIGHWAY BET CONEY ISLAND AV &E.16TH ST,,true
,TFK50313,(Requirements Contract),requirements contract,Historic Lighting on Broadway btw Roebling and Bedford,,true
,TFKVANDMD,(Requirements Contract),requirements contract,VANDERBILT AVE MERCHANTS DISTRICT/PHNDC:  ELEGANT STREET LIG,,true
,TFLGAVEU,(Requirements Contract),requirements contract,St Lg on Ave U from Ocean Pkwy to McDonald Ave XMA206.30A,,true
,TFLTURNSG,(Requirements Contract),requirements contract,"Installation of Left Turn Signals, Citywde",,true
,TFLUMP,(Lump Sum),lump sum,Traffic projects,,true
,TFM50311,(Requirements Contract),requirements contract,INSTALL S-POLE LIGHTING- VARIOUS STREETS WEST OF BROADWAY,,true
,TFM50316,(Requirements Contract),requirements contract,Frederick Douglas Blvd Street Lamps,,true
,TFM50320,(Requirements Contract),requirements contract,"Union Square - 14th Street Lighting Upgrades, MANHATTAN",,true
,TFM50321,(Requirements Contract),requirements contract,"WEST VILLAGE UPGRADE LAMPPOST TO BISHOP CROOK, MANHATTAN",,true
,TFMARKLMP,(Lump Sum),lump sum,THERMOPLASTIC MARKINGS-TEN YEARS,,true
,TFPEDCDW3,(Construction),construction,Furnish and install Pedestrian Countdown Clocks,,true
,TFPOWCURB,(Equipment),equipment,"Furnish and Install  L2 Charging Infrastructure, Curbside,CW",,true
,TF-RELITE,(Equipment),equipment,Citywide LED Street Light Replacement Plan,,true
,TFSBIKEPK,(Lump Sum),lump sum,Purchase and installation of Secure Bike Parking,,true
,TFSPDCAM2,(Equipment),equipment,"Purchase and Install Speed Cameras, Citywide",,true
,TFWHSBSRT,(Requirements Contract),requirements contract,SBS - Real Time Totem System,,true
,TFX50301,(Requirements Contract),requirements contract,GRAND CONCOURSE DECORATIVE STREET LIGHTING,,true
,TYPLREP,(Lump Sum),lump sum,TRAFFIC PARK & HIGHWAY DISTRIBUTION(TEN YEAR PLAN),,true
,TYPLSGM,(Lump Sum),lump sum,TRAFFIC SIGNALS (TEN YEAR PLAN),,true
,VANCRTLD,(Requirements Contract),requirements contract,VAN COURTLAND FACILITY,,true
,W147LIGH,(Requirements Contract),requirements contract,West 147th Street Sugar Hill Historical Street Lights,,true
,WB2HAZMIG,(Lump Sum),lump sum,Williamsburg Bridge - HAZARD MITIGATION,,true
,WHAMBEACH,(Completed),completed,HAMILTON BEACH BULKHEADS AND ROADWAYS,,false
,WHTGIRDS2,(Pre-Design),pre-design,Whitehall Ferry Terminal-Slip2  Girder Reconstruction,,true
,WHTGIRDS3,(Pre-Design),pre-design,Whitehall Ferry Terminal-Slip3 Girder Reconstruction,,true
1997,BRC231F,(Completed),completed,BRC231F Ed Koch Queensboro Bridge Contract 10,2025-09-17T00:00:00.000,false
1998,BRC253D,Close-out,close-out,BRC253D Williamsburg Bridge Contract 9,2026-06-28T00:00:00.000,true
1999,BRC270D,Close-out,close-out,"BRC270D Brooklyn Bridge Rehabilitation of Approach Arches, Towers and Miscellaneous Rehabilitation",2025-06-03T00:00:00.000,true
2000,BRKA24039,Design,design,BRKA24039 TDCSS for the Reconstruction of Grand Street Bridge over Newtown Creek,2034-01-21T00:00:00.000,true
2001,BRX2110,Design,design,BRX2110 Boston Road Bridge over Bronx River,2040-11-10T00:00:00.000,true
2002,BRX287BS,(Cancelled),cancelled,BRX287BS Macombs Dam-Bridge Bus Stop,,false
2003,BRX9579,Construction,construction,BRX9579 Boston Road over Hutchinson River,2027-04-23T00:00:00.000,true
2005,HB1070BR,Construction,construction,HB1070BR Protective Coating of Various Bridges in Brooklyn,2027-10-31T00:00:00.000,true
2007,HB1070QN,(Completed),completed,HB1070QN Protective Coating of Various Bridges in Queens,2026-03-31T00:00:00.000,false
2008,HBBA06672,Design,design,HBBA06672 East 174th Street Bridge over Sheridan Expressway and Amtrak,2032-09-20T00:00:00.000,true
2009,HBBA24138,Design,design,HBBA24138 Pelham Bay Park Equestrian Bridge Over Amtrak-CSX,2031-08-09T00:00:00.000,true
2012,HBBA24245,Design,design,HBBA24245 East 233rd Street Bridge over Bronx River,2032-04-14T00:00:00.000,true
2019,HBCR03B,Construction,construction,HBCR03B Component Rehabilitation 03B Construction,2027-07-06T00:00:00.000,true
2020,HBCR16,Construction,construction,HBCR16 Component Rehab of  7 Bridges in Brooklyn,2026-10-08T00:00:00.000,true
2021,HBCR21A,Construction,construction,HBCR21A Component Rehab of Bridges 21A,2027-07-01T00:00:00.000,true
2022,HBCR21B,Construction,construction,HBCR21B Component Rehabilitation of 8 Bridges,2028-05-23T00:00:00.000,true
2023,HBCR22A,Construction Procurement,construction procurement,HBCR22A Component Rehab of Bridges 22A,2027-02-10T00:00:00.000,true
2024,HBCR22B,Construction Procurement,construction procurement,HBCR22B Component Rehab of Bridges 22B,2029-05-23T00:00:00.000,true
2025,HBCR23A,Design,design,HBCR23A Component Rehab of Bridges 23A,2030-11-19T00:00:00.000,true
2026,HBCR23B,Design,design,HBCR23B Component Rehab of 10 Bridges,2030-10-06T00:00:00.000,true
2031,HBK1205,Construction,construction,HBK1205 Reconstruction of 5th Avenue Bridge over LIRR and Sea Beach,2027-10-10T00:00:00.000,true
2032,HBK244120,Design,design,HBK244120 Hill Dr (Terrace Br) over Prospect Park Lake,2030-03-25T00:00:00.000,true
2033,HBK4470,Design,design,HBK4470 Seeley Street Bridge over Prospect Avenue,2030-08-01T00:00:00.000,true
2034,HBK530,Design,design,HBK530 Parkside Avenue and Ocean Avenue RR BR,2031-07-01T00:00:00.000,true
2039,HBKA23308,Design,design,HBKA23308 East 14th Street Pedestrian Bridge over BSHP,2026-11-05T00:00:00.000,true
2040,HBKA24310,Design,design,HBKA24310 Beverley Road over BMT Subway Brighton,2031-04-01T00:00:00.000,true
2041,HBM1147,Construction,construction,HBM1147 Rehabilitation of Broadway Bridge over Harlem River,2029-10-29T00:00:00.000,true
2042,HBM1165,Construction,construction,HBM1165 Rehabilitation of Riverside Drive Viaduct Over West 158th St,2027-01-14T00:00:00.000,true
2044,HBM1189,Construction,construction,HBM1189 West 79th Street over AMTRAK,2027-05-12T00:00:00.000,true
2045,HBM1221,Design,design,HBM1221 E25th Street Pedestrian Bridge over FDR,2035-07-28T00:00:00.000,true
2047,HBM551,Construction,construction,HBM551 Reconst Park Ave Tunnel under E 33rd to 40th St,2026-10-18T00:00:00.000,true
2048,HBM702990,(On-hold),on-hold,"HBM702990 Fort Washington Pedestrian Bridge over Amtrak, BIN 7702990",2030-01-22T00:00:00.000,true
2049,HBM8650,Design,design,HBM8650 Rehab for FDR Northbound from East 42-49th St,2030-06-06T00:00:00.000,true
2050,HBMA22934,Design,design,HBMA22934 Ramp to NB HHP over Amtrak West Side,2032-01-18T00:00:00.000,true
2051,HBMA23216,Design,design,HBMA23216 Promenade over FDR Drive E81st - 90th Streets,2030-06-30T00:00:00.000,true
2052,HBMA24501,Design,design,HBMA24501 West 35th Street over AMTRAK 30th Street Branch,2035-08-17T00:00:00.000,true
2053,HBMA24544,Design,design,HBMA24544 West 40th Street over AMTRAK 30th Street Branch,2033-12-23T00:00:00.000,true
2054,HBMA26724,Design,design,HBMA26724 Trans-Manhattan Expressway BIN 2267240,2034-03-19T00:00:00.000,true
2056,HBMFDNY20,Design,design,HBMFDNY20 FDNY NFPA Code Update HHP Various and Park Ave Tunnel,2031-05-05T00:00:00.000,true
2058,HBPK17K,Construction,construction,HBPK17K Pedestrian Bridge Over Belt Parkway,2027-01-17T00:00:00.000,true
2059,HBPK27K,Construction,construction,HBPK27K Pedestrian Bridges Over Belt Parkway,2027-06-30T00:00:00.000,true
2060,HBQ1114,Design,design,HBQ1114 Hempstead Avenue Bridge over CIP,2033-04-17T00:00:00.000,true
2061,HBQ1115,Design,design,HBQ1115 Union Turnpike Bridge over CIP,2032-03-07T00:00:00.000,true
2062,HBQ1203,Construction,construction,HBQ1203 Roosevelt Ave Bdg Rehab,2026-09-05T00:00:00.000,true
2063,HBQ49AV,Design,design,HBQ49AV 49th Avenue over LIRR,2032-01-15T00:00:00.000,true
2064,HBQA23081,Design,design,HBQA23081 Astoria Blvd Eastbound Bridge over 278I (BQE West Leg),2032-03-15T00:00:00.000,true
2065,HBQA23176,Design,design,HBQA23176 BCIP over Dutch Broadway,2036-02-26T00:00:00.000,true
2066,HBQA24750,Design,design,HBQA24750 Metropolitan Avenue Bridge over CSX Transport,2035-08-02T00:00:00.000,true
2067,HBQA24815,Design,design,HBQA24815 Woodhaven Blvd over Queens Blvd,2032-07-15T00:00:00.000,true
2068,HBQA26614,Design,design,HBQA26614 Hempstead Avenue Bridge over CIP Service Lane,2033-04-17T00:00:00.000,true
2070,HBR249730,Design,design,HBR249730 Br Over Dam over North End Clove Lake,2030-08-30T00:00:00.000,true
2071,HBRA24939,(On-hold),on-hold,HBRA24939 Cedarview Avenue Pedestrian Bridge over SI SIRT South Shore,,true
2072,HBRA24982,Design,design,HBRA24982 Arthur Kill Road over Arthur Kill Stream,2032-12-10T00:00:00.000,true
2073,HBRIBIKE,(Completed),completed,HBRIBIKE Roosevelt Island Bridge Bike Lane,,false
2075,HBX1103,Design,design,HBX1103 Concourse Village Avenue over Metro North,2032-05-27T00:00:00.000,true
2076,HBX1127,Design,design,HBX1127 Pelham Parkway Bridge over Hutchinson River Parkway,2033-08-19T00:00:00.000,true
2077,HBX1131,(Completed),completed,HBX1131 Replacement of Bruckner Expressway over Westchester Creek,2026-01-06T00:00:00.000,false
2078,HBX1148B,Design,design,HBX1148B Shore Road over Hutchinson River Bridge,2033-08-23T00:00:00.000,true
2079,HBX1190,Construction,construction,HBX1190 Grand Concourse Bridge over Metro North Railroad Hudson Line,2027-11-22T00:00:00.000,true
2080,HBX1215,Close-out,close-out,HBX1215 East 175th Street bridge over MNRR Harlem Line,,true
2081,HBX1460,Construction Procurement,construction procurement,HBX1460 West Tremont Avenue Bridge over Metro North Rail Road Hudson Line,2031-10-24T00:00:00.000,true
2082,HBX156,Design,design,HBX156 East 156th Street Bridge over Access to Housing,2033-04-03T00:00:00.000,true
2083,HBX163,Close-out,close-out,"HBX163 Filling of Five Bridges over Abandoned CSX Line, Melrose, Bronx",2023-09-30T00:00:00.000,true
2084,HBX1670,Close-out,close-out,HBX1670 East 169th Street Bridge over MNRR,,true
2085,HBX180,Construction,construction,HBX180 East 180th Street Bridge over MNRR,2026-12-07T00:00:00.000,true
2086,HBX644S,(Completed),completed,HBX644S Madison Avenue Bridge Rehabilitation,2025-04-21T00:00:00.000,false
2088,SANDHB2U,Construction,construction,SANDHB2U Design of Flood Gates for  Battery Park Tunnel (2232000) and West Street Tunnel (2267380),2027-08-01T00:00:00.000,true
4473,P-3RVOVER,Design,design,P-3RVOVER Reconstruction of the Riverside Park Amtrak Overbuild,2031-11-07T00:00:00.000,true
4475,HBQ8019,Design,design,HBQ8019 Rehab Woodhaven Blvd,2031-06-11T00:00:00.000,true
4476,HBQ231720,Design,design,HBQ231720 Merrick Blvd over BLP SB BIN 2231720,2031-07-25T00:00:00.000,true
4477,HBQ231710,Design,design,HBQ231710 Merrick Blvd over BLP NB BIN 2231710,2031-07-24T00:00:00.000,true
4478,HBM245080,Design,design,HBM245080 West 39th St over Amtrak 30th St Branch BIN 2245080,2031-07-24T00:00:00.000,true
4479,HBM245070,Design,design,HBM245070 West 38th St over Amtrak 30th St Branch BIN 2245070,2031-05-21T00:00:00.000,true
4480,HBM24064,Pre-Design,pre-design,HBM24064 Fender System for Roosevelt Island Bridge over East River,,true
4481,HBM1212,(Completed),completed,"REHAB OF PARK AVE VIADUCT, NORTH SIDE OF EAST 42ND STREET",,false
4482,HBM1027,Close-out,close-out,"HARLEM RV DRIVE VIADUCT: 127TH ST - 2ND AVE #2-23305-9/TN,,,",,true
4483,HBKA24371,Pre-Design,pre-design,HBKA24371 19TH Avenue Over BMT Sea Beach BIN 2243710,,true
4484,HBK1201,(Completed),completed,ATLANTIC AVENUE/LIRR ATLANTIC AVENUE 2-243569,,false
4485,HBK1023,Close-out,close-out,MILL BASIN BR / BELT PARKWAY #2-23147-9/TN,2024-12-31T00:00:00.000,true
4486,HBCR02B,Close-out,close-out,COMPONENT REHABILITATION 02B CONSTRUCTION,2024-10-20T00:00:00.000,true
4488,HB1070MD,Construction Procurement,construction procurement,HB1070MD Protective Coating of Macombs Dam Bridge,2029-01-19T00:00:00.000,true
4489,WHTLBRIDG,(On-hold),on-hold,"Whitehall Slips 1,2,3  Bridge Reconstruction",2028-06-30T00:00:00.000,true
4490,TRANSBCTY,Design,design,Reconstruction Transfer Bridge Structure at City Island,2026-12-31T00:00:00.000,true
4492,SANDRF07,Design,design,STATEN ISLAND FERRY HEAVY WEATHER MOORING,2028-12-09T00:00:00.000,true
4493,SANDRF05,Close-out,close-out,Construction of New Ferryboats,2024-04-01T00:00:00.000,true
4494,FVESSGANR,Construction,construction,Facility/Vessel Gangways Replacement/Upgrade,2026-12-28T00:00:00.000,true
4495,FMFVARNR,Construction Procurement,construction procurement,FMF Vehicle Access Ramps and Nose Upgrade,2027-01-15T00:00:00.000,true
4496,FBENVCOM,Construction,construction,Ferryboat Environmental Compliance Upgrades,2026-07-01T00:00:00.000,true
4497,FAUREABRG,Close-out,close-out,SIF Diesel Exhaust Fluid (DEF) Storage & Distribution,2024-12-12T00:00:00.000,true
4498,FATERMTBC,(On-hold),on-hold,STG &  WHT Ferry Terminals Transfer Bridge Control Update,2028-06-07T00:00:00.000,true
4499,FASGTRCN,Design,design,St.George Ferry Terminal Waterfront Remediation,2036-12-31T00:00:00.000,true
4500,FASEAWALL,Design,design,Ferry Maintenance Facility Seawall PinX823.78,2030-12-30T00:00:00.000,true
4501,C5586,(Cancelled),cancelled,REPLACEMENT OF COSGROVE FERRY BOAT,,false
4502,HWXHUTCH,Pre-Design,pre-design,Hutchinson River Parkway Access Road,,true
4503,HWQ788,Pre-Design,pre-design,LIC/Hunters Point Area-wide Reconstruction,,true
4504,SEQUEENS,(Withdrawn),withdrawn,South East Queens Initiative,,true
4513,HWQEDGM1,Pre-Design,pre-design,Edgemere Avenue Phase 1 (B56 Pl to B62),,true
4514,HWQ789,Pre-Design,pre-design,THOMSON AVE. SAFETY IMPROVEMENTS -- LAGUARDIA COMM. COLLEGE,,true
4516,HWQ1203,Pre-Design,pre-design,Maspeth Ave and Rust Street Safety Improvements,,true
4517,HWQ1202,Pre-Design,pre-design,34TH AVENUE MALLS,,true
4518,HWQ1200,Pre-Design,pre-design,Vision Zero Great Streets Northern Boulevard Phase 1,,true
4519,HWQ1199,Pre-Design,pre-design,Beach 84th Street End,,true
4527,HWKMGB,Pre-Design,pre-design,McGuinness Blvd Safety Improvements,,true
4530,HWK00502,Pre-Design,pre-design,8th Avenue Sunset Park Chinatown Archway,,true
4531,HWK002392,Pre-Design,pre-design,3rd Avenue Reconstruction in Brooklyn,,true
4567,HWMM009,(Transferred),transferred,850 HWMM100 GATEWAYS TO CHINATOWN,,true
4569,HWPLZ010M,(Cancelled),cancelled,Flatiron Plaza Reconstruction,,false
4722,HBK243140,Pre-Design,pre-design,"HBK243140 Newkirk Ave over BMT Subway, Brighton BIN 2243140",,true
4723,HBQ231620,Construction,construction,HBQ231620 Farmers Boulevard Over BSOP BIN 2231620,2036-11-06T00:00:00.000,true
4724,HWD102M01,Pre-Design,pre-design,Forsyth Plaza Kiosk Power/Electrical Improvements,,true
4725,HWD103Q01,Pre-Design,pre-design,Broad Channel Volunteer Fire Department Median Cut/Signal,,true
4726,HWD105X01,Pre-Design,pre-design,Morris Avenue Plaza Kiosk,,true
4727,HWK2048B,Pre-Design,pre-design,HWK2048B,,true
4729,HWPLZ016Q,Pre-Design,pre-design,Woodside Avenue,,true
4731,HWPLZ019M,Pre-Design,pre-design,HWPLZ019M,,true
4732,HWQ1209,(Transferred),transferred,Utopia Parkway Safety Improvements & Seawall Repair,2029-05-14T00:00:00.000,true
4733,HWQ631B2,Pre-Design,pre-design,Somerville Area - Phase II,,true
4734,HWX415,Pre-Design,pre-design,North Bronx Multi-Site Safety,,true
4735,HWX416,Pre-Design,pre-design,Southern Blvd Area Multi-Site,,true
4737,HWM1689,(Transferred),transferred,FDR Median Guardrail Reconstruction,,true
4740,SEEDQSTWY,Pre-Design,pre-design,Steinway Street Pedestrian Improvements,,true
5519,HWQ1211,Pre-Design,pre-design,Kissena Boulevard Cloudburst,,true
,P-102DELV,(Pending),pending,Del Valle Square   X009-111M,,true
,P-108KHC1,(Pending),pending,Kingsbridge Heights Community Center Roof Reconstruction,,true
,P-1CPIFIN,(Transferred),transferred,Fort Independence Playground PRB X020,,true
,P-218MPSW,(Pre-Design),pre-design,Marine Park Gerritsen Ave Sidewalks Reconstruction,,true
,P-2BUSHDE,(Pending),pending,Bushwick Inlet Park CitiStorage Demolition Lump Sum,,true
,P-2CPIHAT,(Transferred),transferred,Hattie Carthan Playground PRB B323,,true
,P-313ARDR,(Pre-Design),pre-design,Arsenal Drainage Systems Reconstruction,,true
,P-3CPIREN,(Transferred),transferred,Renaissance Playground PRB M245,,true
2659,P-3W69SB2,Construction,construction,Riverside Park South West 69th Street Transfer Bridge Reconstruction,2026-08-16T00:00:00.000,true
2660,P-101BPAR,Close-out,close-out,"Brook Park Fence, Water Supply and Sidewalk Reconstruction",2024-09-30T00:00:00.000,true
2661,P-314RPDR,Close-out,close-out,Riverside Park West 142nd Street Dog Run Construction,2025-04-18T00:00:00.000,true
2662,P-411APE2,Close-out,close-out,Alley Pond Environmental Center Reconstruction,2023-09-07T00:00:00.000,true
2663,P-4QMULT2,Construction,construction,Kissena Corridor Park Ballfield 5 Reconstruction,2026-03-16T00:00:00.000,true
2664,P-1CROT13,Construction,construction,Van Cortlandt Park Greenhouse Reconstruction,2026-09-30T00:00:00.000,true
2665,P-217D017,Close-out,close-out,Wyckoff House Park Public Restroom Building Construction,2024-04-11T00:00:00.000,true
2666,P-413IDL3,Close-out,close-out,"Idlewild Park Fencing, Sidewalks and Parking Lot Reconstruction",2024-05-30T00:00:00.000,true
2667,SANDY4-10,Close-out,close-out,Ralph Demarco Park Shoreline Reconstruction (Hurricane Sandy),2024-09-30T00:00:00.000,true
2668,P-301VIE2,Close-out,close-out,Vietnam Veterans Plaza Reconstruction (Hurricane Sandy),2023-07-21T00:00:00.000,true
2668,SANDY3-11,Close-out,close-out,Vietnam Veterans Plaza Reconstruction (Hurricane Sandy),2023-07-21T00:00:00.000,true
2669,P-2CIWALK,Construction Procurement,construction procurement,Coney Island Boardwalk Reconstruction,2029-04-13T00:00:00.000,true
2670,IDA21-16,Construction,construction,St. Mary's Park Recreation Center Reconstruction,2026-05-31T00:00:00.000,true
2670,P-1PDSMRC,Construction,construction,St. Mary's Park Recreation Center Reconstruction,2026-05-31T00:00:00.000,true
2671,P-2PDSSRC,Construction,construction,Sunset Park Bathhouse Reconstruction,2026-11-26T00:00:00.000,true
2672,P-3PDHBRC,Construction,construction,Hansborough Recreation Center Reconstruction,2027-03-31T00:00:00.000,true
2673,P-3PDTDRC,Close-out,close-out,Tony Dapolito Recreation Center Stabilization,2025-11-03T00:00:00.000,true
2674,P-4PDLBRC,Close-out,close-out,Lost Battalion Hall Recreation Center Reconstruction,2026-03-16T00:00:00.000,true
2675,P-2PDBRC2,Construction,construction,Brownsville Recreation Center Reconstruction,2023-09-04T00:00:00.000,true
2676,P-308MHM2,Construction Procurement,construction procurement,Merchant's House Exterior Masonry and Stoop Reconstruction,2026-07-26T00:00:00.000,true
2677,P-306APMU,Close-out,close-out,Albano Playground Reconstruction,2024-10-29T00:00:00.000,true
2678,P-503SNCS,Construction,construction,Seaside Wildlife Nature Park Public Restroom Building Construction,2026-06-30T00:00:00.000,true
2680,P-409FPG3,Construction,construction,Forest Park Greenhouse Palm House Reconstruction,2026-10-30T00:00:00.000,true
2680,SANDY4-21,Construction,construction,Forest Park Greenhouse Palm House Reconstruction,2026-10-30T00:00:00.000,true
2681,P-218GOLF,Close-out,close-out,Marine Park Golf Course Path Reconstruction,2023-10-31T00:00:00.000,true
2682,P-102HNT2,Construction Procurement,construction procurement,Hunts Point Riverside Park Dock Reconstruction,2027-08-28T00:00:00.000,true
2683,P-1EDENPG,Close-out,close-out,Edenwald Playground Basketball Courts and Mini Pool Reconstruction,2024-06-13T00:00:00.000,true
2684,P-104HPRM,Design,design,Bridge Park Highbridge Greenway Promenade Construction,2030-08-01T00:00:00.000,true
2685,NDF-DVDSO,Close-out,close-out,Davidson Park Construction,2024-01-10T00:00:00.000,true
2686,P-413JH72,Close-out,close-out,Rochdale Park Basketball Courts Reconstruction,2025-02-13T00:00:00.000,true
2687,P-401SOC3,Construction Procurement,construction procurement,Socrates Sculpture Park Seawall Reconstruction (Hurricane Sandy),2028-03-27T00:00:00.000,true
2687,SANDY4-08,Construction Procurement,construction procurement,Socrates Sculpture Park Seawall Reconstruction (Hurricane Sandy),2028-03-27T00:00:00.000,true
2688,P-108FTFR,Close-out,close-out,Washington's Walk Fort Four Playground Public Restroom Building Construction,2025-05-29T00:00:00.000,true
2689,P-415PAVI,Close-out,close-out,New York State Pavilion Observation Towers Reconstruction - Phase 1,2023-06-01T00:00:00.000,true
2690,P-213WEST,Construction,construction,West Playground Public Restroom Building Construction,2026-06-30T00:00:00.000,true
2691,P-208LTCS,Construction,construction,Lincoln Terrace Park Field House Construction,2027-02-26T00:00:00.000,true
2692,P-5BUNBCH,Close-out,close-out,Buono Beach Fountain Reconstruction (Hurricane Sandy),2023-10-23T00:00:00.000,true
2692,SANDY5-37,Close-out,close-out,Buono Beach Fountain Reconstruction (Hurricane Sandy),2023-10-23T00:00:00.000,true
2693,P-6BOIL15,Close-out,close-out,Bensonhurst Senior Recreation Center and Mosholu Parkway Public Restroom Building Boiler and Heating System Reconstruction,2024-02-21T00:00:00.000,true
2695,P-213SCRN,Construction Procurement,construction procurement,Scarangella Park Public Restroom Building Construction,2026-12-22T00:00:00.000,true
2697,P-4RAINE2,Close-out,close-out,"Rainey Park Playground, Picnic Grove and Basketball Court Reconstruction",2025-03-17T00:00:00.000,true
2698,P-412NAUT,Close-out,close-out,Nautilus Playground Reconstruction,2023-08-21T00:00:00.000,true
2699,P-406PG62,Construction,construction,Playground 62 Reconstruction,2026-03-31T00:00:00.000,true
2700,P-408HOV2,Design,design,Hoover Playground Reconstruction,2029-01-25T00:00:00.000,true
2701,P-414BCAP,Close-out,close-out,Broad Channel American Park Field Reconstruction,2025-06-18T00:00:00.000,true
2702,P-205SHNK,Close-out,close-out,Sankofa Park Reconstruction,2024-12-31T00:00:00.000,true
2703,P-404CROW,Close-out,close-out,Crowley Playground Reconstruction,2025-06-30T00:00:00.000,true
2704,P-401SOC2,Close-out,close-out,Socrates Sculpture Park Administration Building Construction,2024-04-16T00:00:00.000,true
2705,P-303SDRP,Design,design,Sara D. Roosevelt Park Rivington Street Playground Reconstruction,2028-06-24T00:00:00.000,true
2706,SANDY3-12,Close-out,close-out,Inwood Hill Nature Center Post-Sandy Reconstruction,2023-12-04T00:00:00.000,true
2707,P-2BELTPE,Construction,construction,Belt Parkway Tree Planting and Ecological Restoration,2026-09-02T00:00:00.000,true
2709,P-201MCBH,Close-out,close-out,McCarren Park Bathhouse Roof & Exterior Walls Reconstruction,2024-06-18T00:00:00.000,true
2710,P-6TREEP1,Construction,construction,Citywide Procurement of Street Trees from Region 1,2026-06-28T00:00:00.000,true
2711,P-6TREEP2,(Terminated),terminated,Citywide Procurement of Street Trees from Region 2,2026-06-29T00:00:00.000,true
2712,P-206RH02,Close-out,close-out,Red Hook Recreation Area Ballfield 9 and Soccer Field 2 Reconstruction,2023-09-12T00:00:00.000,true
2712,P-206RHBF,Close-out,close-out,Red Hook Recreation Area Ballfield 9 and Soccer Field 2 Reconstruction,2023-09-12T00:00:00.000,true
2713,P-206RHBS,Construction,construction,"Red Hook Recreation Area Track 1, Soccer Fields 3-5, and Ballfields 1-4 Reconstruction",2026-06-30T00:00:00.000,true
2714,P-4BAYMAR,Close-out,close-out,Bayside Marina Reconstruction (Hurricane Sandy),2025-06-06T00:00:00.000,true
2714,SANDY4-25,Close-out,close-out,Bayside Marina Reconstruction (Hurricane Sandy),2025-06-06T00:00:00.000,true
2715,P-1HCMARI,Construction,construction,Hammond Cove Marina Reconstruction (Hurricane Sandy),2027-02-01T00:00:00.000,true
2715,SANDY1-10,Construction,construction,Hammond Cove Marina Reconstruction (Hurricane Sandy),2027-02-01T00:00:00.000,true
2716,NDF-CLNKY,Close-out,close-out,Callahan-Kelly Playground Reconstruction,2023-08-08T00:00:00.000,true
2717,P-413COV2,Close-out,close-out,Sunset Cove Park Boardwalk and Outdoor Classroom Construction,2023-08-11T00:00:00.000,true
2718,P-3DAGHAM,Close-out,close-out,Dag Hammarskjold Plaza Reconstruction,2025-08-07T00:00:00.000,true
2719,P-408CPGA,Construction,construction,Cunningham Park Garage Reconstruction,2026-12-31T00:00:00.000,true
2720,P-111ZIMP,Construction,construction,Zimmerman Playground Reconstruction,2026-10-05T00:00:00.000,true
2721,P-407BTPL,Close-out,close-out,Bay Terrace Playground Reconstruction,2023-06-07T00:00:00.000,true
2722,P-3PS155M,Close-out,close-out,P.S. 155 Playground Reconstruction,2024-01-17T00:00:00.000,true
2723,P-218PWMP,Design,design,Power Playground Multipurpose Play Area Reconstruction,2027-02-22T00:00:00.000,true
2724,P-311HCTR,Construction,construction,Highbridge Bathhouse Boiler Reconstruction and Air Conditioning Construction,2026-03-27T00:00:00.000,true
2725,P-110ODFA,Construction,construction,Citywide Recreation Center Fire Alarm System Reconstruction,2026-09-30T00:00:00.000,true
2725,P-208SJFA,Construction,construction,Citywide Recreation Center Fire Alarm System Reconstruction,2026-09-30T00:00:00.000,true
2725,P-309JRFA,Construction,construction,Citywide Recreation Center Fire Alarm System Reconstruction,2026-09-30T00:00:00.000,true
2725,P-310ARFA,Construction,construction,Citywide Recreation Center Fire Alarm System Reconstruction,2026-09-30T00:00:00.000,true
2725,P-311PFFA,Construction,construction,Citywide Recreation Center Fire Alarm System Reconstruction,2026-09-30T00:00:00.000,true
2725,P-311TJFA,Construction,construction,Citywide Recreation Center Fire Alarm System Reconstruction,2026-09-30T00:00:00.000,true
2725,P-312HBRC,Construction,construction,Citywide Recreation Center Fire Alarm System Reconstruction,2026-09-30T00:00:00.000,true
2725,P-312JHFA,Construction,construction,Citywide Recreation Center Fire Alarm System Reconstruction,2026-09-30T00:00:00.000,true
2725,P-4OLMSFA,Construction,construction,Citywide Recreation Center Fire Alarm System Reconstruction,2026-09-30T00:00:00.000,true
2725,P-501FPFA,Construction,construction,Citywide Recreation Center Fire Alarm System Reconstruction,2026-09-30T00:00:00.000,true
2725,P-501LPFA,Construction,construction,Citywide Recreation Center Fire Alarm System Reconstruction,2026-09-30T00:00:00.000,true
2725,P-502GBFA,Construction,construction,Citywide Recreation Center Fire Alarm System Reconstruction,2026-09-30T00:00:00.000,true
2725,P-6FLMMUL,Construction,construction,Citywide Recreation Center Fire Alarm System Reconstruction,2026-09-30T00:00:00.000,true
2726,P-102TOWR,Construction,construction,Citywide Building and Structure Reconstruction and Stabilization (CNYG-1617M),2024-06-11T00:00:00.000,true
2726,P-310HIBR,Construction,construction,Citywide Building and Structure Reconstruction and Stabilization (CNYG-1617M),2024-06-11T00:00:00.000,true
2726,P-6STRUC1,Construction,construction,Citywide Building and Structure Reconstruction and Stabilization (CNYG-1617M),2024-06-11T00:00:00.000,true
2729,P-5FRES10,Close-out,close-out,Owl Hollow Fields Public Restroom Building Construction,2025-12-18T00:00:00.000,true
2730,ACEDPR408,Construction Procurement,construction procurement,Citywide HVAC Controls Building Automation Systems Installation,2027-05-11T00:00:00.000,true
2730,P-1HPRCHV,Construction Procurement,construction procurement,Citywide HVAC Controls Building Automation Systems Installation,2027-05-11T00:00:00.000,true
2730,P-2RHRCHV,Construction Procurement,construction procurement,Citywide HVAC Controls Building Automation Systems Installation,2027-05-11T00:00:00.000,true
2730,P-2SJRCHV,Construction Procurement,construction procurement,Citywide HVAC Controls Building Automation Systems Installation,2027-05-11T00:00:00.000,true
2730,P-3CBRCHV,Construction Procurement,construction procurement,Citywide HVAC Controls Building Automation Systems Installation,2027-05-11T00:00:00.000,true
2730,P-3CHRCHV,Construction Procurement,construction procurement,Citywide HVAC Controls Building Automation Systems Installation,2027-05-11T00:00:00.000,true
2730,P-3JRRCHV,Construction Procurement,construction procurement,Citywide HVAC Controls Building Automation Systems Installation,2027-05-11T00:00:00.000,true
2730,P-3RICWHV,Construction Procurement,construction procurement,Citywide HVAC Controls Building Automation Systems Installation,2027-05-11T00:00:00.000,true
2730,P-4RWRCHV,Construction Procurement,construction procurement,Citywide HVAC Controls Building Automation Systems Installation,2027-05-11T00:00:00.000,true
2731,P-3ANCH03,Close-out,close-out,Highbridge Park Public Restroom Building Construction,2024-02-16T00:00:00.000,true
2732,P-5CHARCS,Close-out,close-out,Fairview Park Public Restroom Building Construction,2023-06-23T00:00:00.000,true
2734,P-3INHILL,Close-out,close-out,"Inwood Hill Park Ballfields 1, 2 & 4 Reconstruction and Ballfield 1 Lighting Installation",2026-04-15T00:00:00.000,true
2736,P-206ICKE,Close-out,close-out,Harold Ickes Playground BMX Bike & Skate Park and Multipurpose Play Area Construction,2024-01-05T00:00:00.000,true
2737,P-202CBPK,Construction Procurement,construction procurement,Commodore Barry Park Ballfields Reconstruction and Track and Sports Lighting Construction,2027-07-13T00:00:00.000,true
2738,P-407BLND,Close-out,close-out,James A. Bland Playground Reconstruction,2024-06-26T00:00:00.000,true
2739,P-410SCN2,Close-out,close-out,Harold Schneiderman Playground Reconstruction,2024-09-05T00:00:00.000,true
2740,P-107CPFE,Close-out,close-out,Classic Playground Fitness Equipment Construction,2024-06-21T00:00:00.000,true
2741,P-102BRPP,(Terminated),terminated,Bill Rainey Park Softball Field 3 Lighting and Scoreboard Construction,2024-09-17T00:00:00.000,true
2742,P-108SPBC,Close-out,close-out,Seton Park Adult Fitness Area and Skate Park Construction,2024-12-30T00:00:00.000,true
2744,P-2GATE10,Close-out,close-out,Gateway Estates Phase II Park Construction,2023-09-28T00:00:00.000,true
2746,P-405EVE2,Design,design,Evergreen Park Multipurpose Play Area Reconstruction,2029-01-25T00:00:00.000,true
2747,P-2HWRDPL,Close-out,close-out,Citywide Pool Reconstruction (CNYG-918MA1),2024-05-17T00:00:00.000,true
2747,P-3DDOKPL,Close-out,close-out,Citywide Pool Reconstruction (CNYG-918MA1),2024-05-17T00:00:00.000,true
2747,P-4LIBTPL,Close-out,close-out,Citywide Pool Reconstruction (CNYG-918MA1),2024-05-17T00:00:00.000,true
2747,P-6POOL18,Close-out,close-out,Citywide Pool Reconstruction (CNYG-918MA1),2024-05-17T00:00:00.000,true
2748,P-1BILYRF,Close-out,close-out,Citywide Roofing Systems Reconstruction (CNYG-1018MA1),2024-03-06T00:00:00.000,true
2748,P-1CHRLRF,Close-out,close-out,Citywide Roofing Systems Reconstruction (CNYG-1018MA1),2024-03-06T00:00:00.000,true
2748,P-1LZDARF,Close-out,close-out,Citywide Roofing Systems Reconstruction (CNYG-1018MA1),2024-03-06T00:00:00.000,true
2748,P-1WKFLRF,Close-out,close-out,Citywide Roofing Systems Reconstruction (CNYG-1018MA1),2024-03-06T00:00:00.000,true
2748,P-2FRNDRF,Close-out,close-out,Citywide Roofing Systems Reconstruction (CNYG-1018MA1),2024-03-06T00:00:00.000,true
2748,P-4ASTRRF,Close-out,close-out,Citywide Roofing Systems Reconstruction (CNYG-1018MA1),2024-03-06T00:00:00.000,true
2748,P-4EMLDRF,Close-out,close-out,Citywide Roofing Systems Reconstruction (CNYG-1018MA1),2024-03-06T00:00:00.000,true
2748,P-5SEGNRF,Close-out,close-out,Citywide Roofing Systems Reconstruction (CNYG-1018MA1),2024-03-06T00:00:00.000,true
2749,P-213SNPK,Construction,construction,Scarangella Park Playground Reconstruction,2025-11-03T00:00:00.000,true
2750,P-215KELL,Close-out,close-out,Kelly Park Playground Reconstruction,2024-08-19T00:00:00.000,true
2751,P-2GPWB25,Close-out,close-out,Bushwick Inlet Park Motiva Parcel Remediation and Passive Seating Area Construction,2026-04-28T00:00:00.000,true
2752,P-202WPDR,Close-out,close-out,Washington Park Dog Run Reconstruction,2024-09-25T00:00:00.000,true
2753,P-206RHSF,Construction,construction,Red Hook Recreation Area Soccer Fields 1 and 6 Reconstruction,2025-02-06T00:00:00.000,true
2754,P-1OWEND3,Close-out,close-out,Owen Dolen Park Golden Age Center Doors and Windows Reconstruction,2025-01-24T00:00:00.000,true
2755,P-410BYRN,Construction Procurement,construction procurement,Police Officer Edward Byrne Park Public Restroom Building Construction,2026-09-26T00:00:00.000,true
2756,HIF-1FSPB,Close-out,close-out,Franz Sigel Park Ballfields and Basketball Court Reconstruction,2024-05-29T00:00:00.000,true
2757,P-415AQUA,Pre-Design,pre-design,Flushing Meadows Corona Park Aquatic Center Partial Reconstruction,,true
2758,P-215PIER,Close-out,close-out,Sheepshead Bay Piers Electrical & Structural Components Reconstruction (Hurricane Sandy),2025-06-24T00:00:00.000,true
2758,SANDY2-16,Close-out,close-out,Sheepshead Bay Piers Electrical & Structural Components Reconstruction (Hurricane Sandy),2025-06-24T00:00:00.000,true
2759,P-206RHRC,Design,design,Red Hook Recreation Center and Pool Reconstruction,2032-08-22T00:00:00.000,true
2759,SANDY2-28,Design,design,Red Hook Recreation Center and Pool Reconstruction,2032-08-22T00:00:00.000,true
2761,P-307SAPO,Close-out,close-out,Matthew P. Sapolin Playground Multipurpose Play Area Reconstruction,2024-06-13T00:00:00.000,true
2762,P-3PIN181,Construction,construction,Pinehurst Avenue Step Street Garden Reconstruction,2025-05-19T00:00:00.000,true
2763,P-414RCPR,Construction,construction,Rockaway Community Park Reconstruction,2028-02-29T00:00:00.000,true
2763,SANDY4-39,Construction,construction,Rockaway Community Park Reconstruction,2028-02-29T00:00:00.000,true
2764,P-414BC88,Construction,construction,Bay Breeze Park Construction,2026-02-27T00:00:00.000,true
2764,SANDY4-37,Construction,construction,Bay Breeze Park Construction,2026-02-27T00:00:00.000,true
2765,SANDY4-38,Close-out,close-out,Beach 24th and 25th Streets Ramps Construction,2024-02-26T00:00:00.000,true
2766,P-4SHREPG,Close-out,close-out,Shore Front Parkway Beach 98th Playground Construction,2023-11-22T00:00:00.000,true
2766,SANDY4-35,Close-out,close-out,Shore Front Parkway Beach 98th Playground Construction,2023-11-22T00:00:00.000,true
2767,P-213MBCS,Construction,construction,Marlboro Playground and Cadman Plaza Park Public Restroom Building Reconstruction,2028-10-12T00:00:00.000,true
2767,P-6CADMAR,Construction,construction,Marlboro Playground and Cadman Plaza Park Public Restroom Building Reconstruction,2028-10-12T00:00:00.000,true
2769,P-4SHRESA,Close-out,close-out,Shore Front Parkway Amenities Construction,2024-11-29T00:00:00.000,true
2769,SANDY4-44,Close-out,close-out,Shore Front Parkway Amenities Construction,2024-11-29T00:00:00.000,true
2770,P-2COOPCS,Close-out,close-out,Cooper Park Public Restroom Building Reconstruction,2024-09-09T00:00:00.000,true
2771,P-3QUISCS,Close-out,close-out,Quisqueya Playground Public Restroom Building Reconstruction,2026-03-24T00:00:00.000,true
2772,P-4BASDCS,Close-out,close-out,Bayside Playground Public Restroom Building Reconstruction,2024-03-15T00:00:00.000,true
2773,P-5PRALCS,Close-out,close-out,Prall Playground Public Restroom Building Reconstruction,2024-09-30T00:00:00.000,true
2774,P-6ORCAST,Close-out,close-out,Orchard Beach Nature Center Reconstruction,2024-05-06T00:00:00.000,true
2775,P-6MSHVAC,Construction,construction,Greenbelt Recreation Center and Queens Museum HVAC System Reconstruction,2025-07-14T00:00:00.000,true
2776,P-3RNDLGL,Close-out,close-out,Citywide Plumbing Utility Systems Reconstruction (CNYG-1418M),2024-10-14T00:00:00.000,true
2776,P-405JPSS,Close-out,close-out,Citywide Plumbing Utility Systems Reconstruction (CNYG-1418M),2024-10-14T00:00:00.000,true
2776,P-6CGDWTR,Close-out,close-out,Citywide Plumbing Utility Systems Reconstruction (CNYG-1418M),2024-10-14T00:00:00.000,true
2777,P-405RRGH,Close-out,close-out,Highland Park Ridgewood Reservoir Gatehouse 27 Reconstruction,2024-05-29T00:00:00.000,true
2778,NDF-HRPCS,Construction,construction,Harlem River Park Public Restroom Building Construction,2026-01-13T00:00:00.000,true
2779,P-405RRIV,Close-out,close-out,Ridgewood Reservoir Invasive Species Removal,2025-09-25T00:00:00.000,true
2781,NDF-GRANT,Close-out,close-out,Grant Park Construction,2026-03-12T00:00:00.000,true
2782,P-108WWST,Close-out,close-out,Washington's Walk Strong Street Playground Reconstruction,2025-05-19T00:00:00.000,true
2783,P-106QUAR,Close-out,close-out,Quarry Ballfields Synthetic Turf Field Construction,2025-03-27T00:00:00.000,true
2786,P-415CAND,Construction Procurement,construction procurement,Flushing Meadows Corona Park World's Fair Marina Pavilion Structures Reconstruction,2029-01-04T00:00:00.000,true
2790,P-201MCC2,Construction Procurement,construction procurement,McCarren Park Ballfield 3 Reconstruction,2029-02-25T00:00:00.000,true
2795,P-214UMMA,Construction,construction,Umma Park Reconstruction,2027-05-25T00:00:00.000,true
2796,GQGIKISE,Close-out,close-out,Kissena Park Green Infrastructure Construction,2025-01-24T00:00:00.000,true
2797,P-5GRNBRC,Close-out,close-out,Greenbelt Recreation Center Reconstruction,2024-05-23T00:00:00.000,true
2798,P-1YANK22,Close-out,close-out,Citywide Public Restroom Buildings and Buildings Reconstruction (CNYG-219M),2023-05-01T00:00:00.000,true
2800,P-415FSTF,Close-out,close-out,Flushing Meadows Corona Park Synthetic Turf Fields 8 & 9 Reconstruction,2024-09-10T00:00:00.000,true
2801,P-401SMST,Close-out,close-out,St. Michael's Playground Synthetic Turf Field Reconstruction,2024-06-26T00:00:00.000,true
2802,P-306STVA,Construction,construction,St. Vartan Park Playground Reconstruction,2027-03-15T00:00:00.000,true
2803,P-303TPSQ,Close-out,close-out,Tompkins Square Park Field House Reconstruction,2025-03-04T00:00:00.000,true
2805,P-3CPIHLP,Close-out,close-out,Percy E. Sutton Playground Reconstruction,2025-12-31T00:00:00.000,true
2806,P-503TOTT,Design,design,Tottenville Shoreline Protection Construction,2030-01-25T00:00:00.000,true
2809,P-104JRME,Close-out,close-out,Jerome Playground South Skate Park Construction,2023-09-18T00:00:00.000,true
2810,P-104GBLE,Close-out,close-out,Goble Playground Reconstruction,2025-06-09T00:00:00.000,true
2811,P-5FABBAS,Close-out,close-out,Faber Park Basketball Courts Construction,2025-06-30T00:00:00.000,true
2813,P-207RAIN,Close-out,close-out,Rainbow Playground Reconstruction,2023-10-05T00:00:00.000,true
2814,P-207OPML,Close-out,close-out,Ocean Parkway Malls Bike Path Reconstruction,2024-11-01T00:00:00.000,true
2815,P-400FMCP,Design,design,Flushing Meadows Corona Park Electrical Vault Reconstruction (Hurricane Sandy),2031-03-24T00:00:00.000,true
2815,SANDY4-29,Design,design,Flushing Meadows Corona Park Electrical Vault Reconstruction (Hurricane Sandy),2031-03-24T00:00:00.000,true
2816,P-401APFS,Close-out,close-out,Astoria Pool Filtration System Reconstruction,2024-06-25T00:00:00.000,true
2818,NDF-MKETT,Close-out,close-out,Monsignor Kett Playground Reconstruction,2023-07-12T00:00:00.000,true
2819,NDF-DYMAN,Close-out,close-out,Highbridge Park Dyckman Rest Reconstruction,2024-07-24T00:00:00.000,true
2820,NDF-IWOOD,Close-out,close-out,Inwood Hill Park Soccer Field 1 Reconstruction,2025-06-27T00:00:00.000,true
2821,P-304CBBC,Close-out,close-out,Chelsea Park Basketball Court Reconstruction,2023-06-22T00:00:00.000,true
2822,SANDY4-27,Construction Procurement,construction procurement,Little Bay Park Waterfront Reconstruction,2028-05-31T00:00:00.000,true
2823,P-500LEM2,Design,design,Lemon Creek Marina Waterfront Reconstruction,2028-07-21T00:00:00.000,true
2823,SANDY5-43,Design,design,Lemon Creek Marina Waterfront Reconstruction,2028-07-21T00:00:00.000,true
2825,ACEDPR251,Construction,construction,Citywide Sustainability and Energy-Efficiency Utility Systems Reconstruction (CNYG-319MA),2026-03-13T00:00:00.000,true
2825,ACEDPR252,Construction,construction,Citywide Sustainability and Energy-Efficiency Utility Systems Reconstruction (CNYG-319MA),2026-03-13T00:00:00.000,true
2825,P-6SUSTN1,Construction,construction,Citywide Sustainability and Energy-Efficiency Utility Systems Reconstruction (CNYG-319MA),2026-03-13T00:00:00.000,true
2827,P-308EPOA,Construction,construction,East River Esplanade Stabilization and Reconstruction Phase 2,2027-02-16T00:00:00.000,true
2827,P-308ERP2,Construction,construction,East River Esplanade Stabilization and Reconstruction Phase 2,2027-02-16T00:00:00.000,true
2828,P-306GLIC,Design,design,East River Esplanade East 36th-38th Streets Seawall Reconstruction,2027-08-24T00:00:00.000,true
2830,P-414THUR,Construction Procurement,construction procurement,Thursby Basin Park Construction,2029-01-25T00:00:00.000,true
2830,SANDY4-45,Construction Procurement,construction procurement,Thursby Basin Park Construction,2029-01-25T00:00:00.000,true
2831,P-1HVMRCS,Close-out,close-out,Havemeyer Playground Public Restroom Building Reconstruction,2024-01-08T00:00:00.000,true
2832,P-306ASLV,Construction Procurement,construction procurement,Asser Levy Recreation Center HVAC System Reconstruction (Hurricane Sandy),2028-10-19T00:00:00.000,true
2832,SANDY6-08,Construction Procurement,construction procurement,Asser Levy Recreation Center HVAC System Reconstruction (Hurricane Sandy),2028-10-19T00:00:00.000,true
2833,P-304CPTF,Close-out,close-out,Citywide Synthetic Turf Field Reconstruction (CNYG-1119MA),2024-09-03T00:00:00.000,true
2833,P-309ANUN,Close-out,close-out,Citywide Synthetic Turf Field Reconstruction (CNYG-1119MA),2024-09-03T00:00:00.000,true
2833,P-501CRPL,Close-out,close-out,Citywide Synthetic Turf Field Reconstruction (CNYG-1119MA),2024-09-03T00:00:00.000,true
2834,P-110PBSW,Design,design,Pelham Bay Park Seawall Reconstruction (Hurricane Sandy),2029-01-25T00:00:00.000,true
2834,SANDY1-11,Design,design,Pelham Bay Park Seawall Reconstruction (Hurricane Sandy),2029-01-25T00:00:00.000,true
2835,P-308ERP3,Construction,construction,East River Esplanade Stabilization and Reconstruction Phase 3,2028-04-11T00:00:00.000,true
2837,P-1WDLNCS,Construction,construction,Woodlawn Playground Public Restroom Building Reconstruction,2025-12-16T00:00:00.000,true
2838,P-3SHARCS,Close-out,close-out,Sheltering Arms Playground Public Restroom Building Reconstruction,2024-12-04T00:00:00.000,true
2839,NDF-MKECS,Close-out,close-out,Monsignor Kett Playground Public Restroom Building Construction,2025-06-30T00:00:00.000,true
2840,P-5ANCH02,Construction,construction,Freshkills South Park Synthetic Turf Fields and Landscape Construction,2028-07-25T00:00:00.000,true
2841,P-5ANCH03,Construction Procurement,construction procurement,Freshkills South Park Comfort Station Construction,2028-09-18T00:00:00.000,true
2842,P-3PL14A6,Construction Procurement,construction procurement,Ruppert Park Reconstruction,2028-09-03T00:00:00.000,true
2845,P-108TBTF,Construction,construction,Citywide Fencing Systems Reconstruction,2027-11-03T00:00:00.000,true
2845,P-109CHLL,Construction,construction,Citywide Fencing Systems Reconstruction,2027-11-03T00:00:00.000,true
2845,P-110LOCP,Construction,construction,Citywide Fencing Systems Reconstruction,2027-11-03T00:00:00.000,true
2845,P-111BXP1,Construction,construction,Citywide Fencing Systems Reconstruction,2027-11-03T00:00:00.000,true
2845,P-210SRPF,Construction,construction,Citywide Fencing Systems Reconstruction,2027-11-03T00:00:00.000,true
2845,P-218BKLN,Construction,construction,Citywide Fencing Systems Reconstruction,2027-11-03T00:00:00.000,true
2845,P-2FRNDFN,Construction,construction,Citywide Fencing Systems Reconstruction,2027-11-03T00:00:00.000,true
2845,P-305USPF,Construction,construction,Citywide Fencing Systems Reconstruction,2027-11-03T00:00:00.000,true
2845,P-3SOHAGS,Construction,construction,Citywide Fencing Systems Reconstruction,2027-11-03T00:00:00.000,true
2845,P-410SBGF,Construction,construction,Citywide Fencing Systems Reconstruction,2027-11-03T00:00:00.000,true
2845,P-410TUDO,Construction,construction,Citywide Fencing Systems Reconstruction,2027-11-03T00:00:00.000,true
2845,P-4FMCPML,Construction,construction,Citywide Fencing Systems Reconstruction,2027-11-03T00:00:00.000,true
2845,P-6FNCE01,Construction,construction,Citywide Fencing Systems Reconstruction,2027-11-03T00:00:00.000,true
2845,P-6STRUC2,Construction,construction,Citywide Fencing Systems Reconstruction,2027-11-03T00:00:00.000,true
2848,P-501LLCS,Close-out,close-out,Lopez Playground Modular Public Restroom Building Construction,2024-03-01T00:00:00.000,true
2849,P-2BKPAV1,Close-out,close-out,Brooklyn Pavement Reconstruction (BG-1019M),2024-03-29T00:00:00.000,true
2850,P-413READ,Close-out,close-out,Bellerose Playground Reading Garden Construction,2024-04-05T00:00:00.000,true
2851,P-1RNQRMP,Construction,construction,Ranaqua Maintenance and Operations Storehouse Ramp Reconstruction,2026-03-11T00:00:00.000,true
2852,P-309JRRC,Construction,construction,Jackie Robinson Recreation Center HVAC System Reconstruction,2025-10-06T00:00:00.000,true
2853,P-1CRTMAL,Close-out,close-out,Bronx Pavement Reconstruction (XG-419M),2025-06-30T00:00:00.000,true
2854,P-3RVPFWP,Close-out,close-out,Riverside Park Cherry Walk Greenway Reconstruction,2025-03-21T00:00:00.000,true
2855,P-3PAVRSP,Close-out,close-out,Riverside Park Path Pavement Reconstruction (MG-519M),2025-04-17T00:00:00.000,true
2855,P-3RIV105,Close-out,close-out,Riverside Park Path Pavement Reconstruction (MG-519M),2025-04-17T00:00:00.000,true
2855,P-3RIV110,Close-out,close-out,Riverside Park Path Pavement Reconstruction (MG-519M),2025-04-17T00:00:00.000,true
2856,P-3NRGF01,Construction,construction,Manhattan Reforestation FY20,2026-09-30T00:00:00.000,true
2857,P-6NRGF01,Construction,construction,Bronx and Queens Reforestation FY20,2027-09-22T00:00:00.000,true
2858,P-5BLOOMB,Close-out,close-out,Staten Island Pavement Reconstruction (RG-120M),2026-01-14T00:00:00.000,true
2858,P-5CLVLKP,Close-out,close-out,Staten Island Pavement Reconstruction (RG-120M),2026-01-14T00:00:00.000,true
2858,P-5SOBLPK,Close-out,close-out,Staten Island Pavement Reconstruction (RG-120M),2026-01-14T00:00:00.000,true
2858,P-6PAVESI,Close-out,close-out,Staten Island Pavement Reconstruction (RG-120M),2026-01-14T00:00:00.000,true
2859,P-4QSTORE,Construction,construction,Flushing Meadows Corona Park Queens Storehouse Reconstruction,2026-07-03T00:00:00.000,true
2862,P-3TREL21,Close-out,close-out,"Manhattan Street Tree Planting FY21 - Community Boards 1, 2, 4, 5, 7-12",2025-06-10T00:00:00.000,true
2863,P-4TREL21,Close-out,close-out,"Queens Street Tree Planting FY21 - Community Boards 8, 11-13",2024-10-23T00:00:00.000,true
2863,SEQ-TREES,Close-out,close-out,"Queens Street Tree Planting FY21 - Community Boards 8, 11-13",2024-10-23T00:00:00.000,true
2867,P-4JMMPP2,Design,design,Joe Michaels Mile Waterfront Structural Reconstruction (Hurricane Sandy),2029-03-24T00:00:00.000,true
2867,SANDY4-46,Design,design,Joe Michaels Mile Waterfront Structural Reconstruction (Hurricane Sandy),2029-03-24T00:00:00.000,true
2868,P-2BSKBL1,Close-out,close-out,Brooklyn Basketball Courts Reconstruction,2024-01-08T00:00:00.000,true
2869,P-215SPBK,Close-out,close-out,Brooklyn Multipurpose Play Areas Reconstruction,2023-11-29T00:00:00.000,true
2870,P-1HUNTPT,Construction,construction,Citywide Buildings Reconstruction (CNYG-420M),2025-09-03T00:00:00.000,true
2870,P-303ASRC,Construction,construction,Citywide Buildings Reconstruction (CNYG-420M),2025-09-03T00:00:00.000,true
2870,P-306ASEQ,Construction,construction,Citywide Buildings Reconstruction (CNYG-420M),2025-09-03T00:00:00.000,true
2870,P-311TJMP,Construction,construction,Citywide Buildings Reconstruction (CNYG-420M),2025-09-03T00:00:00.000,true
2870,P-3GERCTE,Construction,construction,Citywide Buildings Reconstruction (CNYG-420M),2025-09-03T00:00:00.000,true
2870,P-3PFRCRM,Construction,construction,Citywide Buildings Reconstruction (CNYG-420M),2025-09-03T00:00:00.000,true
2870,P-3REC54E,Construction,construction,Citywide Buildings Reconstruction (CNYG-420M),2025-09-03T00:00:00.000,true
2870,P-3TDCREC,Construction,construction,Citywide Buildings Reconstruction (CNYG-420M),2025-09-03T00:00:00.000,true
2871,P-5DONGAN,Close-out,close-out,Dongan Playground Reconstruction,2025-01-30T00:00:00.000,true
2873,P-402SOHN,Close-out,close-out,Sohncke Square Reconstruction,2024-07-10T00:00:00.000,true
2875,P-4CUN210,Close-out,close-out,Cunningham Park 210th Street Playground Reconstruction,2024-09-09T00:00:00.000,true
2876,P-4FRDJPU,Design,design,Frederick B. Judge Playground Reconstruction,2027-04-24T00:00:00.000,true
2877,P-4HCHAND,Close-out,close-out,Hallets Cove Playground Handball Court Reconstruction,2023-10-31T00:00:00.000,true
2878,P-4BRKVBB,Close-out,close-out,Brookville Park Baseball Fields Reconstruction,2025-06-04T00:00:00.000,true
2879,NDF-NMKE2,Construction,construction,Nameoke Park Public Restroom Building Construction,2026-06-30T00:00:00.000,true
2880,P-413LPCT,Close-out,close-out,Laurelton Playground Reconstruction,2025-03-17T00:00:00.000,true
2881,P-412DOP3,Design,design,Daniel O'Connell Playground Reconstruction,2028-12-23T00:00:00.000,true
2882,P-210JJCP,Close-out,close-out,John J. Carty Park Playground Reconstruction,2024-01-30T00:00:00.000,true
2883,P-218MPOV,Close-out,close-out,Marine Park Oval Path Reconstruction,2024-10-01T00:00:00.000,true
2884,P-2PPESIT,Close-out,close-out,Ocean Parkway Sitting Areas Reconstruction,2024-04-19T00:00:00.000,true
2885,P-210VINP,Close-out,close-out,Shore Park and Parkway Vinland Playground Reconstruction,2024-11-13T00:00:00.000,true
2887,P-205LIN1,Close-out,close-out,Linden Park Playground Reconstruction,2024-01-12T00:00:00.000,true
2888,P-3COLPCS,Design,design,Columbus Park Pavilion Reconstruction,2029-04-15T00:00:00.000,true
2889,P-3BENNSF,Close-out,close-out,Bennett Park Central Lawn Reconstruction,2024-11-12T00:00:00.000,true
2890,P-108WDLN,Construction,construction,Woodlawn Playground Reconstruction,2027-05-31T00:00:00.000,true
2891,P-3W185BC,Construction,construction,West 186th Street Basketball Court Reconstruction,2026-04-13T00:00:00.000,true
2892,LIC-CTSQP,Construction,construction,Court Square Park Reconstruction,2024-10-13T00:00:00.000,true
2893,LIC-QNBBP,Close-out,close-out,Queensbridge Baby Park Reconstruction,2026-03-17T00:00:00.000,true
2894,P-111FFBB,Construction Procurement,construction procurement,Frisch Field Reconstruction,2028-09-08T00:00:00.000,true
2896,P-4PHIPPS,Close-out,close-out,Lt. Michael R. Davidson Playground Construction,2026-03-16T00:00:00.000,true
2897,P-4ANCH05,Close-out,close-out,Astoria Park Great Lawn Pathways Reconstruction,2025-10-08T00:00:00.000,true
2898,P-216CHES,Construction Procurement,construction procurement,Chester Playground Reconstruction,2029-03-28T00:00:00.000,true
2899,P-210DOG,Close-out,close-out,Shore Park and Parkway Dog Run Construction,2023-08-29T00:00:00.000,true
2900,P-215MBTC,Close-out,close-out,Manhattan Beach Park Tennis Courts Reconstruction,2025-04-28T00:00:00.000,true
2901,P-5GBRCTF,Close-out,close-out,Greenbelt Recreation Center Synthetic Turf Field Reconstruction,2024-11-29T00:00:00.000,true
2902,P-1CROALG,Construction,construction,Crotona Park Indian Lake Shoreline Restoration,2025-08-31T00:00:00.000,true
2903,SANDY2-37,Design,design,John Malone Community Center Mechanical Systems Reconstruction (Hurricane Sandy),2026-03-27T00:00:00.000,true
2904,P-205LIN2,Design,design,Linden Park Multipurpose Play Area Reconstruction,2029-06-25T00:00:00.000,true
2908,P-4CPSLIT,Close-out,close-out,College Point Fields Sports and Security Lighting Construction,2028-07-28T00:00:00.000,true
2909,NDF-VHALL,Close-out,close-out,Tappen Park Village Hall Roof Reconstruction,2025-05-06T00:00:00.000,true
2910,IDA21-03,Construction,construction,Citywide Pavement Reconstruction (CNYG-1820M),2026-07-08T00:00:00.000,true
2910,P-409FPAP,Construction,construction,Citywide Pavement Reconstruction (CNYG-1820M),2026-07-08T00:00:00.000,true
2910,P-4CROCHP,Construction,construction,Citywide Pavement Reconstruction (CNYG-1820M),2026-07-08T00:00:00.000,true
2910,P-4FMAGDN,Construction,construction,Citywide Pavement Reconstruction (CNYG-1820M),2026-07-08T00:00:00.000,true
2910,P-4HILNDP,Construction,construction,Citywide Pavement Reconstruction (CNYG-1820M),2026-07-08T00:00:00.000,true
2910,P-4KSNAPK,Construction,construction,Citywide Pavement Reconstruction (CNYG-1820M),2026-07-08T00:00:00.000,true
2911,P-104CLMT,Close-out,close-out,Citywide Multipurpose Play Area and Sports Court Pavement Reconstruction (CNYG-1120M),2026-03-13T00:00:00.000,true
2911,P-1UNVPTH,Close-out,close-out,Citywide Multipurpose Play Area and Sports Court Pavement Reconstruction (CNYG-1120M),2026-03-13T00:00:00.000,true
2911,P-203CARV,Close-out,close-out,Citywide Multipurpose Play Area and Sports Court Pavement Reconstruction (CNYG-1120M),2026-03-13T00:00:00.000,true
2911,P-203JHPG,Close-out,close-out,Citywide Multipurpose Play Area and Sports Court Pavement Reconstruction (CNYG-1120M),2026-03-13T00:00:00.000,true
2911,P-304HELK,Close-out,close-out,Citywide Multipurpose Play Area and Sports Court Pavement Reconstruction (CNYG-1120M),2026-03-13T00:00:00.000,true
2911,P-310RNPG,Close-out,close-out,Citywide Multipurpose Play Area and Sports Court Pavement Reconstruction (CNYG-1120M),2026-03-13T00:00:00.000,true
2911,P-311P155,Close-out,close-out,Citywide Multipurpose Play Area and Sports Court Pavement Reconstruction (CNYG-1120M),2026-03-13T00:00:00.000,true
2911,P-3PAVTMK,Close-out,close-out,Citywide Multipurpose Play Area and Sports Court Pavement Reconstruction (CNYG-1120M),2026-03-13T00:00:00.000,true
2911,P-401DKPG,Close-out,close-out,Citywide Multipurpose Play Area and Sports Court Pavement Reconstruction (CNYG-1120M),2026-03-13T00:00:00.000,true
2911,P-401DMPG,Close-out,close-out,Citywide Multipurpose Play Area and Sports Court Pavement Reconstruction (CNYG-1120M),2026-03-13T00:00:00.000,true
2911,P-407PG21,Close-out,close-out,Citywide Multipurpose Play Area and Sports Court Pavement Reconstruction (CNYG-1120M),2026-03-13T00:00:00.000,true
2911,P-408HMSC,Close-out,close-out,Citywide Multipurpose Play Area and Sports Court Pavement Reconstruction (CNYG-1120M),2026-03-13T00:00:00.000,true
2911,P-412P157,Close-out,close-out,Citywide Multipurpose Play Area and Sports Court Pavement Reconstruction (CNYG-1120M),2026-03-13T00:00:00.000,true
2911,P-4SPRNGF,Close-out,close-out,Citywide Multipurpose Play Area and Sports Court Pavement Reconstruction (CNYG-1120M),2026-03-13T00:00:00.000,true
2912,P-205PPMT,Close-out,close-out,Public Place Monument Reconstruction,2025-05-21T00:00:00.000,true
2913,P-414BAY9,Construction,construction,Michaelis-Bayswater Park Reconstruction,2027-06-11T00:00:00.000,true
2913,SANDY4-48,Construction,construction,Michaelis-Bayswater Park Reconstruction,2027-06-11T00:00:00.000,true
2914,P-414BAY7,Design,design,Michaelis-Bayswater Park Maintenance and Operations Building Construction,2029-07-24T00:00:00.000,true
2914,SANDY4-49,Design,design,Michaelis-Bayswater Park Maintenance and Operations Building Construction,2029-07-24T00:00:00.000,true
2915,P-102RJPP,Close-out,close-out,Citywide Synthetic Turf Field Reconstruction (CNYG-1220M),2024-03-22T00:00:00.000,true
2915,P-1SERTRF,Close-out,close-out,Citywide Synthetic Turf Field Reconstruction (CNYG-1220M),2024-03-22T00:00:00.000,true
2915,P-202CPST,Close-out,close-out,Citywide Synthetic Turf Field Reconstruction (CNYG-1220M),2024-03-22T00:00:00.000,true
2915,P-205SBST,Close-out,close-out,Citywide Synthetic Turf Field Reconstruction (CNYG-1220M),2024-03-22T00:00:00.000,true
2915,P-2STFBSH,Close-out,close-out,Citywide Synthetic Turf Field Reconstruction (CNYG-1220M),2024-03-22T00:00:00.000,true
2915,P-2STFLEF,Close-out,close-out,Citywide Synthetic Turf Field Reconstruction (CNYG-1220M),2024-03-22T00:00:00.000,true
2915,P-3COLUBT,Close-out,close-out,Citywide Synthetic Turf Field Reconstruction (CNYG-1220M),2024-03-22T00:00:00.000,true
2915,P-3STFCRL,Close-out,close-out,Citywide Synthetic Turf Field Reconstruction (CNYG-1220M),2024-03-22T00:00:00.000,true
2915,P-412RCON,Close-out,close-out,Citywide Synthetic Turf Field Reconstruction (CNYG-1220M),2024-03-22T00:00:00.000,true
2915,P-4BIGSTF,Close-out,close-out,Citywide Synthetic Turf Field Reconstruction (CNYG-1220M),2024-03-22T00:00:00.000,true
2915,P-4STFCAR,Close-out,close-out,Citywide Synthetic Turf Field Reconstruction (CNYG-1220M),2024-03-22T00:00:00.000,true
2915,P-5STFMHN,Close-out,close-out,Citywide Synthetic Turf Field Reconstruction (CNYG-1220M),2024-03-22T00:00:00.000,true
2916,P-3RANDSC,Design,design,Randall's Island Sunken Garden Connector Pathway Construction,2029-10-10T00:00:00.000,true
2918,P-1POECOT,Close-out,close-out,Poe Cottage Roof Reconstruction,2025-03-10T00:00:00.000,true
2923,P-3DIRVPK,Construction,construction,Riverside Park Drainage System Reconstruction From 108th to 116th Street,2027-04-19T00:00:00.000,true
2924,P-218MPPG,Design,design,Marine Park PS 278 Playground Reconstruction,2029-04-12T00:00:00.000,true
2925,P-218CCMF,Close-out,close-out,Canarsie Park Public Restroom Building Construction,2024-10-01T00:00:00.000,true
2926,P-215KLCS,Close-out,close-out,Kelly Park Public Restroom Building Reconstruction,2024-07-31T00:00:00.000,true
2927,P-414BAY8,Construction,construction,Michaelis-Bayswater Park Public Restroom Building Construction,2027-03-14T00:00:00.000,true
2927,SANDY4-51,Construction,construction,Michaelis-Bayswater Park Public Restroom Building Construction,2027-03-14T00:00:00.000,true
2928,P-3TONYDL,(Cancelled),cancelled,Tony Dapolito Recreation Center Sidewalk Vault Reconstruction,2025-12-25T00:00:00.000,false
2929,P-6CWPLE1,Close-out,close-out,Citywide Pool Electrical Systems Reconstruction (CNYG-1520M),2023-04-20T00:00:00.000,true
2930,P-6CWPLG1,Close-out,close-out,Citywide Pool Structural Systems Reconstruction (CNYG-1720M),2023-05-19T00:00:00.000,true
2931,P-6DEERFE,Construction,construction,Staten Island and Bronx Deer Exclusion Fence Installation,2026-10-21T00:00:00.000,true
2932,P-4QNPAV1,Construction,construction,Queens Pavement Areas Reconstruction,2027-02-22T00:00:00.000,true
2933,P-407PWLL,Design,design,Powell's Cove Park Shoreline and Upland Area Restoration,2030-03-28T00:00:00.000,true
2934,P-303LFPG,Construction,construction,Little Flower Playground Reconstruction,2026-05-26T00:00:00.000,true
2935,P-6RPZBKQ,Close-out,close-out,Queens RPZ Installation and Plumbing Systems Reconstruction,2025-06-13T00:00:00.000,true
2937,P-110FLAG,Close-out,close-out,Ferry Point Park 9-11 Living Memorial Flagpole Construction,2025-01-06T00:00:00.000,true
2938,P-1SPACET,Construction,construction,Space Time Playground Synthetic Turf Field and Basketball Courts Construction,2026-08-24T00:00:00.000,true
2939,P-407TELE,Construction,construction,Citywide Telecommunication New Service Installation (CNYG-221M),2026-12-01T00:00:00.000,true
2939,P-6CWTEL1,Construction,construction,Citywide Telecommunication New Service Installation (CNYG-221M),2026-12-01T00:00:00.000,true
2940,P-201FROS,Close-out,close-out,Frost Playground Basketball Courts Reconstruction,2024-08-21T00:00:00.000,true
2941,P-201MDLT,Close-out,close-out,Sarah J.S. Tompkins Garnet Playground Basketball Courts Reconstruction,2024-07-31T00:00:00.000,true
2942,P-210RUPP,Close-out,close-out,Russell Pedersen Playground Reconstruction,2025-05-02T00:00:00.000,true
2943,P-210OWLH,Close-out,close-out,Owl's Head Park Basketball Courts and Playground Reconstruction,2026-03-23T00:00:00.000,true
2944,P-202GRPL,Close-out,close-out,Greene Playground Reconstruction,2025-06-26T00:00:00.000,true
2945,P-202CUGP,Close-out,close-out,Cuyler Gore Park Reconstruction,2025-11-10T00:00:00.000,true
2946,P-303KIML,Construction,construction,Kimlau Square Arch Reconstruction,2026-07-06T00:00:00.000,true
2947,P-306PETD,Close-out,close-out,Peter Detmold Park Water Service Reconstruction,2024-10-23T00:00:00.000,true
2948,P-404WMPG,Construction,construction,William F. Moore Park Reconstruction,2026-05-15T00:00:00.000,true
2949,P-4WOODPZ,Close-out,close-out,Woodside Memorial Plaza Reconstruction,2025-03-10T00:00:00.000,true
2950,P-404JCPI,Construction,construction,Josephine Caminiti Playground Reconstruction,2026-07-06T00:00:00.000,true
2951,P-4ELMPRK,Design,design,Helen Marshall Playground Synthetic Turf Field Construction,2028-12-24T00:00:00.000,true
2952,P-412KLWP,Construction Procurement,construction procurement,"Detective Keith L. Williams Park Track and Field, Tennis Courts and Playground Reconstruction",2028-05-28T00:00:00.000,true
2953,P-406HHPR,Close-out,close-out,Horace Harding Playground Reconstruction,2026-02-02T00:00:00.000,true
2954,P-407MNPW,Construction Procurement,construction procurement,MacNeil Park Waterfront Reconstruction,2028-11-29T00:00:00.000,true
2955,P-413CAMB,Construction Procurement,construction procurement,Cambria Playground Reconstruction,2028-11-16T00:00:00.000,true
2956,P-4MARFAJ,Construction,construction,Captain Mario Fajardo Park Playground and Sports Courts Reconstruction,2027-03-15T00:00:00.000,true
2957,P-412JAMP,Close-out,close-out,Jamaica Playground Multipurpose Play Area Reconstruction,2025-09-22T00:00:00.000,true
2958,P-412SRPC,Construction,construction,South Rochdale Playground Reconstruction,2026-06-15T00:00:00.000,true
2959,NDF-SOAQK,Design,design,Aqueduct Walk Reconstruction at West Burnside Avenue,2028-11-24T00:00:00.000,true
2960,P-303HMFS,Close-out,close-out,Hamilton Fish Park Playground Reconstruction,2026-01-12T00:00:00.000,true
2961,P-309AHAM,Close-out,close-out,Alexander Hamilton Playground Basketball Court Reconstruction,2025-09-29T00:00:00.000,true
2962,P-307SOLB,Close-out,close-out,Sol Bloom Playground Basketball Court Reconstruction,2024-08-15T00:00:00.000,true
2963,P-4UDALNP,Design,design,Udall's Park Preserve Forest Restoration,,true
2964,P-3MORNHR,Close-out,close-out,Morningside Park 113th Street Steps Handrails Construction,2025-01-14T00:00:00.000,true
2965,P-1ARAELV,Construction,construction,Citywide Services Shops Elevator Reconstruction,2026-09-21T00:00:00.000,true
2968,P-6CWR22D,Construction,construction,Citywide HVAC R22 Reconstruction,2025-01-13T00:00:00.000,true
2969,P-4GRST21,Construction,construction,Queens Medians Planting and Reconstruction,2026-07-16T00:00:00.000,true
2971,P-2GRST01,Design,design,Brooklyn Tree Planting and Greenstreets Construction,2028-11-26T00:00:00.000,true
2972,P-302BLEE,Construction,construction,Bleecker Playground Reconstruction,2026-08-03T00:00:00.000,true
2973,P-310MCCY,Close-out,close-out,William McCray Playground Reconstruction,2025-09-25T00:00:00.000,true
2974,P-503GCPG,Construction,construction,Greencroft Playground Reconstruction,2026-05-11T00:00:00.000,true
2975,P-4FTTOTP,Close-out,close-out,Fort Totten Park Commander's House Porches Reconstruction,2025-11-10T00:00:00.000,true
2976,P-203LFGP,Construction,construction,Lafayette Gardens Playground Reconstruction,2026-10-05T00:00:00.000,true
2977,P-1SPC21A,Construction,construction,Pelham Bay Park Forest Tree Replacement,2027-09-01T00:00:00.000,true
2978,P-2SPC21A,Construction,construction,Marine Park Forest Restoration,2026-11-04T00:00:00.000,true
2979,P-202FTGP,Construction Procurement,construction procurement,"Fort Greene Park Entrances, Paths, Plaza and Drainage Infrastructure Reconstruction",2029-10-27T00:00:00.000,true
2979,P-2PWBFTG,Construction Procurement,construction procurement,"Fort Greene Park Entrances, Paths, Plaza and Drainage Infrastructure Reconstruction",2029-10-27T00:00:00.000,true
2980,P-1FACDCR,Construction,construction,Citywide Facade Reconstruction,2028-11-01T00:00:00.000,true
2980,P-3FACDPL,Construction,construction,Citywide Facade Reconstruction,2028-11-01T00:00:00.000,true
2980,P-6FACD21,Construction,construction,Citywide Facade Reconstruction,2028-11-01T00:00:00.000,true
2981,SAND4TREE,Design,design,Manhattan East Side Coastal Resiliency Stormwater Greenstreets Construction,2029-12-28T00:00:00.000,true
2982,P-1BOLTPK,Construction Procurement,construction procurement,Soundview Park Bolton Point Coastal Habitat Restoration and Park Construction,2028-01-12T00:00:00.000,true
2983,P-4OLMSRF,Construction,construction,Olmsted Center Roof Reconstruction,2027-03-15T00:00:00.000,true
2985,EDMFPM,Design,design,Fort Washington Park Dyckman Marina Reconstruction,2029-07-15T00:00:00.000,true
2986,SAND5TREE,Construction,construction,Manhattan East Side Coastal Resiliency Sidewalk Bioswales Construction,2028-01-04T00:00:00.000,true
2987,GXBXGI-03,Design,design,Van Cortlandt Park Green Infrastructure Construction,2028-04-08T00:00:00.000,true
2988,P-1MBRKCS,Construction,construction,Citywide Building Facility Reconstruction (CNYG-522M),2028-01-19T00:00:00.000,true
2988,P-1WKFLDC,Construction,construction,Citywide Building Facility Reconstruction (CNYG-522M),2028-01-19T00:00:00.000,true
2988,P-3LFLWER,Construction,construction,Citywide Building Facility Reconstruction (CNYG-522M),2028-01-19T00:00:00.000,true
2988,P-3P155CS,Construction,construction,Citywide Building Facility Reconstruction (CNYG-522M),2028-01-19T00:00:00.000,true
2988,P-4HOLSCS,Construction,construction,Citywide Building Facility Reconstruction (CNYG-522M),2028-01-19T00:00:00.000,true
2989,P-101CGDN,Construction,construction,Citywide Utility Reconstruction,2027-02-22T00:00:00.000,true
2989,P-102FDBP,Construction,construction,Citywide Utility Reconstruction,2027-02-22T00:00:00.000,true
2989,P-102WWGT,Construction,construction,Citywide Utility Reconstruction,2027-02-22T00:00:00.000,true
2989,P-103RBGT,Construction,construction,Citywide Utility Reconstruction,2027-02-22T00:00:00.000,true
2989,P-204ELGD,Construction,construction,Citywide Utility Reconstruction,2027-02-22T00:00:00.000,true
2989,P-209MSGT,Construction,construction,Citywide Utility Reconstruction,2027-02-22T00:00:00.000,true
2989,P-2GRNTHB,Construction,construction,Citywide Utility Reconstruction,2027-02-22T00:00:00.000,true
2989,P-406PEGT,Construction,construction,Citywide Utility Reconstruction,2027-02-22T00:00:00.000,true
2989,P-412GECG,Construction,construction,Citywide Utility Reconstruction,2027-02-22T00:00:00.000,true
2989,P-412WATR,Construction,construction,Citywide Utility Reconstruction,2027-02-22T00:00:00.000,true
2989,P-4FMPLUM,Construction,construction,Citywide Utility Reconstruction,2027-02-22T00:00:00.000,true
2989,P-6WTRSWR,Construction,construction,Citywide Utility Reconstruction,2027-02-22T00:00:00.000,true
2990,P-4UNION,Construction,construction,Queens Council District 20 Sidewalk Reconstruction,2026-10-19T00:00:00.000,true
2991,P-3RIVRMP,Construction,construction,Riverside Park 105th Street Staircase Reconstruction,2026-08-24T00:00:00.000,true
2992,P-3FCSADA,Construction Procurement,construction procurement,Fort Washington Park Discovery Playground Public Restroom Building Construction,2027-10-21T00:00:00.000,true
2993,P-404ATRI,Close-out,close-out,American Triangle Reconstruction,2025-09-03T00:00:00.000,true
2995,P-404HOPK,Construction Procurement,construction procurement,Hoffman Park Reconstruction,2027-05-22T00:00:00.000,true
2996,P-405BENN,Construction,construction,Benninger Playground Reconstruction,2026-06-01T00:00:00.000,true
2997,P-405HIDR,Construction,construction,Highland Park Dog Run Construction,2026-03-23T00:00:00.000,true
2998,P-407BBSF,Construction Procurement,construction procurement,College Point Fields Soccer Field Construction,2028-08-09T00:00:00.000,true
2999,P-412RKPP,Construction Procurement,construction procurement,Rufus King Park Playground Reconstruction,2028-08-04T00:00:00.000,true
3000,P-4BLISSV,Construction,construction,Blissville Veterans Memorial Flagpole Construction,2026-03-30T00:00:00.000,true
3001,P-4CAPTGP,Construction,construction,Captain Tilly Park Goose Pond Restoration,2027-08-09T00:00:00.000,true
3002,P-4KCPPAV,Close-out,close-out,Kissena Corridor Park Lighting Construction,2025-12-16T00:00:00.000,true
3003,P-404LIND,Construction,construction,Park of the Americas Basketball Court Reconstruction,2026-04-13T00:00:00.000,true
3004,P-4WATEDG,Design,design,Cross Island Parkway Waters Edge Drive Playground Construction,2028-10-19T00:00:00.000,true
3005,P-4WOODPG,Construction,construction,Woodtree Playground Basketball Courts Reconstruction,2026-06-15T00:00:00.000,true
3006,P-4RRDPK,Design,design,Gwen Ifill Park and Public Restroom Building Construction,2029-12-27T00:00:00.000,true
3007,P-210MCKP,Construction,construction,McKinley Park Playground Reconstruction,2026-03-16T00:00:00.000,true
3008,P-215MCDP,Construction Procurement,construction procurement,PO Jeff Herman Ballfield Reconstruction,2028-08-28T00:00:00.000,true
3009,P-217PADG,Construction,construction,Paerdegat Park Ballfields Reconstruction,2026-08-18T00:00:00.000,true
3010,P-218PWMP,Design,design,Power Playground Multi-Purpose Play Area Reconstruction and Skate Park Construction,2028-10-11T00:00:00.000,true
3010,P-2PWPADT,Design,design,Power Playground Multi-Purpose Play Area Reconstruction and Skate Park Construction,2028-10-11T00:00:00.000,true
3011,P-108EWPK,Construction,construction,Ewen Park Staircase Reconstruction,2027-03-02T00:00:00.000,true
3012,P-1PBEAST,Close-out,close-out,Bronx Park East Botanical Garden Pedestrian Access Ramp Construction,2026-03-16T00:00:00.000,true
3013,P-111ESPG,Close-out,close-out,Eastchester Playground Reconstruction,2025-10-21T00:00:00.000,true
3014,P-1DBPLYG,Construction,construction,Daniel Boone Playground Reconstruction,2026-10-13T00:00:00.000,true
3015,P-503LEMN,Close-out,close-out,Lemon Creek Park Playground Reconstruction,2026-03-17T00:00:00.000,true
3016,P-503AESP,Construction,construction,Aesop Park Playground Reconstruction,2026-06-29T00:00:00.000,true
3017,P-1HAFFP1,Design,design,"Haffen Park Courts, Synthetic Turf Field, Playground, Adult Fitness, and Landscape Reconstruction",2029-12-24T00:00:00.000,true
3017,P-1HAFFPT,Design,design,"Haffen Park Courts, Synthetic Turf Field, Playground, Adult Fitness, and Landscape Reconstruction",2029-12-24T00:00:00.000,true
3018,P-307RPRP,Close-out,close-out,Riverside Park 78th Street Ramp Reconstruction,2025-09-26T00:00:00.000,true
3019,P-502SHML,Close-out,close-out,Schmul Park Playground Reconstruction,2025-10-23T00:00:00.000,true
3020,P-1PELHAM,Construction Procurement,construction procurement,Pelham Parkway Malls Partial Reconstruction,2029-02-09T00:00:00.000,true
3021,P-112SHLP,Construction,construction,Shoelace Park Fitness Equipment Construction,2026-09-25T00:00:00.000,true
3022,P-108MUSE,Close-out,close-out,Van Cortlandt House Museum Fence Reconstruction,2025-05-29T00:00:00.000,true
3023,P-411CRCH,Construction,construction,Citywide Roof Reconstruction (CNYG-722M),2028-02-22T00:00:00.000,true
3023,P-4OVERLO,Construction,construction,Citywide Roof Reconstruction (CNYG-722M),2028-02-22T00:00:00.000,true
3023,P-6ROOF22,Construction,construction,Citywide Roof Reconstruction (CNYG-722M),2028-02-22T00:00:00.000,true
3024,P-3CYPGCS,Construction Procurement,construction procurement,Brigadier General Charles Young Playground Public Restroom Building and Field House Reconstruction,2029-04-17T00:00:00.000,true
3025,P-1HAFFPL,Construction,construction,Haffen Park Pool Complex Reconstruction,2027-08-02T00:00:00.000,true
3026,P-3TRE22B,Close-out,close-out,Manhattan Park Tree Planting FY22,2024-12-05T00:00:00.000,true
3036,P-2TRE22A,Close-out,close-out,"Brooklyn Street Tree Planting FY22 - Community Boards 1, 4",2023-06-21T00:00:00.000,true
3041,P-1RNQ22A,Design,design,Ranaqua Exterior and HVAC Reconstruction,2028-08-28T00:00:00.000,true
3042,P-4WATECS,(Cancelled),cancelled,Cross Island Parkway Waters Edge Drive Public Restroom Building Construction,2028-04-27T00:00:00.000,false
3043,P-4GWENCS,(Cancelled),cancelled,Gwen Ifill Park Public Restroom Building Construction,2028-07-25T00:00:00.000,false
3044,P-3TJRCUP,Construction Procurement,construction procurement,Thomas Jefferson Park Recreation Center and FMCP Aquatic Center Store Front Reconstruction,2028-01-12T00:00:00.000,true
3044,P-4FMDOOR,Construction Procurement,construction procurement,Thomas Jefferson Park Recreation Center and FMCP Aquatic Center Store Front Reconstruction,2028-01-12T00:00:00.000,true
3044,P-6CWGLZ1,Construction Procurement,construction procurement,Thomas Jefferson Park Recreation Center and FMCP Aquatic Center Store Front Reconstruction,2028-01-12T00:00:00.000,true
3045,P-105HNBC,Construction,construction,Citywide Pavement Reconstruction (CNYG-1622M),2026-10-30T00:00:00.000,true
3045,P-106CRTN,Construction,construction,Citywide Pavement Reconstruction (CNYG-1622M),2026-10-30T00:00:00.000,true
3045,P-210JPPT,Construction,construction,Citywide Pavement Reconstruction (CNYG-1622M),2026-10-30T00:00:00.000,true
3045,P-301WAPT,Construction,construction,Citywide Pavement Reconstruction (CNYG-1622M),2026-10-30T00:00:00.000,true
3045,P-308JJAD,Construction,construction,Citywide Pavement Reconstruction (CNYG-1622M),2026-10-30T00:00:00.000,true
3045,P-3MCRPAV,Construction,construction,Citywide Pavement Reconstruction (CNYG-1622M),2026-10-30T00:00:00.000,true
3045,P-401HOY2,Construction,construction,Citywide Pavement Reconstruction (CNYG-1622M),2026-10-30T00:00:00.000,true
3045,P-6PAVCW1,Construction,construction,Citywide Pavement Reconstruction (CNYG-1622M),2026-10-30T00:00:00.000,true
3046,P-200CPSW,Construction,construction,Brooklyn Pavement Reconstruction (BG-822M),2028-02-16T00:00:00.000,true
3046,P-200MPTH,Construction,construction,Brooklyn Pavement Reconstruction (BG-822M),2028-02-16T00:00:00.000,true
3046,P-210DBPP,Construction,construction,Brooklyn Pavement Reconstruction (BG-822M),2028-02-16T00:00:00.000,true
3046,P-210OWLR,Construction,construction,Brooklyn Pavement Reconstruction (BG-822M),2028-02-16T00:00:00.000,true
3046,P-218CPMC,Construction,construction,Brooklyn Pavement Reconstruction (BG-822M),2028-02-16T00:00:00.000,true
3046,P-2BKPAV2,Construction,construction,Brooklyn Pavement Reconstruction (BG-822M),2028-02-16T00:00:00.000,true
3046,P-2KISRPV,Construction,construction,Brooklyn Pavement Reconstruction (BG-822M),2028-02-16T00:00:00.000,true
3047,P-502GBRE,Close-out,close-out,Greenbelt Recreation Center Basketball Courts Reconstruction,2025-12-22T00:00:00.000,true
3048,P-5CPILLP,Construction Procurement,construction procurement,Lt. Lia Playground Reconstruction,2029-02-25T00:00:00.000,true
3049,P-1CPIHSP,Construction,construction,Horseshoe Playground Reconstruction,2026-06-30T00:00:00.000,true
3050,P-2CPIJRM,Construction,construction,Jerome Playground Reconstruction,2027-01-11T00:00:00.000,true
3051,P-3CPIAAP,Close-out,close-out,Anibal Aviles Playground Reconstruction,2026-02-20T00:00:00.000,true
3052,P-3CPIDOE,Close-out,close-out,Detective Omar Edwards Park Reconstruction,2026-05-04T00:00:00.000,true
3053,P-107POEP,Design,design,Poe Park Plaza and Playground Reconstruction,2029-04-08T00:00:00.000,true
3054,P-1CPIPNT,Construction Procurement,construction procurement,Pontiac Playground Reconstruction,2029-02-25T00:00:00.000,true
3055,P-1CPIDVP,Close-out,close-out,Chief Dennis L. Devlin Park Reconstruction,2026-04-24T00:00:00.000,true
3057,P-2BARRYP,Close-out,close-out,Berry Playground Reconstruction,2025-12-31T00:00:00.000,true
3058,P-1CPIHCS,Construction,construction,Citywide Public Restroom Buildings Reconstruction (CNYG-1922M),2028-09-06T00:00:00.000,true
3058,P-2CPIJCS,Construction,construction,Citywide Public Restroom Buildings Reconstruction (CNYG-1922M),2028-09-06T00:00:00.000,true
3058,P-3ALXHAM,Construction,construction,Citywide Public Restroom Buildings Reconstruction (CNYG-1922M),2028-09-06T00:00:00.000,true
3058,P-3FREDSM,Construction,construction,Citywide Public Restroom Buildings Reconstruction (CNYG-1922M),2028-09-06T00:00:00.000,true
3058,P-405JPCS,Construction,construction,Citywide Public Restroom Buildings Reconstruction (CNYG-1922M),2028-09-06T00:00:00.000,true
3058,P-407FLPU,Construction,construction,Citywide Public Restroom Buildings Reconstruction (CNYG-1922M),2028-09-06T00:00:00.000,true
3058,P-4CPIHCS,Construction,construction,Citywide Public Restroom Buildings Reconstruction (CNYG-1922M),2028-09-06T00:00:00.000,true
3059,P-6GMBXGI,Construction,construction,Crotona Park Green Infrastructure Construction,2026-08-17T00:00:00.000,true
3060,GRSIGI-01,Construction,construction,Clove Lakes Parking Lot Green Infrastructure Construction,2026-11-02T00:00:00.000,true
3061,P-6PNYR40,(Cancelled),cancelled,"Brooklyn, Queens CBs 9-14 and Staten Island Reforestation Container Tree Procurement FY23-FY28",2029-02-23T00:00:00.000,false
3062,P-6PNYR39,Construction,construction,"Bronx, Manhattan and Queens CBs 1-8 Reforestation Container Tree Procurement FY23-FY28",2027-11-29T00:00:00.000,true
3063,P-1PELFTR,Construction,construction,"Pelham Bay Park Forest Tree Replacement, Phase II",2028-08-31T00:00:00.000,true
3064,P-1VNCFTR,Construction,construction,Van Cortlandt Park Forest Tree Replacement,2028-08-31T00:00:00.000,true
3065,P-5SIFRTN,Construction,construction,Staten Island Forest Restoration,2028-08-31T00:00:00.000,true
3066,P-2BELTPF,Construction,construction,"Belt Parkway Restoration and Tree Replacement, Phase IV",2028-11-29T00:00:00.000,true
3067,P-6RETW23,Construction,construction,Citywide Retaining Wall Reconstruction (CNYG-323M),2028-03-29T00:00:00.000,true
3068,P-311PFRC,Design,design,Marcus Garvey Park Pelham Fritz Recreation Center Roof Reconstruction,2026-08-25T00:00:00.000,true
3069,P-2MTFLTR,Construction Procurement,construction procurement,Citywide Indoor Pool Filter Plant Reconstruction,2028-04-16T00:00:00.000,true
3070,P-103PATH,Construction,construction,Citywide Pavement Reconstruction (CNYG-3922M),2024-09-08T00:00:00.000,true
3070,P-110PPTH,Construction,construction,Citywide Pavement Reconstruction (CNYG-3922M),2024-09-08T00:00:00.000,true
3070,P-2COFEPK,Construction,construction,Citywide Pavement Reconstruction (CNYG-3922M),2024-09-08T00:00:00.000,true
3070,P-307PATH,Construction,construction,Citywide Pavement Reconstruction (CNYG-3922M),2024-09-08T00:00:00.000,true
3070,P-311RIPW,Construction,construction,Citywide Pavement Reconstruction (CNYG-3922M),2024-09-08T00:00:00.000,true
3070,P-312FPTH,Construction,construction,Citywide Pavement Reconstruction (CNYG-3922M),2024-09-08T00:00:00.000,true
3070,P-3RANDVC,Construction,construction,Citywide Pavement Reconstruction (CNYG-3922M),2024-09-08T00:00:00.000,true
3070,P-412BPTH,Construction,construction,Citywide Pavement Reconstruction (CNYG-3922M),2024-09-08T00:00:00.000,true
3070,P-4ALYPND,Construction,construction,Citywide Pavement Reconstruction (CNYG-3922M),2024-09-08T00:00:00.000,true
3070,P-501CLP2,Construction,construction,Citywide Pavement Reconstruction (CNYG-3922M),2024-09-08T00:00:00.000,true
3070,P-6CWPAV1,Construction,construction,Citywide Pavement Reconstruction (CNYG-3922M),2024-09-08T00:00:00.000,true
3072,P-1CPIDPG,Construction,construction,Dawson Playground Reconstruction,2026-04-06T00:00:00.000,true
3073,P-1CPIJJP,Close-out,close-out,Jennie Jerome Playground Reconstruction,2025-06-30T00:00:00.000,true
3074,P-1AWRWR,Construction Procurement,construction procurement,Aqueduct Walk Retaining Wall Reconstruction,2028-10-14T00:00:00.000,true
3075,P-2CPIRHP,Construction Procurement,construction procurement,Rolph Henry Playground Reconstruction,2028-09-07T00:00:00.000,true
3076,P-2CPISAP,Design,design,St. Andrew's Playground Reconstruction and Public Restroom Building Construction,2029-04-23T00:00:00.000,true
3076,SEED-SAPG,Design,design,St. Andrew's Playground Reconstruction and Public Restroom Building Construction,2029-04-23T00:00:00.000,true
3077,P-2CPIPHP,Design,design,Pena Herrera Playground Reconstruction and Public Restroom Building Construction,2027-04-26T00:00:00.000,true
3078,P-107HRSP,Construction,construction,Citywide Synthetic Turf Reconstruction,2024-09-08T00:00:00.000,true
3078,P-109WGTF,Construction,construction,Citywide Synthetic Turf Reconstruction,2024-09-08T00:00:00.000,true
3078,P-307RSTF,Construction,construction,Citywide Synthetic Turf Reconstruction,2024-09-08T00:00:00.000,true
3078,P-311RSTF,Construction,construction,Citywide Synthetic Turf Reconstruction,2024-09-08T00:00:00.000,true
3078,P-410SFTF,Construction,construction,Citywide Synthetic Turf Reconstruction,2024-09-08T00:00:00.000,true
3078,P-412MPTF,Construction,construction,Citywide Synthetic Turf Reconstruction,2024-09-08T00:00:00.000,true
3078,P-6CWSTF2,Construction,construction,Citywide Synthetic Turf Reconstruction,2024-09-08T00:00:00.000,true
3079,P-204BPST,Close-out,close-out,Brooklyn Synthetic Turf Reconstruction,2025-09-08T00:00:00.000,true
3079,P-2BKSTF1,Close-out,close-out,Brooklyn Synthetic Turf Reconstruction,2025-09-08T00:00:00.000,true
3080,P-216OSBO,Construction,construction,Osborn Playground Adult Fitness Construction,2026-09-14T00:00:00.000,true
3081,P-215MEL2,Construction,construction,Mellett Playground Multi-Purpose Play Area and Handball Reconstruction,2026-11-09T00:00:00.000,true
3082,P-207GWHB,Close-out,close-out,Greenwood Playground Handball Courts Reconstruction and Pickleball Court Construction,2026-04-28T00:00:00.000,true
3084,P-2TREP23,(Cancelled),cancelled,Brooklyn Street Tree Planting FY23 -  Community Boards 3 & 4,2026-03-27T00:00:00.000,false
3088,P-0PRC23B,Construction,construction,Citywide Grow Bag and Field Grown Tree Procurement from Region 1 FY23,2030-04-18T00:00:00.000,true
3089,P-0PRC23A,Design,design,"Citywide Procurement of Grow-Bag Trees from Massachusetts, Pennsylvania, or New Jersey",2032-05-31T00:00:00.000,true
3091,P-2TRE23D,Construction,construction,Brooklyn Street Tree Planting FY23 - Community Boards 7 & 10,2026-03-30T00:00:00.000,true
3092,P-2PKTR23,(Cancelled),cancelled,Brooklyn Park Tree Planting FY23,2026-03-27T00:00:00.000,false
3093,P-4PKTR23,Close-out,close-out,Queens Park Tree Planting FY23,2025-05-13T00:00:00.000,true
3094,P-6PKTR23,(Cancelled),cancelled,Bronx & Manhattan Park Tree Planting FY23,2025-10-02T00:00:00.000,false
3096,P-2TRE23E,Close-out,close-out,"Brooklyn Street Tree Planting FY23 - Community Boards 1, 2 & 6",2025-03-31T00:00:00.000,true
3097,P-2TRE23A,(Cancelled),cancelled,Brooklyn Street Tree Planting FY23 - Community Boards 5 & 16,2026-03-27T00:00:00.000,false
3102,P-4TRE23C,Construction,construction,Queens Street Tree Planting FY23 - Community Boards 1-5,2027-01-21T00:00:00.000,true
3104,P-5TRE23A,Close-out,close-out,Staten Island Street Tree Planting FY23,2026-02-02T00:00:00.000,true
3105,P-503ANNA,Close-out,close-out,Annadale Green Reconstruction,2026-04-22T00:00:00.000,true
3106,P-306ASGP,Construction Procurement,construction procurement,Augustus Saint Gaudens Playground Reconstruction,2028-08-04T00:00:00.000,true
3107,P-312LBPG,Close-out,close-out,Fort Washington Park Lily Brown Playground Reconstruction,2026-03-26T00:00:00.000,true
3108,P-6SEAWAL,Design,design,Citywide Seawall Reconstruction,2029-07-26T00:00:00.000,true
3109,P-110FPPP,Construction,construction,Ferry Point Playground Reconstruction,2026-04-06T00:00:00.000,true
3110,P-302TDRC,(Cancelled),cancelled,Tony Dapolito Recreation Center Emergency Reconstruction,2026-04-23T00:00:00.000,false
3112,P-308CSPP,Construction,construction,Carl Schurz Park Pathway Reconstruction,2026-11-06T00:00:00.000,true
3113,P-2TRSD23,Close-out,close-out,"Brooklyn Tree-Damaged Sidewalk Reconstruction FY23 - Community Boards 3, 4, 5, 8, 9, 15, 16, 17, 18",2025-10-13T00:00:00.000,true
3114,P-6PREFA1,Close-out,close-out,Father Macris Park and Irving Square Park Compact Prefabricated Public Restroom Buildings Construction,2025-01-10T00:00:00.000,true
3115,P-2TRS23A,Construction,construction,"Brooklyn Tree-Damaged Sidewalk Reconstruction FY23 Community Boards 1, 2, 6, 7, 10-14",2027-01-05T00:00:00.000,true
3116,P-4TRS23A,Construction,construction,Queens Tree-Damaged Sidewalk Reconstruction FY23 Community Boards 9-14,2027-01-19T00:00:00.000,true
3117,P-6TRS23A,Close-out,close-out,Bronx and Manhattan Tree-Damaged Sidewalk Reconstruction FY23,2026-03-27T00:00:00.000,true
3118,P-2GPWB12,Close-out,close-out,Bushwick Inlet Park Sewer Connection Construction,2025-08-25T00:00:00.000,true
3119,P-0PRC23C,Design,design,"Citywide Field-Grown Tree Procurement from Illinois, Ohio, Indiana, Maryland, Or Virginia",2032-06-27T00:00:00.000,true
3120,P-0PRC23D,Construction Procurement,construction procurement,Citywide Field Grown Tree procurement from Region 2 FY24,2031-02-28T00:00:00.000,true
3121,P-2FULTON,Close-out,close-out,Fulton Mall Streetscape Reconstruction,2025-06-30T00:00:00.000,true
4592,P-210MPTC,Design,design,Citywide Athletic Court Reconstruction,2029-01-24T00:00:00.000,true
4593,P-2TRE24D,Construction,construction,Brooklyn Street Tree Planting FY24 - Community Board 1-4 & 6,2027-03-23T00:00:00.000,true
4594,P-3TRE24A,Construction,construction,"Manhattan Street Tree Planting FY24 - Community Board 2, 4, 5, 7, 9, 10 & 12",2027-03-23T00:00:00.000,true
4595,P-3TRE24B,Construction Procurement,construction procurement,"Manhattan Street Tree Planting FY24 - Community Board 1, 3, 6, 8 & 11",2028-08-16T00:00:00.000,true
4596,P-4TRE24C,Construction,construction,"Queens Street Tree Planting FY24 - Community Board 6, 9 & 10",2027-08-03T00:00:00.000,true
4597,P-2TRE24B,Construction,construction,Brooklyn Street Tree Planting FY24 - Community Board 5 & 16,2027-03-23T00:00:00.000,true
4598,P-410TPAF,Construction,construction,Tudor Park Adult Fitness Equipment Construction,2027-04-26T00:00:00.000,true
4599,P-501CPTP,Design,design,Corporal Thompson Park Playground Reconstruction,2027-09-30T00:00:00.000,true
4600,P-4PKTR24,Construction,construction,Queens Park Tree Planting FY24,2027-09-16T00:00:00.000,true
4601,P-2TRE24E,(Cancelled),cancelled,Brooklyn Street Tree Planting FY24 - Community Board 12& 14,2027-07-28T00:00:00.000,false
4602,P-2TRE24C,Construction,construction,Brooklyn Street Tree Planting FY24 - Community Board 7 & 10,2026-08-17T00:00:00.000,true
4603,P-5TRSD23,Construction,construction,Staten Island Tree-Damaged Sidewalk Reconstruction FY23,2026-07-07T00:00:00.000,true
4604,P-4TRSD23,Close-out,close-out,"Queens Tree-Damaged Sidewalk Reconstruction FY23 - Community Boards 1, 2, 5 ,6, 7, 8",2026-02-19T00:00:00.000,true
4605,P-6POOL21,Construction Procurement,construction procurement,Citywide Pool Plumbing Reconstruction (CNYG-1521M),2026-12-26T00:00:00.000,true
4606,P-312DMMG,Construction,construction,Bronx and Manhattan Retaining Wall Reconstruction,2026-09-28T00:00:00.000,true
4606,P-6CWRWXM,Construction,construction,Bronx and Manhattan Retaining Wall Reconstruction,2026-09-28T00:00:00.000,true
4607,P-4ALHVAC,Construction Procurement,construction procurement,Al Oerter Recreation Center HVAC Reconstruction,2027-03-20T00:00:00.000,true
4609,P-3CBHVAC,Construction,construction,Constance Baker Motley Recreation Center HVAC Systems Reconstruction,2026-12-17T00:00:00.000,true
4610,P-3CRHVAC,Construction,construction,Chelsea Recreation Center HVAC Systems Reconstruction,2027-05-07T00:00:00.000,true
4613,P-405JVBB,Design,design,Juniper Valley Park Baseball Field Reconstruction,2029-02-09T00:00:00.000,true
4614,P-413ESPG,Construction Procurement,construction procurement,East Springfield Playground Reconstruction,2028-09-28T00:00:00.000,true
4615,P-4IDLTRF,Design,design,Idlewild Park Synthetic Turf Field Reconstruction,2029-01-25T00:00:00.000,true
4616,P-218LOTT,Design,design,Hendrick I. Lott House Interior Restoration,2028-09-23T00:00:00.000,true
4617,P-110BFPG,Pre-Design,pre-design,Bufano Park and Public Restroom Building Design and Construction Management Services,,true
4618,P-204MHPG,Design,design,Maria Hernandez Park Playground and Dog Run Reconstruction,2027-10-23T00:00:00.000,true
4619,P-412MBPF,Design,design,Montbellier Park Synthetic Turf Field Reconstruction,2029-05-28T00:00:00.000,true
4620,P-501SKYL,Design,design,Skyline Playground Reconstruction,2029-04-27T00:00:00.000,true
4621,P-309MSSC,Design,design,"Morningside Park 114th, 116th and 122nd Streets Staircases Reconstruction",2028-12-15T00:00:00.000,true
4622,P-3CPIRNP,Design,design,Renaissance Playground Reconstruction,2029-08-17T00:00:00.000,true
4623,P-4INGRVL,Construction Procurement,construction procurement,Flushing Fields Leonardo Ingravallo Playground Reconstruction,2028-04-20T00:00:00.000,true
4624,P-407FFAR,Construction Procurement,construction procurement,Flushing Fields Baseball Field 15 and Soccer Field 16 Reconstruction,2028-11-16T00:00:00.000,true
4625,P-306DAGP,Construction Procurement,construction procurement,Dag Hammarskjold Plaza Reconstruction Phase 2,2028-09-10T00:00:00.000,true
4626,P-405VITO,Construction Procurement,construction procurement,Uncle Vito F. Maranzano Glendale Playground Reconstruction,2027-11-18T00:00:00.000,true
4627,P-501MAHO,Construction Procurement,construction procurement,Mahoney Playground Reconstruction,2027-06-29T00:00:00.000,true
4628,NDF-BRMPK,Design,design,Boerum Park Reconstruction,2028-12-27T00:00:00.000,true
4629,P-2CPIDMC,Construction,construction,D'Emic Playground Reconstruction,2027-06-07T00:00:00.000,true
4630,P-1HAFFP3,Design,design,Haffen Amphitheater and Public Restroom Building Reconstruction,2030-05-24T00:00:00.000,true
4631,P-5CPILCS,Design,design,Lt. Lia Playground Public Restroom Building Reconstruction,2030-07-25T00:00:00.000,true
4632,P-3SARDRO,Design,design,Sara D. Roosevelt Park Reconstruction,2030-01-27T00:00:00.000,true
4633,P-307SASM,Design,design,Riverside Park Soldiers' and Sailors' Monument Restoration,2030-02-22T00:00:00.000,true
4634,NDF-OLDSH,Design,design,Old Stone House Addition Construction,2029-09-15T00:00:00.000,true
4635,P-3STSTSR,Design,design,Randall's Island Park Manhattan Storehouse Construction,2029-10-24T00:00:00.000,true
4636,P-3PIKEMA,Design,design,Allen and Pike Street Malls Reconstruction Phase 2,2029-07-21T00:00:00.000,true
4637,P-110GCWP,Design,design,Givans Creek Woods Park Pathway Construction,2028-06-10T00:00:00.000,true
4638,P-104MRPG,Design,design,Merriam Lower Playground Reconstruction,2028-10-22T00:00:00.000,true
4639,P-101LZDA,Design,design,"Lozada Playground, Basketball Courts and Walking Track Reconstruction",2029-08-23T00:00:00.000,true
4640,P-404PKAM,Design,design,Park of the Americas Public Restroom Building Reconstruction,2029-10-22T00:00:00.000,true
4641,P-218HKMN,Construction Procurement,construction procurement,Hickman Playground Reconstruction,2027-07-27T00:00:00.000,true
4642,P-213BPLG,Construction Procurement,construction procurement,Brighton Playground Basketball Courts and Fitness Area Reconstruction,2028-09-10T00:00:00.000,true
4643,P-202CBMP,Design,design,Commodore Barry Park Multipurpose Play Area Reconstruction,2029-04-20T00:00:00.000,true
4644,P-502MLPG,Design,design,Midland Playground Reconstruction,2028-12-24T00:00:00.000,true
4645,SANDY2-30,Design,design,Paerdegat Basin Park Yacht Clubs Reconstruction (Hurricane Sandy),2028-12-24T00:00:00.000,true
4645,SANDY2-31,Design,design,Paerdegat Basin Park Yacht Clubs Reconstruction (Hurricane Sandy),2028-12-24T00:00:00.000,true
4645,SANDY2-32,Design,design,Paerdegat Basin Park Yacht Clubs Reconstruction (Hurricane Sandy),2028-12-24T00:00:00.000,true
4645,SANDY2-33,Design,design,Paerdegat Basin Park Yacht Clubs Reconstruction (Hurricane Sandy),2028-12-24T00:00:00.000,true
4646,IDA21-12,Design,design,Riverside Park Dinosaur Playground Reconstruction,2029-11-19T00:00:00.000,true
4646,P-3RIVDIN,Design,design,Riverside Park Dinosaur Playground Reconstruction,2029-11-19T00:00:00.000,true
4647,P-412CRDP,Design,design,Dr. Charles Drew Park Natural Turf Field Reconstruction,2029-03-28T00:00:00.000,true
4648,P-2BDCHOS,Design,design,Flatbush African Burial Ground,2031-08-09T00:00:00.000,true
4649,P-412NRPG,Construction Procurement,construction procurement,North Rochdale Playground Reconstruction,2028-07-22T00:00:00.000,true
4650,P-211BBST,Construction,construction,Bath Beach Park Synthetic Turf Field Construction,2027-07-05T00:00:00.000,true
4651,P-4FRNOCP,Design,design,Frank D. O'Connor Playground Reconstruction,2028-12-26T00:00:00.000,true
4652,P-402MPDR,Design,design,Murray Playground Synthetic Turf Field and Dog Run Reconstruction,2029-03-25T00:00:00.000,true
4652,P-402MPST,Design,design,Murray Playground Synthetic Turf Field and Dog Run Reconstruction,2029-03-25T00:00:00.000,true
4653,P-402MPST,Design,design,Murray Playground Synthetic Turf Field Reconstruction,2027-04-26T00:00:00.000,true
4654,P-202OPGR,Construction,construction,Oracle Playground Reconstruction,2027-07-05T00:00:00.000,true
4655,P-304PENN,Construction,construction,Penn South Playground Reconstruction,2027-06-14T00:00:00.000,true
4656,P-307RS91,Construction,construction,Riverside Park 91st Street Staircase Reconstruction,2027-02-22T00:00:00.000,true
4657,P-105GALO,Construction,construction,Galileo Playground Reconstruction,2026-09-01T00:00:00.000,true
4658,P-4FMCPIC,Construction Procurement,construction procurement,Flushing Meadows Corona Park Aquatic Center Ice Rink Chiller Plant Replacement,2028-06-05T00:00:00.000,true
4659,SANDY2-35,Design,design,Paerdegat Basin Park Paerdegat Athletic Center Reconstruction (Hurricane Sandy),,true
4772,P-1TRE24C,Construction,construction,Bronx Street Tree Planting FY24 - Community Board 1-4,2027-03-23T00:00:00.000,true
4773,P-5TRE24A,Construction,construction,Staten Island Street Tree Planting FY24,2028-01-25T00:00:00.000,true
4774,P-1TRE24A,Construction,construction,Bronx Street Tree Planting FY24 - Community Board 5-8 & 11-12,2027-06-08T00:00:00.000,true
4775,P-2TRE24A,Construction,construction,"Brooklyn Street Tree Planting FY24 - Community Board 8, 9, 17 & 18",2027-08-17T00:00:00.000,true
4776,P-4TRE24D,Construction,construction,Queens Street Tree Planting FY24 - Community Board 11-13,2027-03-23T00:00:00.000,true
4777,P-2PKTR24,Construction Procurement,construction procurement,Brooklyn Park Tree Planting FY24,2029-03-21T00:00:00.000,true
4778,P-6PKPL24,Construction Procurement,construction procurement,Bronx and Manhattan Park Tree Planting FY24,2028-01-11T00:00:00.000,true
4779,P-5PKTR24,(Cancelled),cancelled,Staten Island Park Tree Planting FY24 (Canceled),2027-05-28T00:00:00.000,false
4780,P-4TRE25A,Construction,construction,Queens Street Tree Planting FY25 - Community Board 14,2027-03-15T00:00:00.000,true
4781,P-2TRE24F,Construction,construction,"Brooklyn Street Tree Planting FY24 - Community Board 11, 13, 15",2027-04-19T00:00:00.000,true
4782,P-4TRE25B,Construction,construction,Queens Street Tree Planting FY25 - Community Board 7 & 8,2027-03-29T00:00:00.000,true
4783,P-1TRE24B,Construction,construction,Bronx Street Tree Planting FY24 - Community Board 9-10,2026-07-27T00:00:00.000,true
4786,P-4TRE24A,Close-out,close-out,Queens Street Tree Planting FY24 - Community Board 7 & 8,2026-01-26T00:00:00.000,true
4787,P-301MHPI,Construction Procurement,construction procurement,Mannahatta Park Reconstruction,2028-11-17T00:00:00.000,true
4787,SANDY3-18,Construction Procurement,construction procurement,Mannahatta Park Reconstruction,2028-11-17T00:00:00.000,true
4788,P-6EABTRD,Construction Procurement,construction procurement,Brooklyn and Staten Island Emerald Ash Borer (EAB) Related Tree Removal (CNYG-2319MR),2026-01-25T00:00:00.000,true
4789,P-4EABTRA,Construction Procurement,construction procurement,Queens Emerald Ash Borer (EAB) Related Tree Removal (QG-819MR),2026-01-25T00:00:00.000,true
4790,P-6EABTRF,(Cancelled),cancelled,Bronx and Manhattan Emerald Ash Borer (EAB) Related Tree Removal (CNYG-2219MR),2026-01-25T00:00:00.000,false
4791,P-312JHWR,Construction,construction,J. Hood Wright Park Retaining Wall and Pedestrian Ramp Reconstruction,2026-08-17T00:00:00.000,true
4792,P-1CRTMAL,Pre-Design,pre-design,Crotona Parkway Malls Reconstruction (to be completed under XG-419M),,true
4795,P-2CONYGS,Close-out,close-out,Coney Island Greenstreets and Green Infrastructure Construction,2020-11-19T00:00:00.000,true
4801,SANDY5-05,Close-out,close-out,Heritage Park Operations Building Demolition (Hurricane Sandy),2017-10-03T00:00:00.000,true
4803,SANDY2-01,Close-out,close-out,Brooklyn General Site Work (BG-311M),2014-12-19T00:00:00.000,true
4803,SANDY2-09,Close-out,close-out,Brooklyn General Site Work (BG-311M),2014-12-19T00:00:00.000,true
4806,SANDY5-18,Close-out,close-out,Midland Beach and Oakwood Beach Emergency Berm Installation,2014-04-11T00:00:00.000,true
4810,P-204BPST,Pre-Design,pre-design,Bushwick Playground Synthetic Turf Field Reconstruction,,true
4811,P-5HARBOR,Pre-Design,pre-design,Sailors Snug Harbor Natural Areas Green Infrastructure and Upland Restoration,,true
4812,P-3CPIHRL,Pre-Design,pre-design,Holcombe Rucker Park Sports Lighting Reconstruction,,true
4813,P-200PPTS,Design,design,Prospect Park Third Street Playground Reconstruction,2028-07-16T00:00:00.000,true
4814,P-311MCST,Design,design,Eugene McCabe Field Reconstruction,2029-06-07T00:00:00.000,true
4815,P-208BRBC,Close-out,close-out,Brower Park Basketball Court Bleachers Construction,2025-12-15T00:00:00.000,true
4816,P-109NOB1,Construction Procurement,construction procurement,Noble Playground Water Service Reconstruction,2027-09-22T00:00:00.000,true
4817,P-102CPSA,Pre-Design,pre-design,Concrete Plant Park Sitting Area Construction,,true
4818,P-3CPIMKS,Pre-Design,pre-design,McKenna Square Reconstruction,,true
4819,P-3CPINSP,Design,design,Nathan Straus Playground Reconstruction,2030-03-28T00:00:00.000,true
4820,P-6PNYT23,Construction,construction,Citywide FY17 Street Tree Supervision,,true
4821,P-503WPMO,Pre-Design,pre-design,Wolfe's Pond Park Maintenance and Operations Building Reconstruction,,true
4822,P-6PNYCST,Pre-Design,pre-design,Citywide Street Tree Planting PlaNYC 2030 Lump Sum Funding,,true
4823,P-6EABTRS,Construction,construction,FY20 EAB Host Trees Removal Supervision (CNYG-520M),,true
4824,P-200TNCR,(Cancelled),cancelled,Parade Ground Tennis Center Reconstruction,2025-01-21T00:00:00.000,false
4825,P-3PSNNTE,(Cancelled),cancelled,William F. Passannante Ballfield Reconstruction (Canceled),2024-11-25T00:00:00.000,false
4826,P-5CLVCHL,(Cancelled),cancelled,Clove Lakes Park World War II Memorial Ice Rink Slab and Header Reconstruction,2024-06-27T00:00:00.000,false
4827,P-304LRSQ,(Defaulted),defaulted,Little Red Square Reconstruction,2021-11-16T00:00:00.000,true
4828,P-307RPSB,(Cancelled),cancelled,"Riverside Park South Comfort Station, Concession Building, and Shade Structure Construction",2021-06-02T00:00:00.000,false
4829,P-5PLOT13,(Terminated),terminated,Staten Island General Site Work (RG-913M),2015-08-17T00:00:00.000,true
4829,SANDY5-28,(Terminated),terminated,Staten Island General Site Work (RG-913M),2015-08-17T00:00:00.000,true
4830,P-215PB15,(Defaulted),defaulted,Emmons Avenue Sidewalk Reconstruction (defaulted),2014-05-17T00:00:00.000,true
4831,P-205SPRN,(Defaulted),defaulted,Spring Creek Park Comfort Station Construction,2013-07-16T00:00:00.000,true
4832,SANDY5-48,(Cancelled),cancelled,Staten Island Parks Reconstruction (Hurricane Sandy),,false
4833,SANDY3-19,(Cancelled),cancelled,Tony Dapolito and John Jay Recreation Centers Electrical Systems Reconstruction,,false
4834,SANDY3-21,(Cancelled),cancelled,Manhattan Playgrounds Safety Surface Reconstruction (Hurricane Sandy),,false
4837,P-3RIVSTR,Close-out,close-out,Riverside Park 102nd Street Staircase Reconstruction,2023-06-12T00:00:00.000,true
4838,P-103CGJF,Close-out,close-out,CS 134 Community Garden Reconstruction,2023-06-09T00:00:00.000,true
4840,P-3POORRD,Close-out,close-out,Poor Richard's Playground Play Area Reconstruction,2023-06-09T00:00:00.000,true
4844,P-4SHRESF,Close-out,close-out,Shore Front Parkway Multi-Purpose Area Construction,2023-05-16T00:00:00.000,true
4844,SANDY4-33,Close-out,close-out,Shore Front Parkway Multi-Purpose Area Construction,2023-05-16T00:00:00.000,true
4848,NDF-HLDN4,Close-out,close-out,Highland Park Lower East Playground Public Restroom Building Reconstruction,2023-05-09T00:00:00.000,true
4850,P-102MNDA,Close-out,close-out,Julio Carballo Fields Lighting and Scoreboard Construction,2023-04-28T00:00:00.000,true
4855,P-200CRSL,Close-out,close-out,Prospect Park Carousel Reconstruction,2023-04-11T00:00:00.000,true
4858,P-200LFHH,Close-out,close-out,Prospect Park Lefferts House Reconstruction,2023-03-30T00:00:00.000,true
4861,P-206RHCF,Close-out,close-out,Red Hook Community Farm Water Service Construction,2023-03-27T00:00:00.000,true
4862,P-414RB59,Close-out,close-out,Beach 59th Street Playground Reconstruction,2023-03-14T00:00:00.000,true
4863,P-218MPNC,Close-out,close-out,Marine Park Salt Marsh Nature Center Reconstruction,2023-03-13T00:00:00.000,true
4865,P-414LABY,Close-out,close-out,Shore Front Parkway Labyrinth and Seating Area Construction,2023-03-09T00:00:00.000,true
4866,P-2PNYC05,Close-out,close-out,Calvert Vaux Park Public Restroom Building and Maintenance Facility Construction,2023-03-06T00:00:00.000,true
4870,P-4TRE21A,Close-out,close-out,Queens Street Tree Planting FY21 - Community Boards 1-6,2023-02-14T00:00:00.000,true
4872,NDF-CPFSP,Close-out,close-out,Corporal Irwin Fischer Park Construction,2023-02-10T00:00:00.000,true
4876,NDF-RDFR,Close-out,close-out,Redfern Playground Reconstruction,2023-02-02T00:00:00.000,true
4880,P-503GCPL,Close-out,close-out,Greencroft Playground Public Restroom Building Construction,2023-01-13T00:00:00.000,true
4881,P-6TRAI20,Close-out,close-out,Arden Woods Trail Construction,2022-12-22T00:00:00.000,true
4882,P-118FOXP,Close-out,close-out,Fox Playground Public Restroom Building Construction,2023-01-30T00:00:00.000,true
4883,P-103CPB5,Close-out,close-out,Crotona Park Ballfield 5 Synthetic Turf Field Construction,2022-12-14T00:00:00.000,true
4885,P-200FITS,Close-out,close-out,Parade Ground Sitting Area and Petanque Court Reconstruction,2022-12-06T00:00:00.000,true
4886,P-107PPV1,Close-out,close-out,Poe Cottage Landscape and Accessible Path Reconstruction,2022-12-05T00:00:00.000,true
4888,P-112SETW,Close-out,close-out,Seton Falls Park Sidewalk and Fence Reconstruction,2022-12-02T00:00:00.000,true
4889,P-1ANCH02,Close-out,close-out,"St. Mary's Park Plaza, Pathways, and Gil Scott-Heron Amphitheater Reconstruction",2022-12-01T00:00:00.000,true
4890,P-212ALBE,Close-out,close-out,Albemarle Playground Synthetic Turf Field and Basketball Court Reconstruction,2022-11-29T00:00:00.000,true
4891,P-4BC94S1,Close-out,close-out,Shore Front Parkway Gateway Structure Construction,2022-11-22T00:00:00.000,true
4893,P-200LMBF,Close-out,close-out,Prospect Park Long Meadow Ballfields 2 and 3 Reconstruction,2022-11-16T00:00:00.000,true
4896,P-216BHIP,Close-out,close-out,Betsy Head Park Public Restroom Building Construction,2022-10-31T00:00:00.000,true
4898,P-5WHITEP,Close-out,close-out,John E. White Park Playground Reconstruction,2022-10-20T00:00:00.000,true
4903,P-1WDLNSS,Close-out,close-out,Woodlawn Playground Spray Shower Reconstruction,2022-09-12T00:00:00.000,true
4904,P-401HCSW,Close-out,close-out,Hallets Cove Seawall Reconstruction,2022-09-01T00:00:00.000,true
4908,P-207SPHD,Close-out,close-out,Sunset Park Handball Court Reconstruction,2022-08-24T00:00:00.000,true
4911,P-203D17E,Close-out,close-out,Von King Cultural Arts Center Multipurpose Room Reconstruction,2022-07-19T00:00:00.000,true
4913,P-41417PG,Close-out,close-out,Broad Channel Park Reconstruction,2022-06-30T00:00:00.000,true
4915,P-307RPPI,Close-out,close-out,Riverside Park South Natural Turf Ballfield & Greenway Reconstruction,2022-06-28T00:00:00.000,true
4920,P-401RAV2,Close-out,close-out,Ravenswood Playground Reconstruction,2022-06-02T00:00:00.000,true
4922,P-109NBLE,Close-out,close-out,Noble Playground Public Restroom Building Reconstruction,2022-05-24T00:00:00.000,true
4923,P-108VCIW,Close-out,close-out,Van Cortlandt Park Indian Fields Ballfields Reconstruction,2022-05-24T00:00:00.000,true
4924,P-4SHREDP,Close-out,close-out,Shore Front Parkway Dog Run Construction,2022-05-24T00:00:00.000,true
4926,P-5FRESH9,Close-out,close-out,Freshkills North Park Pathway and Public Restroom Building Construction,2022-05-20T00:00:00.000,true
4927,NDF-MORTN,Close-out,close-out,Morton Playground Reconstruction,2022-05-20T00:00:00.000,true
4930,P-5TPSBF,Close-out,close-out,Tappen Park and South Beach Fountain Reconstruction,2022-05-10T00:00:00.000,true
4935,P-4FMGARG,Close-out,close-out,Flushing Meadows Corona Park Garage Reconstruction,2022-05-03T00:00:00.000,true
4938,NDF-BRPLG,Close-out,close-out,Bridge Playground Reconstruction,2022-04-19T00:00:00.000,true
4939,P-4SHREAC,Close-out,close-out,Shore Front Parkway Adventure Course Construction,2022-04-19T00:00:00.000,true
4940,P-1CPIBR3,Close-out,close-out,Playground 174 Public Restroom Building Reconstruction,2022-04-14T00:00:00.000,true
4944,P-412RWP3,Close-out,close-out,Roy Wilkins Recreation Center Gymnasium Reconstruction,2022-03-21T00:00:00.000,true
4945,P-208HVAC,Close-out,close-out,St. John's Recreation Center Boilers and HVAC Systems Reconstruction,2022-03-21T00:00:00.000,true
4946,P-103WPBC,Close-out,close-out,Waring Playground Reconstruction,2022-03-16T00:00:00.000,true
4951,IDA21-01,Close-out,close-out,Olmsted Center Reconstruction,2022-01-10T00:00:00.000,true
4951,P-4OLMST4,Close-out,close-out,Olmsted Center Reconstruction,2022-01-10T00:00:00.000,true
4952,P-303BPCS,Close-out,close-out,Baruch Playground Public Restroom Building Reconstruction,2021-12-22T00:00:00.000,true
4957,P-206RHO1,Close-out,close-out,Red Hook Recreation Area Ballfields 5-8 Reconstruction,2021-12-03T00:00:00.000,true
4957,P-2RHBALL,Close-out,close-out,Red Hook Recreation Area Ballfields 5-8 Reconstruction,2021-12-03T00:00:00.000,true
4959,P-210SHRD,Close-out,close-out,Shore Park and Parkway Field House Reconstruction,2021-11-23T00:00:00.000,true
4961,P-311HWTR,Close-out,close-out,Highbridge Park Water Tower Reconstruction,2021-10-25T00:00:00.000,true
4964,P-300FDCG,Close-out,close-out,Manhattan General Site Work (MG-316MA),2021-10-14T00:00:00.000,true
4964,P-310CCPG,Close-out,close-out,Manhattan General Site Work (MG-316MA),2021-10-14T00:00:00.000,true
4964,P-3HMFISH,Close-out,close-out,Manhattan General Site Work (MG-316MA),2021-10-14T00:00:00.000,true
4964,P-3LPLZCG,Close-out,close-out,Manhattan General Site Work (MG-316MA),2021-10-14T00:00:00.000,true
4965,P-202CADM,Close-out,close-out,Cadman Plaza Park Brooklyn War Memorial ADA Ramp and Elevator Construction,2021-10-06T00:00:00.000,true
4966,P-413IDPK,Close-out,close-out,Idlewild Park Nature Center Construction,2021-08-31T00:00:00.000,true
4967,P-407FGP2,Close-out,close-out,Frank Golden Park Fields Reconstruction Phase II,2021-08-05T00:00:00.000,true
4968,P-4BWIDEP,Close-out,close-out,Queens General Site Work (QG-217M),2021-07-28T00:00:00.000,true
4969,P-308SPCS,Close-out,close-out,Twenty-Four Sycamores Public Restroom Building Reconstruction,2021-07-09T00:00:00.000,true
4971,P-311MGLL,Close-out,close-out,Marcus Garvey Park Public Restroom Building Construction,2021-07-02T00:00:00.000,true
4972,P-3LMDCCH,Close-out,close-out,Corlears Hook Park Public Restroom Building Reconstruction,2021-06-22T00:00:00.000,true
4974,P-5MCARPK,Close-out,close-out,MacArthur Park Multi-Purpose Ballfield and Basketball Court Reconstruction,2021-05-27T00:00:00.000,true
4976,P-5CHARLS,Close-out,close-out,Fairview Park Multi-Purpose Field and Landscape Construction,2021-05-25T00:00:00.000,true
4977,P-1HGCVPR,Close-out,close-out,Hugh Grant Circle and Virginia Park Reconstruction,2021-05-05T00:00:00.000,true
4979,P-1CRPOHS,Close-out,close-out,Crotona Park Bathhouse Entrance Reconstruction,2021-03-25T00:00:00.000,true
4981,P-4FTTOTB,Close-out,close-out,Fort Totten Park Chapel and Commander's House Reconstruction,2021-03-24T00:00:00.000,true
4983,P-209WNGE,Close-out,close-out,Wingate Park Basketball Courts Reconstruction,2021-01-29T00:00:00.000,true
4988,P-200PPFB,Close-out,close-out,Prospect Park Flatbush Avenue Perimeter Sidewalk Reconstruction,2020-12-11T00:00:00.000,true
4990,P-1PNYFL5,Close-out,close-out,Co-Op City Field Irrigation System Installation,2020-12-08T00:00:00.000,true
4991,P-3RVSSCA,Close-out,close-out,Riverside Park 109th Street Skate Park Reconstruction,2020-12-02T00:00:00.000,true
4993,P-3ANCH02,Close-out,close-out,Highbridge Anchor Park Reconstruction Phase II,2020-11-05T00:00:00.000,true
4995,P-308CSPG,Close-out,close-out,Carl Schurz Park Playground Reconstruction,2020-10-28T00:00:00.000,true
4999,P-6CPIBN3,Close-out,close-out,"Luther Gulick and Yolanda Garcia Park, Lyons Square, Saw Mill, and Ten Eyck Playgrounds Public Restroom Building Construction",2020-10-05T00:00:00.000,true
5000,P-307RPKS,Close-out,close-out,"Riverside Park South Playground, Bikeway, and Plazas Construction",2020-09-30T00:00:00.000,true
5002,P-303LGPK,Close-out,close-out,Luther Gulick Park Reconstruction,2020-09-11T00:00:00.000,true
5004,P-6PBBP15,Close-out,close-out,Citywide Plumbing Systems Reconstruction (CNYG-1415M),2020-09-03T00:00:00.000,true
5005,P-5CPIB12,Close-out,close-out,"Levy Playground, McDonald Park and DeMatti Playground Public Restroom Building Reconstruction",2020-08-21T00:00:00.000,true
5007,P-217PDGT,Close-out,close-out,Paerdegat Athletic Center Air Conditioning Reconstruction,2020-03-16T00:00:00.000,true
5007,SANDY2-34,Close-out,close-out,Paerdegat Athletic Center Air Conditioning Reconstruction,2020-03-16T00:00:00.000,true
5010,P-6RETW14,Close-out,close-out,Citywide Retaining Walls and Seawalls Reconstruction (CNYG-514M),2020-02-28T00:00:00.000,true
5012,P-1CPIBR2,Close-out,close-out,Playground 174 Reconstruction,2020-01-15T00:00:00.000,true
5014,P-311HEL3,Close-out,close-out,Hell Gate Pathway Construction Phase 3,2019-12-16T00:00:00.000,true
5015,P-311MGFI,Close-out,close-out,Marcus Garvey Park Fire Watchtower Restoration,2019-12-12T00:00:00.000,true
5016,P-4DUTCH1,Close-out,close-out,Dutch Kills Playground Public Restroom Building Reconstruction,2019-12-12T00:00:00.000,true
5017,P-312JJPG,Close-out,close-out,Jacob Javits Playground Reconstruction,2019-11-26T00:00:00.000,true
5018,P-5IRENE,Close-out,close-out,Wolfe's Pond Park Landscape Reconstruction,2019-10-25T00:00:00.000,true
5020,P-3COLUMB,Close-out,close-out,Columbus Park Mulberry Street Entrance Reconstruction,2019-10-18T00:00:00.000,true
5021,P-4SNDPIP,Close-out,close-out,Sandpiper Playground Reconstruction,2019-10-10T00:00:00.000,true
5025,P-307BLOC,Close-out,close-out,Bloomingdale Playground Public Restroom Building Reconstruction,2019-09-19T00:00:00.000,true
5027,P-412RWIL,Close-out,close-out,Roy Wilkins Recreation Center Kitchen and Roof Reconstruction,2019-08-27T00:00:00.000,true
5028,P-204GRCK,Close-out,close-out,Green Central Knoll Public Restroom Building Construction,2019-08-06T00:00:00.000,true
5029,P-107WBSK,Close-out,close-out,Williamsbridge Oval Skate Park Construction,2019-07-30T00:00:00.000,true
5030,P-3SUTTON,Close-out,close-out,Sutton Place Park Reconstruction,2019-07-25T00:00:00.000,true
5031,P-6BLDG9C,Close-out,close-out,Citywide Public Restroom Building Plumbing Systems Reconstruction (CNYG-409MA),2019-07-23T00:00:00.000,true
5036,P-215BBPG,Close-out,close-out,Bill Brown Playground Public Restroom Building Reconstruction,2019-06-12T00:00:00.000,true
5039,P-112AGNS,Close-out,close-out,Agnes Haywood Playground Reconstruction,2019-03-18T00:00:00.000,true
5041,P-503SSNC,Close-out,close-out,Nelson Avenue Waterfront Park Reconstruction (Hurricane Sandy),2019-03-07T00:00:00.000,true
5041,SANDY5-24,Close-out,close-out,Nelson Avenue Waterfront Park Reconstruction (Hurricane Sandy),2019-03-07T00:00:00.000,true
5044,SANDY5-16,Close-out,close-out,"Conference House Park Path, Rail, and Landscape Reconstruction (Hurricane Sandy)",2019-01-10T00:00:00.000,true
5045,P-208K11E,Close-out,close-out,St. John's Recreation Center Public Restroom Building  Construction,2019-04-17T00:00:00.000,true
5046,P-101STMH,Close-out,close-out,St. Mary's Recreation Center Pool and Gymnasium HVAC Reconstruction,2018-12-03T00:00:00.000,true
5055,SANDY3-20,Close-out,close-out,Playground 103 and Langston Hughes Playground Reconstruction,2018-05-25T00:00:00.000,true
5057,SANDY1-04,Close-out,close-out,Tiffany Street Pier Reconstruction (Hurricane Sandy),2018-04-13T00:00:00.000,true
5061,P-200WCST,Close-out,close-out,Prospect Park Wellhouse Reconstruction,2017-07-14T00:00:00.000,true
5063,P-1PELBRV,Close-out,close-out,Bronx River Park Greenway Construction,2017-06-08T00:00:00.000,true
5068,P-3PLG13B,Close-out,close-out,Manhattan General Site Work (MG-213M),2016-12-15T00:00:00.000,true
5070,SANDY2-21,Close-out,close-out,Brooklyn Sandy-Related Tree Removal - Community Boards 7-18,2016-06-30T00:00:00.000,true
5071,SANDY3-14,Close-out,close-out,Riverside Park 79th Street Boat Basin Dock A Reconstruction,2016-06-29T00:00:00.000,true
5072,P-3TREMTA,Close-out,close-out,Second Avenue Subway Street Tree Planting Restitution for Removed Trees,2016-06-22T00:00:00.000,true
5073,SANDY3-15,Close-out,close-out,Manhattan Sandy-Related Tree Removal,2016-06-10T00:00:00.000,true
5075,P-312MJM2,Close-out,close-out,Morris-Jumel Mansion Streetscape Reconstruction,2016-02-09T00:00:00.000,true
5076,P-3SRISKM,Close-out,close-out,Manhattan Sandy-Related Tree Replacement,2015-12-30T00:00:00.000,true
5077,P-301BPBP,Close-out,close-out,Battery Town Green and Battery Bikeway Construction,2015-10-30T00:00:00.000,true
5081,P-3BBGARD,Close-out,close-out,Battery SeaGlass Carousel Construction,2015-06-25T00:00:00.000,true
5083,P-4TRE14A,Close-out,close-out,Queens Street Tree Planting FY14 - Community Boards 1-6,2015-03-02T00:00:00.000,true
5086,SANDY4-01,Close-out,close-out,Queens General Site Work (QG-112M),2014-10-15T00:00:00.000,true
5086,SANDY4-09,Close-out,close-out,Queens General Site Work (QG-112M),2014-10-15T00:00:00.000,true
5088,P-213BOIL,Close-out,close-out,Abe Stark Skating Rink Boiler and Chiller Reconstruction,2014-08-08T00:00:00.000,true
5088,SANDY2-14,Close-out,close-out,Abe Stark Skating Rink Boiler and Chiller Reconstruction,2014-08-08T00:00:00.000,true
5091,P-2PGRD11,Close-out,close-out,Brooklyn General Site Work (BG-711M),2014-06-02T00:00:00.000,true
5094,SANDY1-01,Close-out,close-out,Orchard Beach Safe-Up and Clean-Up,2013-06-05T00:00:00.000,true
5098,P-1BXTEN2,Close-out,close-out,Crotona Park Handball Court Demolition and Tennis Courts & Boiler Reconstruction,2012-10-26T00:00:00.000,true
5104,P-311TJHV,Close-out,close-out,Thomas Jefferson Park Bathhouse AC System Construction,2010-09-22T00:00:00.000,true
5105,P-301BURL,Close-out,close-out,Imagination Playground Construction,2010-07-26T00:00:00.000,true
5106,PV510-IRR,Close-out,close-out,Staten Island Botanical Garden Irrigation System Construction,2010-05-12T00:00:00.000,true
5111,P-311TJEM,Close-out,close-out,Thomas Jefferson Park Synthetic Turf Soccer Field Emergency Reconstruction,2009-04-30T00:00:00.000,true
5114,PV510-HLG,Close-out,close-out,S.I. BOTANICAL GARDEN - CONSTR OF HEALING GARDEN,2008-06-30T00:00:00.000,true
5115,P-201P245,Close-out,close-out,Grand Ferry Park Reconstruction,2008-06-25T00:00:00.000,true
5117,P-3BWTRAM,Close-out,close-out,TRAMWAY PLAZA,2007-02-23T00:00:00.000,true
5123,P-201245E,Close-out,close-out,Transmitter Park Towers Emergency Demolition,2003-06-13T00:00:00.000,true
5124,P-5IRRIG,Close-out,close-out,"LaTourette, Silver Lake and South Shore Golf Courses Irrigation Systems Reconstruction",2001-04-18T00:00:00.000,true
5126,P-301C018,Close-out,close-out,DUANE PARK (HUDSON TRIANGLE),1999-08-27T00:00:00.000,true
5127,P-6CWREWA,Construction,construction,Bronx and Manhattan Retaining Wall Design Services,2024-02-04T00:00:00.000,true
5128,P-414BAY6,Construction,construction,Michaelis-Bayswater Park Design and Construction Management Services,2021-12-26T00:00:00.000,true
5128,SANDY4-41,Construction,construction,Michaelis-Bayswater Park Design and Construction Management Services,2021-12-26T00:00:00.000,true
5129,P-5ANCH01,Construction,construction,Freshkills South Park Design and Construction Management Services,2021-07-29T00:00:00.000,true
5130,P-3ANCH01,Construction,construction,Highbridge Park Design Services,2021-02-16T00:00:00.000,true
5131,P-3CPI3AB,Construction,construction,Audubon Playground and Public Restroom Building Design Services,2020-09-17T00:00:00.000,true
5133,P-6TRE22A,Pre-Design,pre-design,Citywide Tree Planting Supervision for FY22 MWBE Small Purchase Contracts,,true
5134,P-6GTGDN1,Pre-Design,pre-design,GreenThumb Gardens Irrigation Watershed Plan and EIS,,true
5135,SANDY3-10,(Cancelled),cancelled,High Line M&O Facility Reconstruction (Hurricane Sandy) Hazard Mitigation,,false
5136,P-400ZOO8,Pre-Design,pre-design,Queens Zoo Education Classroom Construction,,true
5137,P-312INWD,Close-out,close-out,Inwood Nature Center Exhibit Reconstruction,,true
5137,SANDY3-24,Close-out,close-out,Inwood Nature Center Exhibit Reconstruction,,true
5138,P-6CWCMVE,Construction,construction,Citywide Public Restroom Building Value Engineering Study,,true
5140,P-6TRE19A,Pre-Design,pre-design,Citywide FY 19 Street Tree Supervision of Renewal Contracts,,true
5141,P-6SECBOL,Construction,construction,Citywide Security Measures Construction Design Services,,true
5142,P-300EAST,Design,design,"East River Esplanade Design Services, East 60th-125th Streets",,true
5143,P-6TRE24A,Pre-Design,pre-design,Citywide Tree Planting Supervision for FY23,,true
5144,P-2CPI23D,Pre-Design,pre-design,Brooklyn Community Parks Initiative Engineering Services FY23,,true
5145,P-6TRE23A,Pre-Design,pre-design,Citywide Tree Planting Supervision for FY 21 and FY22 CSB Contract Bundles,,true
5145,P-6TRE23B,Pre-Design,pre-design,Citywide Tree Planting Supervision for FY 21 and FY22 CSB Contract Bundles,,true
5146,P-6WATRF1,Construction,construction,Citywide Waterfront Structures Reconstruction Design Services (non-Sandy sites),,true
5147,P-6TRPS21,Pre-Design,pre-design,Citywide Tree Planting Planning Service FY21,,true
5148,P-3PBGHD7,Construction,construction,Frank White Memorial Garden Greenhouse Construction,2019-05-09T00:00:00.000,true
5149,P-3GTACQM,Pre-Design,pre-design,143rd Street Community Garden Acquisition,,true
5150,P-6TRFMAT,Pre-Design,pre-design,Citywide Synthetic Turf Material Purchase,,true
5151,P-4OLMST3,Construction,construction,Olmsted Center Furniture Purchase,,true
5152,P-6STFMAT,Pre-Design,pre-design,Manhattan Synthetic Turf Material Purchase,,true
5153,P-501PRLL,Pre-Design,pre-design,Prall Playground Synthetic Turf Field Material Purchase,,true
5154,P-3BBASIN,Construction,construction,West 79th Street Rotunda District HQ Relocation,,true
5155,P-200PPMO,Construction,construction,Prospect Park Garage Compound Maintenance Building Construction,2028-01-02T00:00:00.000,true
5156,P-200PPCC,Close-out,close-out,Prospect Park Children's Corner Pathways Reconstruction,2026-04-20T00:00:00.000,true
5157,P-200STFP,Close-out,close-out,Parade Ground Field No. 9 Reconstruction,2025-12-01T00:00:00.000,true
5158,P-200PPOC,Construction,construction,Prospect Park Parkside and Ocean Avenue Sidewalks Reconstruction,2026-10-05T00:00:00.000,true
5159,P-200PPMB,Design,design,Prospect Park Tennis House Reconstruction,2025-08-10T00:00:00.000,true
5160,P-200PPEB,Construction,construction,Prospect Park Esdale Bridge Restoration,2027-03-22T00:00:00.000,true
5161,P-200PPLW,Design,design,Lakeshore Restoration at Hammerhead Peninsula and Summer House,2026-02-22T00:00:00.000,true
5162,P-200PPWM,Construction,construction,Prospect Park Water Line Reconstruction,2026-05-29T00:00:00.000,true
5163,P-200PERG,Construction Procurement,construction procurement,Prospect Park Pergola Restoration,2027-08-28T00:00:00.000,true
5164,P-214RIDE,Design,design,Prospect Park Riding Ring Construction,2024-12-24T00:00:00.000,true
5165,P-2LITCHF,Construction,construction,Prospect Park Litchfield Villa Access Ramp Construction,2026-07-06T00:00:00.000,true
5166,P-206GDAM,Close-out,close-out,Grand Army Plaza Arch Restoration,2025-05-28T00:00:00.000,true
5168,P-200PPNM,Close-out,close-out,Prospect Park Nethermead Paths Reconstruction,2023-04-28T00:00:00.000,true
5170,P-206GDAS,Close-out,close-out,Grand Army Plaza Pavement Reconstruction,2023-11-27T00:00:00.000,true
5171,P-200PPPH,Design,design,Prospect Park Picnic House Restoration,2023-03-28T00:00:00.000,true
5172,P-200HPPP,Close-out,close-out,Prospect Park Harmony Playground Shade Structure and Adult Fitness Equipment Construction,2024-07-01T00:00:00.000,true
5173,P-200PRUN,Construction,construction,Prospect Park Multisite Recreational Amenities Construction,2020-08-17T00:00:00.000,true
5174,P-6PNYR30,Construction,construction,Spring Creek Salt Marsh and Coastal Upland Restoration,2020-03-16T00:00:00.000,true
5174,P-6SPCR15,Construction,construction,Spring Creek Salt Marsh and Coastal Upland Restoration,2020-03-16T00:00:00.000,true
5175,P-3CENT06,Construction,construction,Central Park Wollman Rink Paths and Infrastructure Reconstruction (Work Order 6),2019-08-26T00:00:00.000,true
5177,P-4LATRUF,Close-out,close-out,Rufus King Manor and Latimer House Roof Reconstruction,2018-10-25T00:00:00.000,true
5178,P-313CPSW,Pre-Design,pre-design,Swedish Cottage Roof Reconstruction,,true
5179,P-308AGFB,Construction,construction,Asphalt Green Boiler Reconstruction,2015-08-26T00:00:00.000,true
5180,P-311WATT,(Terminated),terminated,"Randall's and Wards Island Wind, Solar and Tidal Project (terminated)",2014-12-31T00:00:00.000,true
5181,P-202018A,Pre-Design,pre-design,Brooklyn Bridge Park Sole Source Master Agreement,,true
5182,P-308AG03,Pre-Design,pre-design,Asphalt Green Lobby and Locker Reconstruction,,true
5184,P-3HLNERP,Pre-Design,pre-design,High Line Reconstruction and Accessibility Improvements,,true
5185,P-3HRP45A,Pre-Design,pre-design,Hudson River Park Pier 45 Boardwalk Reconstruction,,true
5186,IDA21-04,Pre-Design,pre-design,Conference House Reconstruction,,true
5186,P-503CHRF,Pre-Design,pre-design,Conference House Reconstruction,,true
5187,P-412RUKM,Pre-Design,pre-design,King Manor Museum Reconstruction,,true
5188,P-407LLHM,Pre-Design,pre-design,Lewis Latimer House Museum Internet Installation,,true
5189,P-3CENDL2,Pre-Design,pre-design,Central Park Delacorte Theater Public Restroom Building and Landscape Reconstruction,,true
5189,P-3CENDLC,Pre-Design,pre-design,Central Park Delacorte Theater Public Restroom Building and Landscape Reconstruction,,true
5190,P-3HLGAT2,Pre-Design,pre-design,High Line Safety and Accessibility Improvements Construction,,true
5190,P-3HLGATE,Pre-Design,pre-design,High Line Safety and Accessibility Improvements Construction,,true
5191,P-106PCCA,Pre-Design,pre-design,Poe Cottage Reconstruction,,true
5192,P-3CENBL2,Pre-Design,pre-design,Central Park Security Measures Construction,,true
5192,P-3CENBOL,Pre-Design,pre-design,Central Park Security Measures Construction,,true
5193,P-3HRPTPK,Close-out,close-out,Hudson River Park Gansevoort Peninsula Park Construction,,true
5194,P-3CENT13,Pre-Design,pre-design,Central Park Naumburg Bandshell Reconstruction,,true
5195,P-3CPPERM,Pre-Design,pre-design,Central Park Perimeter Landscape E. 90th to E. 110th Streets Reconstruction,,true
5196,P-3HIGHL3,Pre-Design,pre-design,High Line Western Rail Yards Reconstruction,,true
5197,P-308AGEE,Pre-Design,pre-design,Asphalt Green Energy Effieciency Improvements,,true
5198,P-300ZO18,Pre-Design,pre-design,Central Park Zoo Sea Lion Exhibit Reconstruction,,true
5199,P-312MJCR,Pre-Design,pre-design,"Morris-Jumel Mansion Accessibility, Foundation, & Electrical Reconstruction",,true
5200,SANDY3-06,Pre-Design,pre-design,High Line Reconstruction (Hurricane Sandy) (PNP Friends of the High Line),,true
5201,SANDY2-13,Pre-Design,pre-design,Prospect Park Alliance Lump Sum Funding (Hurricane Sandy),,true
5202,SANDY3-07,Pre-Design,pre-design,Asphalt Green Lump Sum Funding (Hurricane Sandy),,true
5203,SANDY3-09,Pre-Design,pre-design,Riverside Park Conservancy Lump Sum Funding (Hurricane Sandy),,true
5204,P-3HRPTSC,Pre-Design,pre-design,Hudson River Park Security Cameras Installation Phase 2,,true
5205,P-300ZO16,Construction,construction,Central Park Zoo Tropical Building and Mezzanine HVAC System Reconstruction,,true
5206,P-200ZO10,Pre-Design,pre-design,Prospect Park Zoo Discovery Trail Reconstruction,,true
5207,P-200ZO17,Pre-Design,pre-design,Prospect Park Zoo Building D Dome Restoration,,true
5208,P-400ZO15,Construction,construction,Queens Zoo Pathway Reconstruction,,true
5209,P-200884L,(Cancelled),cancelled,Prospect Park Zoo Amur Leopard Exhibition Construction,,false
5210,P-600ZOO3,Construction,construction,Queens Zoo & Prospect Park Zoo Roofing System Replacement,,true
5211,P-400ZOO4,Pre-Design,pre-design,Queens Zoo Administration Building Roofing Reconstruction,,true
5212,P-600ZOO4,Construction,construction,Central Park Zoo & Prospect Park Zoo HVAC Replacement,,true
5213,P-2SEAGTE,Pre-Design,pre-design,Seagate Shoreline Remediation,,true
5214,P-312DFAR,Pre-Design,pre-design,Dyckman Farmhouse Reconstruction Phase I,,true
5215,P-501ALAS,Pre-Design,pre-design,Alice Austen House Reconstruction,,true
5216,P-308AGPF,Pre-Design,pre-design,Asphalt Green Pool Filtration Reconstruction,,true
5217,P-200ZO18,Pre-Design,pre-design,Prospect Park Zoo Off-Exhibit Primate Holding Expansion Construction,,true
5218,P-3CENCGD,Pre-Design,pre-design,Central Park Conservatory Garden Drainage Infrastructure and Italian Garden Reconstruction,,true
5219,P-3CENCCA,Pre-Design,pre-design,Central Park Chess & Checkers House Pathways Reconstruction,,true
5220,P-3CENNMC,Pre-Design,pre-design,Central Park North Meadow Recreation Center Sports Courts Reconstruction and Vehicle Charging Station Construction,,true
5221,P-3HRPLIT,Pre-Design,pre-design,Hudson River Park Lighting Installation,,true
5222,P-3HLELV1,Pre-Design,pre-design,High Line Elevators Reconstruction,,true
5223,P-3CENHMP,Pre-Design,pre-design,Central Park Harlem Meer Restoration,,true
5224,P-308AG02,Close-out,close-out,Asphalt Green Pool Filter Upgrade,,true
5225,P-3HRPCWP,Pre-Design,pre-design,Hudson River Park Chelsea Waterside Park Phase 2 Site Reconstruction and Public Restroom Building Construction,,true
5226,P-4QWCAMS,Pre-Design,pre-design,Queens Wildlife Center Aviary Marsh Bridge Replacement,,true
5227,P-300ZO20,Pre-Design,pre-design,Central Park Zoo Tractor and Attachments Purchase,,true
5228,P-400ZO17,Pre-Design,pre-design,Queens Zoo Aviary Mesh Replacement,,true
5229,P-3P40SPR,Construction,construction,Hudson River Park Pier 40 Fire Sprinkler Reconstruction,,true
5230,P-3HRPT34,Pre-Design,pre-design,Hudson River Park Reconstruction,,true
5231,P-300ZO19,Pre-Design,pre-design,Central Park Zoo Roofing Systems Reconstruction,,true
5232,P-400ZO20,Pre-Design,pre-design,Queens Zoo Concessions Roof Reconstruction,,true
5233,P-400ZO16,Construction,construction,Queens Zoo Owl Exhibit Construction,,true
5234,P-4QWCABR,Construction,construction,Queens Zoo Marsh Bridge Reconstruction,,true
5235,P-400ZO23,Pre-Design,pre-design,Queens Zoo Eagle Boardwalk and Dance Floor Reconstruction,,true
5236,P-600ZOO5,Pre-Design,pre-design,Central Park Zoo Snow Leopard Exhibit and Queens Zoo Concession Building HVAC System Reconstruction,,true
5237,P-400ZO22,Pre-Design,pre-design,Queens Zoo Bear Exhibit Guest Railing and Bench Reconstruction,,true
5238,P-400ZO18,Construction,construction,Queens Zoo Farm Fence Reconstruction,,true
5239,P-104FIS2,Pre-Design,pre-design,Bronx Zoo Twin Dams Fish Passage Construction,,true
5241,P-3ASGRSU,Pre-Design,pre-design,Asphalt Green Sundial Plaza Construction,,true
5242,P-400ZO19,Construction,construction,Queens Zoo Peccary Exhibit Reconstruction,,true
5243,P-302HIGH,Pre-Design,pre-design,High Line 16th Street Elevator and Stair Reconstruction,,true
5244,P-3SHRMRW,Pre-Design,pre-design,Sherman Creek Community Dock and Gangway Construction,,true
5245,P-30AG05,(Cancelled),cancelled,Asphalt Green HVAC Building Management System Installation,,false
5246,P-200ZO19,Pre-Design,pre-design,Prospect Park Zoo Central Plaza Stairs and Benches Reconstruction,,true
5247,P-308FFCA,Pre-Design,pre-design,FDR Four Freedoms Park Accessibility Improvements,,true
5248,P-400QZOO,Close-out,close-out,Queens Zoo Aviary Walkway Reconstruction,,true
5249,P-3ASGRGN,Pre-Design,pre-design,Asphalt Green Emergency Generator Reconstruction,,true
5250,P-3HGLNPH,Pre-Design,pre-design,High Line Pathway Reconstruction,,true
5251,P-4RGROI2,Pre-Design,pre-design,Rockaway Beach Groin Removal and Beach Crossings Construction,,true
5252,P-3HRPDG8,Pre-Design,pre-design,Hudson River Park Pier 84 Dog Run Reconstruction,,true
5253,P-3HGLNRC,Pre-Design,pre-design,High Line Reconstruction  Lump Sum Funding,,true
5254,P-3HR2944,Pre-Design,pre-design,"Hudson River Park Construction, West 29th-44th Streets",,true
5255,P-3HRPTEN,Construction,construction,Hudson River Park Pier 40 Tennis Courts Reconstruction,,true
5256,P-308AGPO,(Cancelled),cancelled,Asphalt Green Pool Filtration System Reconstruction,,false
5257,P-415PABR,Pre-Design,pre-design,Flushing Meadows Corona Park Passerelle Bridge Reconstruction,,true
5258,P-309RSLG,Pre-Design,pre-design,Roosevelt Island Lighthouse Park Nellie Bly Memorial Construction,,true
5260,P-3CENTRL,Pre-Design,pre-design,Central Park Skate Circle Reconstruction,,true
5261,P-415PAS4,Pre-Design,pre-design,Flushing Meadows Corona Park Passerelle Building Roof Reconstruction,,true
5262,P-3HRP26U,Pre-Design,pre-design,Hudson River Park Pier 26 Upland Reconstruction,,true
5263,P-3HLNACC,Pre-Design,pre-design,High Line 10th Avenue Square Reconstruction,,true
5264,P-110MAN2,Design,design,Bartow-Pell Mansion Museum Structural Stabilization and Interior Reconstruction,2029-09-23T00:00:00.000,true
5265,P-412BAI2,Design,design,Baisley Pond Park Track Reconstruction and Synthetic Turf Field and Sports Lighting Construction,2029-11-10T00:00:00.000,true
5266,P-405MPPG,Design,design,Mafera Park Playground Reconstruction,2028-12-26T00:00:00.000,true
5267,P-2LNCON,Design,design,Prospect Park Lincoln Road Playground Reconstruction,2028-05-27T00:00:00.000,true
5268,P-4FITZPG,Design,design,Maurice A. FitzGerald Playground Reconstruction,2028-06-18T00:00:00.000,true
5269,P-3BWWAT1,Construction Procurement,construction procurement,Riverside Oval and Verdi Square Water Service Installation,2028-11-19T00:00:00.000,true
5270,P-308STCP,Design,design,St. Catherine's Park Reconstruction,2029-03-28T00:00:00.000,true
5271,P-104MPSK,Construction Procurement,construction procurement,Rev. T. Wendell Foster Park Skate and Bike Park Reconstruction,2028-12-04T00:00:00.000,true
5272,P-409EQTY,Design,design,Equity Park Playground Reconstruction,2029-03-29T00:00:00.000,true
5273,P-4DSTG02,Design,design,Flushing Meadows Corona Park Destination Greenways Meadow Lake Segment Construction,2029-02-16T00:00:00.000,true
5274,P-407WBPK,Design,design,Weeping Beech Park Multipurpose Play Area Reconstruction,2029-02-25T00:00:00.000,true
5275,P-102JCAP,Construction Procurement,construction procurement,Julio Carballo Fields Playground Reconstruction,2028-09-10T00:00:00.000,true
5276,P-307SBPG,Design,design,Sol Bloom Playground Reconstruction,2028-10-26T00:00:00.000,true
5277,P-415WRD2,Pre-Design,pre-design,Flushing Meadows Corona Park World's Fair Marina Reconstruction (Hurricane Sandy),,true
5277,SANDY4-26,Pre-Design,pre-design,Flushing Meadows Corona Park World's Fair Marina Reconstruction (Hurricane Sandy),,true
5278,P-303HFOP,Design,design,Hamilton Fish Recreation Center and Pool Reconstruction,2030-07-23T00:00:00.000,true
5278,P-303HFRC,Design,design,Hamilton Fish Recreation Center and Pool Reconstruction,2030-07-23T00:00:00.000,true
5279,P-2GATEW6,Pre-Design,pre-design,Gateway Estates Phase 3 Playground Construction,,true
5280,P-2SHORTR,Pre-Design,pre-design,Belt Parkway Tree Planting at 17th Avenue and 27th Avenue,,true
5281,P-1HAMMON,Pre-Design,pre-design,Hammond Cove Shoreline Stabilization and Restoration,,true
5282,P-4RAMBLE,Design,design,Old Howard Beach Shoreline Restoration,2029-11-29T00:00:00.000,true
5283,P-4BRODCH,Design,design,Broad Channel American Park Parking Lot and Shad Creek Road Reconstruction,2030-03-21T00:00:00.000,true
5284,P-5SNUGLL,Pre-Design,pre-design,Snug Harbor Cultural Center Little League Ballfields Lighting Construction,,true
5285,P-5GSIGI1,Pre-Design,pre-design,Staten Island Green Infrastructure Construction,,true
5286,NDF-GESPL,Pre-Design,pre-design,Gowanus Esplanade Construction,,true
5287,NDF-GGPRK,Pre-Design,pre-design,Gowanus Green Park Construction,,true
5288,NDF-BNDST,Pre-Design,pre-design,Bond Street End Park Construction,,true
5290,P-409FRDR,Design,design,Forest Park Barking Lot Dog Run Reconstruction,2029-05-25T00:00:00.000,true
5291,P-204ISPD,Construction Procurement,construction procurement,Irving Square Park Dog Run Construction,2028-11-16T00:00:00.000,true
5292,P-405JUNP,Design,design,Juniper Valley Park Multipurpose Play Area Reconstruction,2029-10-17T00:00:00.000,true
5293,P-411OKPG,Pre-Design,pre-design,Oakland Gardens Multipurpose Play Area and Playground Reconstruction,,true
5294,P-203HVKP,Design,design,Herbert Von King Park Dog Run Reconstruction,2029-03-24T00:00:00.000,true
5295,P-411CRPG,Design,design,Crocheron Park Buz O'Rourke Playground Reconstruction,2029-03-19T00:00:00.000,true
5296,P-211BHPI,Design,design,Bensonhurst Park MPPA Reconstruction,2029-02-25T00:00:00.000,true
5297,P-217CPRN,Pre-Design,pre-design,Chiarantano Playground Reconstruction,,true
5298,P-4OVERLO,Pre-Design,pre-design,Forest Park The Overlook Roof Reconstruction,,true
5299,P-413LAPC,Design,design,Laurelton Playground Sports Courts Reconstruction,2029-05-19T00:00:00.000,true
5300,P-218CPBF,Pre-Design,pre-design,Canarsie Park Soccer Field Construction,,true
5301,P-111BRAD,Pre-Design,pre-design,Brady Playground Reconstruction,,true
5302,P-107WOIF,Pre-Design,pre-design,Williamsbridge Oval Partial Reconstruction,,true
5303,P-106CICP,(Cancelled),cancelled,Ciccarone Park Reconstruction,,false
5304,P-108WORC,Pre-Design,pre-design,Williamsbridge Oval Recreation Center Reconstruction,,true
5305,P-309STN4,Design,design,St. Nicholas Park 136th Street Staircase Reconstruction,2029-07-17T00:00:00.000,true
5306,P-402TLLP,Design,design,Lou Lodati Playground and Dog Run Reconstruction,2028-12-27T00:00:00.000,true
5307,P-414BC32,Pre-Design,pre-design,Beach 30th Street Playground Synthetic Turf Field Reconstruction,,true
5308,P-303KILS,(Cancelled),cancelled,Kimlau Square Reconstruction,,false
5309,P-104BCMR,(Cancelled),cancelled,Bronx Children's Museum Roof Reconstruction,,false
5310,P-213ALDR,Design,design,Asser Levy Park Dog Run Construction,2029-01-25T00:00:00.000,true
5311,P-415ALOT,Construction Procurement,construction procurement,Al Oerter Recreation Center Gym Floor Reconstruction,2028-02-02T00:00:00.000,true
5312,P-501CLPR,Design,design,Clove Lakes Park Baseball Field 1 Reconstruction,2029-01-17T00:00:00.000,true
5313,P-306SSHR,Design,design,Stuyvesant Square East Public Restroom Building Reconstruction,2030-04-25T00:00:00.000,true
5314,P-410ROCK,Design,design,Rocket Playground Reconstruction,2029-05-19T00:00:00.000,true
5315,P-210SRPD,Pre-Design,pre-design,Shore Road Park Public Restroom Building Demolition,,true
5316,P-102HPRC,Construction Procurement,construction procurement,Hunts Point Recreation Center Indoor Track and Lift Reconstruction,2028-12-02T00:00:00.000,true
5317,P-412HARP,Design,design,Harvard Playground Reconstruction,2029-07-17T00:00:00.000,true
5318,P-309TMPR,Pre-Design,pre-design,Riverside Park Ten Mile River Playground Parkhouse Reconstruction,,true
5319,P-312IWDH,Design,design,Citywide Sports Lighting Construction,2029-12-23T00:00:00.000,true
5319,P-405MPSL,Design,design,Citywide Sports Lighting Construction,2029-12-23T00:00:00.000,true
5320,P-210RPPI,Pre-Design,pre-design,Russell Pedersen Playground Sports Courts Reconstruction,,true
5321,P-411TELE,Design,design,Telephone Playground Reconstruction,2029-06-23T00:00:00.000,true
5322,P-311MGAP,Design,design,Marcus Garvey Park Acropolis Reconstruction,2030-02-22T00:00:00.000,true
5323,P-304MPRC,Design,design,Mathews-Palmer Playground Public Restroom Building Reconstruction,2030-04-25T00:00:00.000,true
5324,P-106CRTN,Pre-Design,pre-design,Crotona Parkway Malls Reconstruction Phase 2,,true
5325,P-30634LS,Pre-Design,pre-design,East River Esplanade 34th Street Park Construction,,true
5326,P-307RIVR,Design,design,Riverside Park River Run Playground Reconstruction,2029-12-08T00:00:00.000,true
5327,P-503CHLP,Design,design,Conference House Park Lenape Playground Spray Shower Construction,2028-04-04T00:00:00.000,true
5328,P-4CUNHCP,Pre-Design,pre-design,Holy Cow Playground Pickleball Court Construction,,true
5329,P-3ISAAC,Pre-Design,pre-design,Stanley Isaacs Playground Reconstruction,,true
5330,P-408CHLG,Design,design,Challenge Playground Multipurpose Play Area Reconstruction,2029-01-05T00:00:00.000,true
5331,P-4DELGRP,Design,design,Delphin H. Greene Playground Reconstruction,2029-07-06T00:00:00.000,true
5332,P-203SBIP,Design,design,Eleanor Roosevelt Playground Reconstruction,2029-05-05T00:00:00.000,true
5333,P-3SYCAMO,Design,design,"24 Sycamores Playground Handball, Basketball and Play Equipment Reconstruction",2029-05-18T00:00:00.000,true
5334,P-2JRCOUR,Design,design,Jackie Robinson Playground Reconstruction,2029-02-08T00:00:00.000,true
5335,P-413BRKE,Design,design,Brookville Park Basketball Court Reconstruction,2029-01-20T00:00:00.000,true
5336,P-413BRO4,Pre-Design,pre-design,Brookville Park Dog Run Construction,,true
5337,P-3ALSMTH,Design,design,Alfred E. Smith Playground Recreation Center Window Reconstruction,2028-02-17T00:00:00.000,true
5338,P-6CNGEVC,Design,design,Central Park and Flushing Meadows Corona Park Electric Vehicle Charging Stations Construction,2028-02-24T00:00:00.000,true
5339,P-103DBPR,Pre-Design,pre-design,Daniel Boone Playground Public Restroom Construction,,true
5340,P-403TRVR,Design,design,Travers Park Basketball Courts Reconstruction,2028-05-16T00:00:00.000,true
5341,P-2CPIGPP,Design,design,Gonzalo Plasencia Playground Reconstruction,2028-12-18T00:00:00.000,true
5342,P-414ARVR,Design,design,Arverne Playground Reconstruction,2029-05-09T00:00:00.000,true
5343,P-2MCTURF,Pre-Design,pre-design,McCarren Park Synthetic Turf Field Construction,,true
5344,P-502OBRF,Design,design,Ocean Breeze Athletic Complex Partial Reconstruction,2031-11-24T00:00:00.000,true
5345,P-501WLKR,Design,design,Walker Park Playground Reconstruction,2029-05-10T00:00:00.000,true
5346,P-2CPISMP,Design,design,St. Mark's Playground Reconstruction,2029-05-09T00:00:00.000,true
5347,P-503WLFP,Design,design,Wolfe's Pond Park Playground Reconstruction and Pickleball Courts Construction,2029-05-13T00:00:00.000,true
5348,P-1CPIEJM,Design,design,Eae J. Mitchell Park Reconstruction,2029-05-20T00:00:00.000,true
5349,P-5CPILIP,Design,design,Liotti Ikefugi Playground Reconstruction,2028-04-20T00:00:00.000,true
5350,P-3CPIPMP,Design,design,Peter Minuit Playground Reconstruction,2029-08-24T00:00:00.000,true
5351,P-4CPICOL,Design,design,Colden Playground Reconstruction,2029-03-18T00:00:00.000,true
5352,P-3CPIHRP,Design,design,Holcombe Rucker Park Playground Reconstruction,2029-07-17T00:00:00.000,true
5353,P-210DBDM,Design,design,Dyker Beach Park Bleachers Reconstruction,2029-02-24T00:00:00.000,true
5354,P-409PRPC,Design,design,Phil 'Scooter' Rizzuto Park Sports Courts Reconstruction and Adult Fitness Area Construction,2029-03-25T00:00:00.000,true
5355,P-2BKHQLV,Pre-Design,pre-design,Prospect Park Litchfield Villa Reconstruction,,true
5356,P-414ODON,(Cancelled),cancelled,O'Donohue Park Picnic Grove Construction,,false
5357,P-2CPICWC,Design,design,Carter G. Woodson Children’s Park Reconstruction,2028-12-25T00:00:00.000,true
5358,P-3ASRLVY,Pre-Design,pre-design,Asser Levy Recreation Center Windows and Exterior Doors Reconstruction,,true
5359,P-3CPIERP,Design,design,East River Playground Reconstruction,2029-03-11T00:00:00.000,true
5360,P-4CPIHPP,Design,design,Hallets Point Playground Reconstruction,2028-12-24T00:00:00.000,true
5361,P-2CPIHCP,Design,design,Hattie Carthan Playground Reconstruction,2029-07-09T00:00:00.000,true
5362,P-1CPIFIP,Design,design,Fort Independence Playground Reconstruction,2029-08-19T00:00:00.000,true
5363,P-5CPISCP,Design,design,Sobel Court Park Reconstruction,2029-03-01T00:00:00.000,true
5364,P-303ABCP,Design,design,ABC Playground Reconstruction,2029-06-25T00:00:00.000,true
5365,P-309MPP1,Design,design,Morningside Park Pathways and Dog Run Reconstruction,2030-05-26T00:00:00.000,true
5366,P-307MPSP,Pre-Design,pre-design,Matthew P. Sapolin Playground Reconstruction,,true
5367,P-312JHWD,Pre-Design,pre-design,J. Hood Wright Dog Run Reconstruction,,true
5368,P-307RPAF,Construction Procurement,construction procurement,Riverside Park South Adult Fitness Equipment Construction,2028-08-10T00:00:00.000,true
5369,P-2CPILIP,Design,design,Livonia Park Reconstruction,2029-06-17T00:00:00.000,true
5370,P-310JRPG,Pre-Design,pre-design,Jackie Robinson Park Reconstruction,,true
5371,P-1CPIHAP,Design,design,Harding Park Playground Reconstruction,2029-04-16T00:00:00.000,true
5372,P-1CPIYVP,Design,design,Youth Village Playground Reconstruction,2029-01-04T00:00:00.000,true
5373,P-5SIPOOL,Pre-Design,pre-design,Staten Island Indoor Pool Construction,,true
5374,P-408MLDY,Pre-Design,pre-design,Captain Tilly Park Mother Language Day Site Construction,,true
5375,P-4IDLETB,Design,design,Idlewild Park Nature Trail and Boardwalk Construction,2029-11-01T00:00:00.000,true
5376,SANDY2-25,Pre-Design,pre-design,Abe Stark Ice Rink Electrical System Reconstruction (Hurricane Sandy),,true
5377,P-6TREESB,Pre-Design,pre-design,Citywide Street Trees Lump Sum Funding,,true
5378,P-6CW1250,Pre-Design,pre-design,Citywide Boilers Lump Sum Funding,,true
5379,P-405FPPR,Design,design,Virginia Principe Playground Reconstruction,2029-01-10T00:00:00.000,true
5380,P-105MHGT,Design,design,Mabel Hampton Garden Reconstruction,2027-11-21T00:00:00.000,true
5382,P-110HRMO,Design,design,Hutchinson River Parkway District 10 Headquarters Construction,2029-03-24T00:00:00.000,true
5383,P-3CPISNS,Design,design,St. Nicholas Playground South Reconstruction,2029-07-04T00:00:00.000,true
5384,P-304DWCP,Design,design,De Witt Clinton Park Reconstruction,2029-06-25T00:00:00.000,true
5385,P-401DMPG,Pre-Design,pre-design,Ditmars Playground Basketball and Handball Courts Reconstruction,,true
5386,P-502WBBF,Pre-Design,pre-design,Willowbrook Park Reconstruction,,true
5387,P-110HART,Design,design,Hart Island Shoreline Restoration,2030-09-07T00:00:00.000,true
5387,SANDY1-12,Design,design,Hart Island Shoreline Restoration,2030-09-07T00:00:00.000,true
5388,P-414SFHR,Design,design,Shore Front Parkway Roller Hockey Rink Reconstruction,2029-01-25T00:00:00.000,true
5388,SANDY4-56,Design,design,Shore Front Parkway Roller Hockey Rink Reconstruction,2029-01-25T00:00:00.000,true
5389,P-206RHBH,Design,design,Red Hook Recreation Area Bulkhead Reconstruction,2029-07-28T00:00:00.000,true
5390,HPF-BPPK,Design,design,Barretto Point Park Shoreline Restoration,2030-06-19T00:00:00.000,true
5391,P-412RWR3,Design,design,Roy Wilkins Recreation Center Partial Reconstruction,2031-08-23T00:00:00.000,true
5391,SEED-ROYW,Design,design,Roy Wilkins Recreation Center Partial Reconstruction,2031-08-23T00:00:00.000,true
5392,P-200WLCS,Design,design,Prospect Park Willink Public Restroom Building Reconstruction,2030-03-26T00:00:00.000,true
5393,P-312DACC,(Cancelled),cancelled,Fort Washington Park Dominican American Cultural Center Construction,,false
5394,P-2CIGNWY,Pre-Design,pre-design,Coney Island Greenway Construction,,true
5395,P-2DSTG01,Design,design,Leif Ericson Park Greenway Construction,2029-03-24T00:00:00.000,true
5396,P-105UWPB,Pre-Design,pre-design,University Woods Forest Restoration,,true
5397,P-2DSTG03,Design,design,Shore Park Parkway Promenade and 4th Avenue Entrance Greenway Reconstruction,2029-10-25T00:00:00.000,true
5397,P-2DSTG04,Design,design,Shore Park Parkway Promenade and 4th Avenue Entrance Greenway Reconstruction,2029-10-25T00:00:00.000,true
5397,P-2DSTGNN,Design,design,Shore Park Parkway Promenade and 4th Avenue Entrance Greenway Reconstruction,2029-10-25T00:00:00.000,true
5398,P-5BLOOMB,Pre-Design,pre-design,Bloomingdale Park Basketball Courts Reconstruction,,true
5399,P-4DSTG5A,Design,design,Kissena Park Greenway Construction,2031-01-17T00:00:00.000,true
5401,P-4LLVIRG,Design,design,Lawrence Virgilio Playground and Mini Pool Reconstruction,2029-06-03T00:00:00.000,true
5402,P-4STMCPG,Design,design,St. Michael's Playground Reconstruction,2028-11-18T00:00:00.000,true
5403,P-1VANCPL,Pre-Design,pre-design,Van Cortlandt Pool Reconstruction,,true
5404,P-3GRTDRF,Pre-Design,pre-design,Gertrude Ederle Recreation Center Roof Reconstruction,,true
5406,P-311RIWR,Design,design,Randall's Island Park Shoreline and Pathway Reconstruction,2030-06-19T00:00:00.000,true
5407,P-108VCPT,Pre-Design,pre-design,Van Cortlandt Park Birding Bridge Reconstruction,,true
5408,P-307FDBB,Design,design,Frederick Douglass Playground and Seating Area Reconstruction,2029-08-22T00:00:00.000,true
5409,P-108SDPW,Pre-Design,pre-design,Spuyten Duyvil Shorefront Park Shorefront Berm Reconstruction,,true
5410,P-1WASHPK,Design,design,Washington Park Reconstruction,2029-04-21T00:00:00.000,true
5411,P-3HBCGRD,(Cancelled),cancelled,Highbridge Park Community Garden Reconstruction,,false
5412,P-6GASBSI,Pre-Design,pre-design,Citywide Facility Electrification Conversion,,true
5413,SANDY5-47,Pre-Design,pre-design,F.D.R. Boardwalk and Beach Midland Beach Bathhouse Reconstruction,,true
5414,P-302HUHO,Design,design,Hudson and West Houston Streets Plaza Construction,2029-02-23T00:00:00.000,true
5415,P-301BPOC,Design,design,Battery Park Public Restroom Building Reconstruction,2029-06-23T00:00:00.000,true
5416,P-411APNA,Pre-Design,pre-design,Alley Pond Park Natural Areas Restoration Phase 3,,true
5417,P-502RUSS,Pre-Design,pre-design,Detective Russel Timoshenko Synthetic Turf Field Removal and Landscape Construction,,true
5417,SANDY5-55,Pre-Design,pre-design,Detective Russel Timoshenko Synthetic Turf Field Removal and Landscape Construction,,true
5418,P-307TDRV,Pre-Design,pre-design,Theodore Roosevelt Park Dog Run Noise Reduction Measures Construction,,true
5419,P-3R5422A,Design,design,Constance Baker Motley Recreation Center Reconstruction,2031-06-23T00:00:00.000,true
5420,P-3TDREC2,(Cancelled),cancelled,Tony Dapolito Recreation Center Reconstruction Phase 2,,false
5421,P-401SOGP,Pre-Design,pre-design,Sixteen Oaks Grove Reconstruction,,true
5422,P-2FGCSUP,(Cancelled),cancelled,Fort Greene Park Public Restroom Building Reconstruction,,false
5424,P-2GPWBPC,(Cancelled),cancelled,Bushwick Inlet Park Construction,,false
5425,P-218BKBF,Pre-Design,pre-design,Breukelen Ballfields Playground Reconstruction and Public Restroom Building Construction,,true
5426,P-413BROK,Pre-Design,pre-design,Brookville Park Pond Restoration and Bridges & Pathways Reconstruction,,true
5427,P-201DEHO,Pre-Design,pre-design,De Hostos Playground Reconstruction,,true
5428,P-6CWRPZ1,Design,design,Manhattan RPZ Installation (MG-223M),2028-12-26T00:00:00.000,true
5429,SANDY5-56,Pre-Design,pre-design,Alice Austen Park Revetment Reconstruction (Hurricane Sandy),,true
5430,P-200PPCS,Design,design,Shirley Chisholm Pavilion Construction and Public Restroom Building Reconstruction,2030-08-15T00:00:00.000,true
5431,P-107SJRC,Design,design,St. James Recreation Center Reconstruction,2029-10-15T00:00:00.000,true
5432,SANDY2-38,Design,design,Citywide Electrical Systems Reconstruction (Hurricane Sandy),2029-06-14T00:00:00.000,true
5432,SANDY2-39,Design,design,Citywide Electrical Systems Reconstruction (Hurricane Sandy),2029-06-14T00:00:00.000,true
5432,SANDY3-08,Design,design,Citywide Electrical Systems Reconstruction (Hurricane Sandy),2029-06-14T00:00:00.000,true
5432,SANDY3-25,Design,design,Citywide Electrical Systems Reconstruction (Hurricane Sandy),2029-06-14T00:00:00.000,true
5432,SANDY3-26,Design,design,Citywide Electrical Systems Reconstruction (Hurricane Sandy),2029-06-14T00:00:00.000,true
5432,SANDY3-27,Design,design,Citywide Electrical Systems Reconstruction (Hurricane Sandy),2029-06-14T00:00:00.000,true
5432,SANDY4-52,Design,design,Citywide Electrical Systems Reconstruction (Hurricane Sandy),2029-06-14T00:00:00.000,true
5432,SANDY4-53,Design,design,Citywide Electrical Systems Reconstruction (Hurricane Sandy),2029-06-14T00:00:00.000,true
5432,SANDY5-51,Design,design,Citywide Electrical Systems Reconstruction (Hurricane Sandy),2029-06-14T00:00:00.000,true
5432,SANDY5-52,Design,design,Citywide Electrical Systems Reconstruction (Hurricane Sandy),2029-06-14T00:00:00.000,true
5432,SANDY5-53,Design,design,Citywide Electrical Systems Reconstruction (Hurricane Sandy),2029-06-14T00:00:00.000,true
5432,SANDY5-54,Design,design,Citywide Electrical Systems Reconstruction (Hurricane Sandy),2029-06-14T00:00:00.000,true
5433,P-414B9TH,(Cancelled),cancelled,Beach 9th Street Playground Basketball Courts Reconstruction,,false
5434,P-201TRNS,Pre-Design,pre-design,Transmitter Park Shoreline Reconstruction,,true
5435,P-203HPUP,Pre-Design,pre-design,Harmony Park Reconstruction,,true
5436,P-3PHILSQ,Design,design,A. Philip Randolph Square Reconstruction,2030-03-23T00:00:00.000,true
5437,P-3HRPCW1,(Cancelled),cancelled,Harriet Tubman Memorial Square Reconstruction,,false
5438,P-104SMPG,Design,design,Summit Playground Reconstruction,2028-04-21T00:00:00.000,true
5439,P-405HPRR,Pre-Design,pre-design,Highland Park Ridgewood Reservoir Site Restoration,,true
5440,P-207SPOS,(Cancelled),cancelled,Sunset Park Stage Construction,,false
5441,P-218BPLG,Pre-Design,pre-design,Bildersee Playground Reconstruction Phase 2,,true
5442,P-309RPK1,Pre-Design,pre-design,Riverside Park 101st Street Soccer Field Reconstruction,,true
5443,P-3MCRPAV,Pre-Design,pre-design,Marcus Garvey Park Paths Reconstruction (to be completed under CNYG-1622M),,true
5444,P-5PNYC08,Pre-Design,pre-design,Ocean Breeze Athletic Complex Parking Lot Landscape Construction,,true
5445,P-108MUSM,Pre-Design,pre-design,Van Cortlandt House Museum Reconstruction,,true
5446,P-200CPSW,Pre-Design,pre-design,Canarsie Park Pavement Reconstruction (to be completed under BG-822M),,true
5447,P-4GBLPLG,(Cancelled),cancelled,Seven Gables Playground Reconstruction,,false
5448,P-303CRH2,Pre-Design,pre-design,Corlears Hook Park Playground Reconstruction,,true
5449,P-3RANDVC,Pre-Design,pre-design,Randall's Island Park Visitor Center Construction,,true
5450,P-217HMCS,Pre-Design,pre-design,Harry Maze Playground Public Restroom Building Reconstruction,,true
5451,P-4FTTOTC,Pre-Design,pre-design,Fort Totten Park Center for the Women of New York Reconstruction Phase 2,,true
5452,P-200PPPL,Design,design,Prospect Park Fallkill Path Site Improvement,2028-09-04T00:00:00.000,true
5453,P-216OSPL,Pre-Design,pre-design,Osborn Playground Reconstruction,,true
5454,P-6ENVLP1,Design,design,Citywide Facility Envelope Reconstruction,2031-04-22T00:00:00.000,true
5455,P-2GATE12,Pre-Design,pre-design,Spring Creek Park Expansion (Gateway Estates Phase 3) Construction,,true
5456,P-302HGLR,Pre-Design,pre-design,High Line Bridge Structure Reconstruction,,true
5457,P-4SUNRSE,Pre-Design,pre-design,Sunrise Stables Acquisition,,true
5577,P-6CPPRGW,Design,design,Citywide Prefabricated Public Restroom Construction,2028-10-24T00:00:00.000,true
5578,P-200PPUV,Design,design,Prospect Park Vale of Cashmere Upper Portion Reconstruction,2026-05-26T00:00:00.000,true
5579,P-200PPEC,Design,design,Prospect Park Northeast Pavilion Construction,2028-10-07T00:00:00.000,true
5580,P-208SJRC,Close-out,close-out,St. John's Park Sitting Area Reconstruction,2015-05-19T00:00:00.000,true
5581,P-312MJMR,Construction,construction,Morris-Jumel Mansion Reconstruction,,true
5582,P-3HRP40W,Construction,construction,Hudson River Park Pier 40 Elevated Walkway Reconstruction,,true
5583,P-312IWDH,Pre-Design,pre-design,Inwood Hill Park Baseball Field Lighting Construction (to be completed under CNYG-2224M),,true
5584,P-200PPLV,Design,design,Prospect Park Vale of Cashmere Lower Portion Reconstruction,2028-02-19T00:00:00.000,true
5588,P-5CHARLE,Construction,construction,Fairview Park Multi-Purpose Field and Public Restroom Building Design Services (Hurricane Sandy),2020-04-23T00:00:00.000,true
5588,SANDY5-35,Construction,construction,Fairview Park Multi-Purpose Field and Public Restroom Building Design Services (Hurricane Sandy),2020-04-23T00:00:00.000,true
5591,P-5JOHLPL,Pre-Design,pre-design,Joseph H. Lyons Pool Partial Reconstruction,,true
5592,P-2CPIAPR,Pre-Design,pre-design,St. Andrew's Playground New Public Restroom Building,,true
5593,P-3CPIHPR,Design,design,Holcombe Rucker Park Public Restroom Building Construction,2030-06-25T00:00:00.000,true
5594,P-3CPINPR,Pre-Design,pre-design,St. Nicholas Playground South Public Restroom Building Reconstruction,,true
5595,P-3CPIEPR,Pre-Design,pre-design,East River Playground Parkhouse Construction,,true
5596,P-4CPICPR,Design,design,Colden Playground Public Restroom Building Reconstruction,2029-03-25T00:00:00.000,true
5597,P-308SCPR,Pre-Design,pre-design,St. Catherine’s Park Public Restroom Building Reconstruction,,true
5598,P-6SITEIN,Pre-Design,pre-design,Citywide FY24 Landscape Architecture Capitally Funded Site Investigation Services,,true
5599,P-200PPWC,Design,design,Prospect Park Vale of Cashmere Wayfinding Installation,2028-10-30T00:00:00.000,true
5600,P-303BDCG,Design,design,Manhattan Community Garden Permeable Paver Installation,2029-01-17T00:00:00.000,true
5600,P-303CRES,Design,design,Manhattan Community Garden Permeable Paver Installation,2029-01-17T00:00:00.000,true
5600,P-303LPVG,Design,design,Manhattan Community Garden Permeable Paver Installation,2029-01-17T00:00:00.000,true
5601,P-301BPCR,Pre-Design,pre-design,Battery Park Cannon Relocation,,true
5602,P-5OBRZDR,Construction Procurement,construction procurement,Ocean Breeze Athletic Complex Storefront Doors Reconstruction,2027-06-26T00:00:00.000,true
5603,P-2CPIPPR,Pre-Design,pre-design,Pena Herrera Playground Public Restroom Building Reconstruction,,true
5619,P-209WGTF,Pre-Design,pre-design,Wingate Park Track and Field Reconstruction,,true
5620,P-310MGSL,(Cancelled),cancelled,Marcus Garvey Park Solar Lighting Construction,,false
5621,P-413IDPM,Design,design,Idlewild Park Marshland Restoration,2029-09-26T00:00:00.000,true
5622,P-202GREN,Pre-Design,pre-design,Greene Playground Multipurpose Play Area and Sports Courts Reconstruction,,true
5623,P-3RV105L,Pre-Design,pre-design,Riverside Park 105th Street Tot Lot Reconstruction,,true
5624,LIC-QBPTG,Pre-Design,pre-design,Queensbridge Baby Park Timber Guiderail Installation,,true
5625,P-312RCKY,Pre-Design,pre-design,Fort Washington Park Rocky's Dog Run Reconstruction,,true
5626,P-105GRNW,Design,design,Bronx and Manhattan Community Garden Water Service Installation,2028-11-30T00:00:00.000,true
5626,P-109HPCG,Design,design,Bronx and Manhattan Community Garden Water Service Installation,2028-11-30T00:00:00.000,true
5626,P-109WFNT,Design,design,Bronx and Manhattan Community Garden Water Service Installation,2028-11-30T00:00:00.000,true
5627,P-302P46T,Pre-Design,pre-design,Hudson River Park Trust Pier 46 Synthetic Turf Field Reconstruction,,true
5628,P-102JCBC,Design,design,Citywide Pavement Reconstruction (CNYG-425M),2028-07-27T00:00:00.000,true
5628,P-308CSPC,Design,design,Citywide Pavement Reconstruction (CNYG-425M),2028-07-27T00:00:00.000,true
5628,P-312FWTC,Design,design,Citywide Pavement Reconstruction (CNYG-425M),2028-07-27T00:00:00.000,true
5628,P-312HRUL,Design,design,Citywide Pavement Reconstruction (CNYG-425M),2028-07-27T00:00:00.000,true
5628,P-405JVPP,Design,design,Citywide Pavement Reconstruction (CNYG-425M),2028-07-27T00:00:00.000,true
5628,P-410BPPR,Design,design,Citywide Pavement Reconstruction (CNYG-425M),2028-07-27T00:00:00.000,true
5628,P-414APBC,Design,design,Citywide Pavement Reconstruction (CNYG-425M),2028-07-27T00:00:00.000,true
5628,P-5MIDLPL,Design,design,Citywide Pavement Reconstruction (CNYG-425M),2028-07-27T00:00:00.000,true
5629,P-104TCFF,Design,design,Citywide Fence Reconstruction,2029-11-11T00:00:00.000,true
5629,P-2PVMNRO,Design,design,Citywide Fence Reconstruction,2029-11-11T00:00:00.000,true
5629,P-3SHLFNC,Design,design,Citywide Fence Reconstruction,2029-11-11T00:00:00.000,true
5629,P-408BRNK,Design,design,Citywide Fence Reconstruction,2029-11-11T00:00:00.000,true
5630,P-501SLTL,Design,design,Silver Lake Park Playground Reconstruction,2030-02-01T00:00:00.000,true
5631,P-501SGDR,Design,design,St. George Park Dog Run Construction,2029-03-11T00:00:00.000,true
5632,P-1VCPWCP,Pre-Design,pre-design,Van Cortlandt Park Woodland Crossings Reconstruction,,true
5633,P-307RAMP,Design,design,Riverside Park South 68th Street Ramp Reconstruction,2029-07-26T00:00:00.000,true
5634,P-5WPOLDT,Pre-Design,pre-design,NYCHA South Beach Houses (Old Town) Synthetic Turf Ballfields and Pickleball Courts Construction,,true
5635,P-311TJDR,Design,design,Thomas Jefferson Park Dog Run Reconstruction,2029-05-07T00:00:00.000,true
5636,P-102FDBP,Pre-Design,pre-design,Field Of Dreams Basketball Court Reconstruction,,true
5637,P-108SPTP,Pre-Design,pre-design,Seton Park Tennis Courts Reconstruction and Pickleball Court Construction,,true
5638,P-304MCFR,Pre-Design,pre-design,McCaffrey Playground Adult Fitness Equipment Construction,,true
5639,P-305USP1,Pre-Design,pre-design,Union Square Park Water and Drainage Systems and Pathways Reconstruction,,true
5640,P-102JCBC,Pre-Design,pre-design,Julio Carballo Fields Basketball Court Reconstruction,,true
5641,P-104ARPU,Pre-Design,pre-design,Arcilla Playground Reconstruction and Public Restroom Building Construction,,true
5642,P-106GYWI,Design,design,Garden Of Youth Water Service Installation,2029-05-24T00:00:00.000,true
5643,P-401QBBF,Pre-Design,pre-design,Queensbridge Park Natural Turf Ballfields Reconstruction,,true
5644,P-105SLRG,(Cancelled),cancelled,Slattery Playground Reconstruction,,false
5645,P-413CDMR,Pre-Design,pre-design,Queens Farm Park Creedmoor Natural Turf Soccer Fields Reconstruction,,true
5646,P-109WFNT,Pre-Design,pre-design,Gus Dinolis Waterfront Garden - The Hidden Gem Water Service Installation,,true
5647,P-312FWTC,Pre-Design,pre-design,Fort Washington Park Tennis Courts Reconstruction,,true
5648,P-311MGPG,Pre-Design,pre-design,Marcus Garvey Park Northeast Playground Renovations,,true
5649,P-210DRPG,Pre-Design,pre-design,Dan Ross Playground Reconstruction,,true
5650,P-412BPP5,Pre-Design,pre-design,Baisley Pond Park 157th Street Playground Reconstruction,,true
5651,P-413SUNR,Pre-Design,pre-design,Sunrise Playground Multipurpose Play Area and Spray Shower Reconstruction,,true
5652,P-4DSTG08,Pre-Design,pre-design,Kissena Corridor Park Greenway Construction,,true
5653,P-406MCPI,Design,design,MacDonald Park Irrigation System Reconstruction,2029-08-13T00:00:00.000,true
5654,P-414B17R,Pre-Design,pre-design,Beach 17 Playground Public Restroom Building Construction,,true
5655,P-414BCSK,Design,design,Broad Channel American Park Skate Park Construction,2030-02-20T00:00:00.000,true
5656,P-213POSE,Pre-Design,pre-design,Poseidon Playground Reconstruction,,true
5657,P-201AMPU,Design,design,American Playground Reconstruction,2029-03-18T00:00:00.000,true
5658,P-412BLST,Design,design,Roy Wilkins Park Black Spectrum Theatre Outdoor Lighting Installation,2029-05-25T00:00:00.000,true
5659,P-312RIDS,Pre-Design,pre-design,Fort Washington Park 160th Street Stairs Reconstruction,,true
5660,P-4EABTRA,Construction,construction,Queens Emerald Ash Borer (EAB) Related Tree Removal FY25,2029-03-14T00:00:00.000,true
5661,P-411CRCH,Pre-Design,pre-design,Crocheron Park Gazebo Reconstruction,,true
5662,P-304CMMC,Pre-Design,pre-design,Chelsea Recreation Center Multimedia Center Reconstruction,,true
5663,P-306VPSL,(Cancelled),cancelled,St. Vartan Park Sports Lighting Construction (Canceled),,false
5664,P-216BVR1,Pre-Design,pre-design,Brownsville Recreation Center Demolition and Construction,,true
5665,P-204ISPG,Pre-Design,pre-design,Irving Square Park Playground Reconstruction,,true
5666,P-409FPAR,Pre-Design,pre-design,Forest Park Entrances Reconstruction,,true
5667,P-412LBRT,Pre-Design,pre-design,Liberty Triangle Reconstruction,,true
5668,P-307RIBF,Design,design,Riverside Park Drinking Fountains Construction,2029-05-21T00:00:00.000,true
5669,P-307VRSL,Pre-Design,pre-design,Verdi Square Lighting Installation,,true
5670,P-307HWSC,Pre-Design,pre-design,Happy Warrior Playground Basketball Courts and Multipurpose Play Area Reconstruction,,true
5671,P-306STTN,Pre-Design,pre-design,Sutton Parks 55th Street Entrance Reconstruction,,true
5672,P-204BUWP,Pre-Design,pre-design,Bushwick Playground Entrances Reconstruction,,true
5673,P-413WYBB,Pre-Design,pre-design,Wayanda Park Playground and Basketball Courts Reconstruction,,true
5674,P-6EABTRD,Construction,construction,Brooklyn and Staten Island Emerald Ash Borer (EAB) Related Tree Removal FY25,2029-02-28T00:00:00.000,true
5675,P-211BESQ,Pre-Design,pre-design,Bealin Square Reconstruction,,true
5676,P-216PPCS,Pre-Design,pre-design,Powell Playground Public Restroom Building Construction,,true
5677,P-213KSRP,Design,design,Kaiser Park Playground Reconstruction,2029-03-25T00:00:00.000,true
5678,P-311RIFL,Pre-Design,pre-design,Ward's Island Park East River Fields Sports Lighting Construction,,true
5679,P-4KNDYFL,Design,design,Raymond O'Connor Park Field House Reconstruction,2028-09-23T00:00:00.000,true
5680,P-213MRLB,Pre-Design,pre-design,Marlboro Playground Reconstruction,,true
5681,P-207MLPG,Pre-Design,pre-design,Martin Luther Playground Reconstruction,,true
5682,P-307RIDS,(Cancelled),cancelled,Riverside Park 108th Street Stairs Reconstruction,,false
5683,P-308CSPB,Pre-Design,pre-design,Carl Schurz Park Promenade Public Restroom Building Reconstruction,,true
5684,P-111ZMPB,Pre-Design,pre-design,Zimmerman Playground Public Restroom Building Reconstruction,,true
5685,P-6EABTRF,Construction,construction,Manhattan and Bronx Emerald Ash Borer (EAB) Related Tree Removal FY25,2029-01-03T00:00:00.000,true
5686,NDF-GNTRB,Pre-Design,pre-design,Grant Park Public Restroom Building Construction,,true
5687,P-4FRKPOL,Pre-Design,pre-design,Arverne Aquatics Center Construction,,true
5688,LIC-QNBP2,Pre-Design,pre-design,Queensbridge Baby Park Reconstruction Phase 2,,true
5689,P-413BPRC,Pre-Design,pre-design,Brookville Park Recreation Center Construction,,true
5690,P-200PPEP,Design,design,Prospect Park Parkside Entry Plaza Construction,2027-09-13T00:00:00.000,true
5691,P-403NPBB,Construction,construction,Northern Playground Basketball Court and Handball Court Reconstruction,2027-06-14T00:00:00.000,true
5692,P-200PPBH,Design,design,Prospect Park Boathouse Reconstruction,2027-07-18T00:00:00.000,true
5693,P-1VCTURF,Design,design,Citywide Track and Synthetic Turf Reconstruction,2030-09-23T00:00:00.000,true
5693,P-503OWLH,Design,design,Citywide Track and Synthetic Turf Reconstruction,2030-09-23T00:00:00.000,true
5698,P-4RDGEWD,Close-out,close-out,Rosemary's Playground Reconstruction,2020-02-04T00:00:00.000,true
5699,P-3EMRCPK,Close-out,close-out,Citywide Electrical Utility Systems Reconstruction (CNYG-519M),2019-07-01T00:00:00.000,true
5701,P-2PNYT28,(Terminated),terminated,"Brooklyn Street Tree Planting FY17 - Community Boards 5,14,18 (terminated)",2017-10-26T00:00:00.000,true
5742,P-3WGNRPL,Design,design,Wagner Houses Pool Complex Reconstruction,2029-11-02T00:00:00.000,true
5743,P-109NOBE,Close-out,close-out,Noble Playground Reconstruction,2023-05-15T00:00:00.000,true
5752,P-205SDFC,(Defaulted),defaulted,Sperandeo Playground Fence Height Extension (defaulted),2018-06-19T00:00:00.000,true
5758,P-2BWCC05,Close-out,close-out,Rodney Playground Center and Fraser Square Reconstruction,2013-03-13T00:00:00.000,true
5760,P-413WGPF,Design,design,William Gunn Playground Multipurpose Play Area Reconstruction,2028-06-17T00:00:00.000,true
5761,P-312JHRW,Pre-Design,pre-design,J. Hood Wright Park Recreation Center Window Reconstruction,,true
5762,P-308CSPC,Pre-Design,pre-design,Carl Schurz Park Sports Courts Reconstruction,,true
5763,P-205GRP2,(Cancelled),cancelled,Grace Playground Seating Areas and Skate Park Construction,,false
5764,P-214ANDP,Pre-Design,pre-design,Andries Playground Reconstruction,,true
5765,P-303TSPK,Design,design,"Tompkins Square Park Mini Pool, Basketball Courts, and Adult Fitness Reconstruction",2030-04-24T00:00:00.000,true
5766,P-3RVLILE,Pre-Design,pre-design,Riverside Park South Little Engine Playground Reconstruction,,true
5767,P-312LRLR,Pre-Design,pre-design,Little Red Lighthouse Restoration,,true
5768,P-1HAFFP4,Design,design,Haffen Park Community Center Construction,2031-02-23T00:00:00.000,true
5769,P-312WPTH,Pre-Design,pre-design,Fort Washington Park Pathways Reconstruction,,true
5770,P-300ZO22,Pre-Design,pre-design,Central Park Zoo Penguin Exhibit HVAC System Reconstruction,,true
5771,P-104POOL,Design,design,Tottenville Park Pool and Claremont Park Pool Reconstruction,2028-07-14T00:00:00.000,true
5771,P-6TCPOOL,Design,design,Tottenville Park Pool and Claremont Park Pool Reconstruction,2028-07-14T00:00:00.000,true
5772,P-213SPBC,(Cancelled),cancelled,Scarangella Park Basketball Court Reconstruction,,false
5773,P-4QNSWY2,Pre-Design,pre-design,QueensWay Phase 2 Forest Park Pass,,true
5774,P-4OLMST8,Close-out,close-out,Olmsted Center Ramp Reconstruction,2025-11-12T00:00:00.000,true
5775,P-112BRPW,Pre-Design,pre-design,Bronx River Parkway Retaining Wall Reconstruction,,true
5776,P-306RBPK,Pre-Design,pre-design,Ralph Bunche Park Reconstruction,,true
5777,P-213ALPE,Construction,construction,Asser Levy Park Play Equipment Reconstruction,2026-07-20T00:00:00.000,true
5778,P-407FLPU,Pre-Design,pre-design,Francis Lewis Park Public Restroom Building Reconstruction,,true
5779,P-300ZO21,Pre-Design,pre-design,Central Park Colonnade Roof Reconstruction,,true
5780,P-3CENW85,Pre-Design,pre-design,Central Park West 85th Street Playground Restoration,,true
5781,P-200PPGF,Pre-Design,pre-design,Prospect Park Ghost Forest Restoration,,true
5782,P-312FWMO,Pre-Design,pre-design,Fort Washington Park Maintenance and Operations Building Reconstruction,,true
5783,P-307MNRV,Pre-Design,pre-design,Minerva Bernardino Greenstreet Reconstruction,,true
5784,P-200PPLS,Design,design,Lakeshore Restoration at East Drive,2029-09-15T00:00:00.000,true
5785,P-112BRPW,Pre-Design,pre-design,Bronx and Manhattan Retaining Wall Reconstruction and Rock Face Stabilization,,true
5785,P-312HPRF,Pre-Design,pre-design,Bronx and Manhattan Retaining Wall Reconstruction and Rock Face Stabilization,,true
5785,P-6RWRFDS,Pre-Design,pre-design,Bronx and Manhattan Retaining Wall Reconstruction and Rock Face Stabilization,,true
5786,P-6EABS25,Pre-Design,pre-design,Supervision Service for Emerald Ash Borer (EAB) Related Tree Removal FY25,,true
5787,P-6CWCMFT,Pre-Design,pre-design,Citywide Public Restroom Building Reconstruction Lump Sum Funding,,true
5788,P-3CENHMW,Pre-Design,pre-design,Central Park North End Recirculation System Construction,,true
5789,P-106BATH,Pre-Design,pre-design,Bathgate Playground Reconstruction and Public Restroom Building Construction,,true
5789,SEED-BTHG,Pre-Design,pre-design,Bathgate Playground Reconstruction and Public Restroom Building Construction,,true
5790,P-305ARMY,Pre-Design,pre-design,Grand Army Plaza South Restoration,,true
5791,P-2CPIRHB,Pre-Design,pre-design,Rolph Henry Playground Public Restroom Building Reconstruction,,true
5792,P-6GBPTMS,Pre-Design,pre-design,Citywide Grow Bag and Packaged Tree Procurement for in-house tree planting,,true
5793,P-4CPIFPR,Pre-Design,pre-design,Frank D. O’Connor Public Restroom Building Reconstruction,,true
5794,P-210SPRB,Pre-Design,pre-design,Shore Road Park Public Restroom Building Construction,,true
5795,P-2PPLHFR,Design,design,Prospect Park Lookout Hill Forest Restoration Phase 1,2030-08-31T00:00:00.000,true
7043,P-2SJFLTR,Construction Procurement,construction procurement,St. John's Recreation Center Pool Filter Plant Reconstruction,2027-11-23T00:00:00.000,true
7049,P-107PPVC,Close-out,close-out,Poe Park Visitor Center Construction,2011-04-11T00:00:00.000,true
7054,SEED-RZPR,Pre-Design,pre-design,Rienzi Playground Public Restroom Building Reconstruction,,true
7055,P-108VCPE,Pre-Design,pre-design,Van Cortlandt Park Electrical Systems Construction,,true
7056,SEED-MCDP,Pre-Design,pre-design,Macombs Dam Park Joseph Yancey Field Reconstruction,,true
7057,SEED-RNZI,Pre-Design,pre-design,Rienzi Playground Reconstruction,,true
7058,P-2MCTURF,Pre-Design,pre-design,McCarren Park Multipurpose Play Area Reconstruction and Green Infrastructure Construction,,true
7058,SEED-MCGI,Pre-Design,pre-design,McCarren Park Multipurpose Play Area Reconstruction and Green Infrastructure Construction,,true
7059,P-1PBPTWR,Pre-Design,pre-design,Pelham Bay Park Tallapoosa Wetland Restoration,,true
7060,P-1CPITIF,Pre-Design,pre-design,Tiffany Playground Reconstruction and Public Restroom Building Construction,,true
7061,P-413BPRC,Pre-Design,pre-design,Brookville Park Recreation Center Construction,,true
7061,SEED-BRRC,Pre-Design,pre-design,Brookville Park Recreation Center Construction,,true
7062,SEED-GARI,Pre-Design,pre-design,Garibaldi Playground Reconstruction,,true
7064,P-3INHPHR,Pre-Design,pre-design,Inwood Hill Park Payson Parkhouse Reconstruction,,true
7065,SEED-EPPR,Pre-Design,pre-design,Eastchester Playground Public Restroom Building Reconstruction,,true
7066,SEED-VPPR,Pre-Design,pre-design,Virginia Playground Public Restroom Building Reconstruction,,true
7067,P-2CPIWLB,Design,design,Willoughby Playground and Handball Courts Reconstruction,2029-05-12T00:00:00.000,true
7068,SEED-LPPR,Pre-Design,pre-design,Loreto Playground Public Restroom Building Reconstruction,,true
7069,SEED-PPLS,Pre-Design,pre-design,Lakeshore Restoration at West Drive and Southern Lake Edge,,true
7070,P-3CPIMCN,Pre-Design,pre-design,Dr. Ronald E. McNair Playground Reconstruction,,true
7071,SEED-BRPR,Pre-Design,pre-design,Bronx Park Brady Playground Public Restroom Building Reconstruction,,true
7072,P-1CPITPR,Pre-Design,pre-design,Tiffany Playground Public Restroom Building Reconstruction,,true
7073,P-5CPITPR,Pre-Design,pre-design,Terrace Playground Public Restroom Building Reconstruction,,true
7074,SEED-CHPR,Pre-Design,pre-design,Castle Hill Playground Public Restroom Building Reconstruction,,true
7075,SEED-PBBL,Pre-Design,pre-design,Pelham Bay Park Ballfields 4 & 5 Reconstruction,,true
7076,SEED-BFPR,Pre-Design,pre-design,Bufano Park Public Restroom Building Reconstruction,,true
7077,SEED-BFNO,Pre-Design,pre-design,Bufano Park Reconstruction and Public Restroom Building Construction,,true
7078,SEED-CSTL,Pre-Design,pre-design,Castle Hill Playground Reconstruction,,true
7079,SEED-LRTO,Pre-Design,pre-design,Loreto Playground Reconstruction,,true
7080,SEED-VAPG,Pre-Design,pre-design,Virginia Playground Reconstruction,,true
7081,SEED-GPPR,Pre-Design,pre-design,Garibaldi Playground Public Restroom Reconstruction,,true
7082,P-3CPIART,Pre-Design,pre-design,Harlem Art Park Reconstruction,,true
7083,P-1CPIAPR,Pre-Design,pre-design,Arcilla Playground Public Restroom Building Reconstruction,,true
7084,P-2CPIBPR,Pre-Design,pre-design,Breukelen Ballfields Public Restroom Building Reconstruction,,true
7085,P-312WBRD,Pre-Design,pre-design,Fort Washington Park West 181st Street Pedestrian Bridge Design Services,,true
7086,P-5CPITRC,Pre-Design,pre-design,Terrace Playground Reconstruction,,true
7087,SEED-TYLR,Pre-Design,pre-design,Taylor Playground Reconstruction,,true
7088,SEED-TPPR,Pre-Design,pre-design,Taylor Playground Public Restroom Building Reconstruction,,true
7089,P-2CPIWPR,Pre-Design,pre-design,Willoughby Playground Public Restroom Building Reconstruction,,true
7090,P-2PDBRC2,Pre-Design,pre-design,Brownsville Golden Age Center Parapet Wall Stabilization and Construction Fence Installation,,true
7091,SEED-MBCB,Pre-Design,pre-design,Montbellier Park Green Infrastructure Construction,,true
7092,SEED-BRDY,Pre-Design,pre-design,Bronx Park Brady Playground Reconstruction,,true
7093,P-202BRD2,Pre-Design,pre-design,Bridge Park Reconstruction,,true
7094,P-3CENZPG,Pre-Design,pre-design,Central Park Zoo Garage Parking Lot Reconstruction,,true
7095,P-104TCFF,(Cancelled),cancelled,Taqwa Community Farm Fence Reconstruction,,false
7096,P-4BQFLTR,Pre-Design,pre-design,Baby Queensbridge NRG Facility Locker Room Trailer Replacement,,true
7142,P-6CPSTR1,Construction Procurement,construction procurement,Citywide Procurement of Street Trees from Region 1 (Renewal CNYG-3916M),2029-05-17T00:00:00.000,true
7143,P-4WATEDG,Design,design,Cross Island Parkway Waters Edge Drive Playground and Public Restroom Building Construction,2029-04-27T00:00:00.000,true
7144,P-6TPR24B,Construction,construction,"Queens, Brooklyn, Staten Island Private Funding Tree Planting  FY24",2028-07-25T00:00:00.000,true
7144,P-6TRP24B,Construction,construction,"Queens, Brooklyn, Staten Island Private Funding Tree Planting  FY24",2028-07-25T00:00:00.000,true
7145,P-6TPR24A,Construction,construction,Bronx & Manhattan Private Funding Tree Planting FY24,2028-07-25T00:00:00.000,true
7145,P-6TRP24A,Construction,construction,Bronx & Manhattan Private Funding Tree Planting FY24,2028-07-25T00:00:00.000,true
7146,P-2MTRORC,Construction,construction,Metropolitan Recreation Center Dehumidification System Reconstruction,2027-03-05T00:00:00.000,true
7147,P-311RILS,Close-out,close-out,Randall's Island Western Shore Reconstruction,2019-03-19T00:00:00.000,true
7148,P-1PNYT20,Close-out,close-out,Bronx Street Tree Planting FY16 - Community Boards 9-12,2017-08-21T00:00:00.000,true
7149,P-211BENS,Close-out,close-out,Benson Playground Asphalt Field and Handball Court Reconstruction,2017-05-31T00:00:00.000,true
7150,P-1PNYC03,Close-out,close-out,Soundview Park Public Restroom Building Construction,2016-12-19T00:00:00.000,true
7151,P-4PNYT25,Close-out,close-out,"Queens Street Tree Planting FY15 - Community Boards 9,10,13,14",2016-10-14T00:00:00.000,true
7152,P-2BWCC09,Close-out,close-out,Hickman Playground and Harry Maze Playground Multipurpose Field Reconstruction,2016-08-10T00:00:00.000,true
7153,P-311RIFW,Close-out,close-out,Randall's Island Hell Gate Pathway Construction,2016-08-09T00:00:00.000,true
7154,P-210DBCS,Close-out,close-out,Leif Ericson Park Public Restroom Building Construction,2015-12-29T00:00:00.000,true
7155,P-302DRYD,Close-out,close-out,Dry Dock Playground Reconstruction,2015-12-16T00:00:00.000,true
7156,P-312ISA2,Close-out,close-out,Isham Park Water System Reconstruction,2015-04-28T00:00:00.000,true
7157,P-6WALK11,Close-out,close-out,Citywide Boardwalks & Ramps Reconstruction (CNYG-911M),2015-03-19T00:00:00.000,true
7158,P-1PNYFL1,Close-out,close-out,Co-Op City Field Bleacher and Pathway Reconstruction,2014-08-01T00:00:00.000,true
7159,P-216K11C,Close-out,close-out,Brownsville Recreation Center Pool HVAC System Reconstruction,2014-03-20T00:00:00.000,true
7160,SANDY5-04,Close-out,close-out,Staten Island South Emergency Protective Measures (Hurricane Sandy),2013-12-11T00:00:00.000,true
7161,P-1KNGSBR,Close-out,close-out,Kingsbridge Recreation Center HVAC System Construction,2012-12-21T00:00:00.000,true
7162,P-4PNYC05,Close-out,close-out,"Rockaway Beach Park Reconstruction, Beach 28th-32nd Streets",2012-10-16T00:00:00.000,true
7163,P-218CNRS,Close-out,close-out,Canarsie Park Playground and Skate Park Construction,2012-05-07T00:00:00.000,true
7164,P-4BWIDEC,Close-out,close-out,Queens General Site Work (QG-807M),2012-05-02T00:00:00.000,true
7165,P-407MPRC,Close-out,close-out,MacNeil Park Drainage System Reconstruction,2012-04-30T00:00:00.000,true
7166,P-407KPTC,Close-out,close-out,Kissena Park Tennis Courts Reconstruction,2012-04-18T00:00:00.000,true
7167,P-1JARDIN,Close-out,close-out,Fountain of Youth Playground Community Garden Water Supply and Fencing Construction,2012-03-21T00:00:00.000,true
7168,P-1TRAILW,(Defaulted),defaulted,Bronx River Park (West Farms Rapids) Reconstruction,2011-12-05T00:00:00.000,true
7169,P-214D17A,Close-out,close-out,Parade Ground Field 4 Reconstruction,2010-11-15T00:00:00.000,true
7170,P-413QFMF,Close-out,close-out,Queens County Farm Museum Entrance and Fencing Reconstruction,2010-09-29T00:00:00.000,true
7171,P-102CEME,Close-out,close-out,Concrete Plant Park Construction,2009-08-31T00:00:00.000,true
7172,P-502DNGN,Design,design,Dongan Playground Multipurpose Play Area and Sports Courts Reconstruction,2030-01-27T00:00:00.000,true
7173,P-303CAPJ,Pre-Design,pre-design,Captain Jacob Joseph Playground Dog Run Construction,,true
7174,P-309NICH,Pre-Design,pre-design,St Nicholas Park Park 133rd Street Playground and Public Restroom Building Construction,,true
7175,P-309RBNK,Pre-Design,pre-design,Riverside Park Riverbank Playground Reconstruction,,true
7176,P-312HRUL,(Cancelled),cancelled,Highbridge Park Wallenberg Playground Basketball Courts Reconstruction,,false
7177,P-503BDPG,Pre-Design,pre-design,Bloomingdale Park Playground Reconstruction,,true
7178,P-412BPP1,Pre-Design,pre-design,Baisley Pond Park Sutphin Playground Reconstruction,,true
7179,P-312DFLA,Pre-Design,pre-design,Dyckman Farmhouse Accessibility Improvements and Phase II Reconstruction,,true
7180,P-209LCGI,Pre-Design,pre-design,Lincoln Road Community Garden Pathway and Water Service Construction,,true
7181,P-2GPWB29,Pre-Design,pre-design,Bushwick Inlet Park Reconstitution Lump Sum Funding,,true
7182,P-213SGWS,Pre-Design,pre-design,Santos White Community Garden Pathway and Water Service Construction,,true
7183,P-503WDHL,Pre-Design,pre-design,Woodhull Playground Reconstruction,,true
7184,P-414NPST,Pre-Design,pre-design,Neponsit Park Construction,,true
7185,P-1CPITDC,Pre-Design,pre-design,Tiffany Playground and Public Restroom Building Design and Construction Management Services,,true
7186,P-203HVBC,Pre-Design,pre-design,Herbert Von King Park Playground Reconstruction,,true
7187,P-200F4PG,Pre-Design,pre-design,Parade Ground Synthetic Turf Soccer Field 4 Reconstruction,,true
7188,P-210SPTC,Pre-Design,pre-design,Shore Road Park Tennis Courts Reconstruction,,true
7189,P-2CPIBDC,Pre-Design,pre-design,Breukelen Playground and Public Restroom Building Design and Construction Management Services,,true
7190,P-218BBCG,Pre-Design,pre-design,Bountiful Bliss Community Garden Water Service and Accessible Pathway Construction,,true
7191,P-412LCMP,Pre-Design,pre-design,Locust Manor Playground Reconstruction,,true
7192,P-415FMTP,Pre-Design,pre-design,Flushing Meadows Corona Park Triassic Playground Reconstruction,,true
7193,P-503WPPL,Pre-Design,pre-design,Wolfe's Pond Park Parking Lot Reconstruction,,true
7194,P-202CLOT,Pre-Design,pre-design,Columbus Park Reconstruction,,true
7195,P-203RBP1,Pre-Design,pre-design,Raymond Bush Playground Reconstruction,,true
7196,P-215HHCE,Pre-Design,pre-design,Homecrest Playground Expansion Construction and Handball Court Reconstruction,,true
7197,P-312AGOR,Pre-Design,pre-design,Amelia Gorman Park Reconstruction,,true
7198,P-304HLKP,Pre-Design,pre-design,Hell's Kitchen Park Reconstruction,,true
7199,P-303SWRD,Pre-Design,pre-design,Seward Park South Playground Reconstruction,,true
7200,P-104LCCG,Pre-Design,pre-design,Las Casitas Community Garden Water Service Installation,,true
7201,P-215KPTC,Pre-Design,pre-design,Kelly Park Playground Tennis Courts Reconstruction,,true
7202,P-405FPDH,Pre-Design,pre-design,Forest Park Dry Harbor Playground Reconstruction,,true
7203,P-203HVPP,Pre-Design,pre-design,Herbert Von King Park Paths Reconstruction,,true
7204,SEED-BGDC,Pre-Design,pre-design,Bathgate Playground and Public Restroom Building Design and Construction Management Services,,true
7205,P-301WMKT,Pre-Design,pre-design,Washington Market Park Playground Reconstruction,,true
7206,P-308TRAM,Pre-Design,pre-design,Tramway Plaza Reconstruction,,true
7207,P-4TRE27B,Construction Procurement,construction procurement,"Queens Street Tree Planting FY27 - Community Boards 3-4, 6, 8",2030-12-09T00:00:00.000,true
7208,P-3TRE27A,Construction Procurement,construction procurement,Manhattan Street Tree Planting FY27,2030-12-09T00:00:00.000,true
7209,P-501HPSP,Pre-Design,pre-design,Heritage Park Skate Park Construction,,true
7210,P-301BNEW,Pre-Design,pre-design,Barnett Newman Triangle Reconstruction,,true
7211,P-307RPWR,Pre-Design,pre-design,Riverside Park West 72nd Street Wall Reconstruction,,true
7212,P-106IPPC,Pre-Design,pre-design,Ittner Place Park Construction,,true
7213,P-109HPCG,Pre-Design,pre-design,Harding Park Community Garden Water Service Installation,,true
7214,P-413IWRE,Pre-Design,pre-design,Idlewild Park Wetland Restoration,,true
7215,P-312JHEP,Pre-Design,pre-design,J. Hood Wright Park Entrance Plaza Reconstruction,,true
7216,P-414B142,Pre-Design,pre-design,Beach 142nd Street Mall Sprinkler System Reconstruction,,true
7217,P-2TRE27B,Pre-Design,pre-design,"Brooklyn Street Tree Planting FY27 - Community Boards 1, 7, 14",,true
7218,P-4TRE27A,Construction Procurement,construction procurement,"Queens Street Tree Planting FY27 - Community Boards 1-2, 5",2030-12-09T00:00:00.000,true
7219,P-303LESP,Pre-Design,pre-design,Lower East Side Playground Synthetic Turf Field Reconstruction,,true
7220,P-409MAFP,Pre-Design,pre-design,Maurice A. Fitzgerald Playground Basketball Half-Court Reconstruction,,true
7221,P-503BHNC,Pre-Design,pre-design,Blue Heron Nature Center Parking Lot Reconstruction,,true
7222,P-301DUAN,Pre-Design,pre-design,Duane Park Reconstruction,,true
7223,P-501APPD,Pre-Design,pre-design,Allison Pond Dredging and Shoreline Restoration,,true
7224,P-307BWYM,Pre-Design,pre-design,Broadway Malls Reconstruction,,true
7225,P-307GEGF,Pre-Design,pre-design,Gertrude Ederle Recreation Center Gym Floor Reconstruction,,true
7226,P-102PRNT,Pre-Design,pre-design,Printers Park Reconstruction,,true
7227,P-2TRE27A,Construction Procurement,construction procurement,"Brooklyn Street Tree Planting FY27 - Community Boards 2-5, 8-10, 15-16",2030-12-09T00:00:00.000,true
7228,P-312FTDR,Pre-Design,pre-design,Fort Tryon Park Sir William's Dog Run Reconstruction,,true
7229,P-210FHAM,Pre-Design,pre-design,Fort Hamilton Athletic Field Fencing Reconstruction,,true
7230,SEED-MCFR,Pre-Design,pre-design,McCaffrey Playground and Public Restroom Building Reconstruction,,true
7231,P-1TRE27A,Pre-Design,pre-design,"Bronx Street Tree Planting FY27, CBs 1-7",,true
7232,P-213CIGA,Pre-Design,pre-design,Coney Island Boardwalk Garage Reconstruction,,true
7233,P-309PG12,Pre-Design,pre-design,Playground One Twenty Five CXXV Reconstruction,,true
7234,SEED-VRTN,Pre-Design,pre-design,St. Vartan Park Sports Lighting Reconstruction,,true
7235,P-311PRPR,Pre-Design,pre-design,Poor Richard's Playground Public Restroom Building Reconstruction,,true
7236,P-216OSCS,Pre-Design,pre-design,Osborn Playground Public Restroom Building Reconstruction,,true
7238,P-6SITEI3,Pre-Design,pre-design,Citywide FY25 Landscape Architecture Subsurface Investigations and Industrial Hygiene Testing,,true
7238,P-6SITEI5,Pre-Design,pre-design,Citywide FY25 Landscape Architecture Subsurface Investigations and Industrial Hygiene Testing,,true
7238,P-6SITEI6,Pre-Design,pre-design,Citywide FY25 Landscape Architecture Subsurface Investigations and Industrial Hygiene Testing,,true
7239,P-200PPGA,Pre-Design,pre-design,Prospect Park Garage Compound Reconstruction,,true
7240,SEED-JFPR,Pre-Design,pre-design,James Forten Playground Public Restroom Building Reconstruction,,true
7241,P-4QTDSRC,Construction,construction,Queens Tree-Damaged Sidewalk Reconstruction FY26 Community Boards 3 & 4,2027-03-01T00:00:00.000,true
7242,P-302HFFE,Pre-Design,pre-design,"388 Hudson Street Recreation Center Furniture, Fixtures, and Equipment Purchase",,true
7243,P-6SWRC23,Construction Procurement,construction procurement,Bronx and Manhattan Tree-Damaged Sidewalk Reconstruction FY23 (Renewal CNYG-2423M),,true
7244,P-6IHOTPS,Pre-Design,pre-design,Citywide In House Tree Planting Other Than Personal Services,,true
7245,P-302PI51,Pre-Design,pre-design,Hudson River Park Pier 51 Playground Reconstruction,,true
7246,P-6IHTPPS,Pre-Design,pre-design,Citywide In House Tree Planting Personal Services,,true
7247,P-302HSRC,Pre-Design,pre-design,388 Hudson Street Recreation Center Construction,,true
7248,P-4SWRO23,Construction Procurement,construction procurement,Queens Tree-Damaged Sidewalk Reconstruction FY23 (Renewal QG-1523M)- Community Boards 9-14,,true
7249,P-3CENTHM,Pre-Design,pre-design,Central Park Harlem Meer Shoreline and Boardwalk Reconstruction,,true
7250,P-413QCAF,Pre-Design,pre-design,Queens County Farm Museum Adriance Farmhouse Reconstruction,,true
7251,P-302TDRS,Pre-Design,pre-design,James J. Walker Park Swimming Pool Reconstruction,,true
7252,SEED-PTMC,Pre-Design,pre-design,Potomac Playground Reconstruction,,true
7253,P-308AGFA,Pre-Design,pre-design,Asphalt Green Recreation Center Fire Alarm System Reconstruction,,true
7254,P-402ANGP,Pre-Design,pre-design,Andrews Grove Reconstruction,,true
7255,P-201ROEB,Pre-Design,pre-design,Roebling Playground and Public Restroom Building Construction,,true
7256,SEED-JHPR,Pre-Design,pre-design,John Hancock Playground Public Restroom Building Construction,,true
7257,SEED-PTPR,Pre-Design,pre-design,Potomac Playground Public Restroom Building Reconstruction,,true
7258,P-4SWRC23,Construction Procurement,construction procurement,"Queens Tree-Damaged Sidewalk Reconstruction FY23 (renewal QG-623M) - Community Boards 1, 2, 5 ,6, 7, 8",,true
7259,P-1OWEND4,Pre-Design,pre-design,Owen Dolen Recreation Center Boiler and Heating Systems Reconstruction,,true
7260,P-2SWRO23,Design,design,"Brooklyn Tree (Renewal BG-1323M)-Damaged Sidewalk Reconstruction FY23 Community Boards 1, 2, 6, 7, 10-14",,true
7261,P-408CPFR,Pre-Design,pre-design,Cunningham Park Ballfields 18 and 19 and Football Fields 1-3 Reconstruction,,true
7262,P-501MMRP,Pre-Design,pre-design,Mariners Marsh Park Phase I Trail Construction,,true
7263,P-6SCACON,Pre-Design,pre-design,Spring Creek Access Construction,,true
7264,P-410WWPR,Pre-Design,pre-design,Walter Ward Playground Reconstruction,,true
7265,P-308AGDH,Pre-Design,pre-design,Asphalt Green Recreation Center HVAC System Reconstruction,,true
7266,P-1CROUL9,Pre-Design,pre-design,Van Cortlandt Park East Side Perimeter Reconstruction,,true
7267,SEED-DEAN,Pre-Design,pre-design,Dean Playground Reconstruction,,true
7268,P-403AORC,Pre-Design,pre-design,Al Oerter Recreation Center Boiler and Heating Systems Reconstruction,,true
7269,P-2GPWB28,Pre-Design,pre-design,Bushwick Inlet Park CitiStorage North Parcel Construction,,true
7270,P-4QPGIRC,Pre-Design,pre-design,Queens Parkland Green Infrastructure Retrofits,,true
7271,P-302HLUP,Pre-Design,pre-design,High Line Public Restroom Building Reconstruction and Visitor Monitoring System Installation,,true
7272,P-1CROUL8,Pre-Design,pre-design,Van Cortlandt Park Allen Shandler Recreation Area Sewer Line Construction,,true
7273,SEED-JHNK,Pre-Design,pre-design,John Hancock Playground Reconstruction,,true
7274,P-5SWRC23,Construction Procurement,construction procurement,Staten Island Tree-Damaged Sidewalk Reconstruction FY23 (Renewal RG-423M),,true
7275,P-411KPEF,Pre-Design,pre-design,Kissena Corridor Park Ella Fitzgerald Playground Multipurpose Play Area and Sports Courts Reconstruction,,true
7276,SEED-LPCG,Pre-Design,pre-design,Lefferts Place Community Garden Reconstruction,,true
7277,SEED-JFRT,Pre-Design,pre-design,James Forten Playground Reconstruction,,true
7278,IDA21-05,Pre-Design,pre-design,Levy Playground Public Restroom Building Reconstruction (Hurricane Ida),,true
7278,P-501LYPG,Pre-Design,pre-design,Levy Playground Public Restroom Building Reconstruction (Hurricane Ida),,true
7279,SANDY4-55,Pre-Design,pre-design,Thursby Basin Park Public Restroom Building Construction,,true
7280,P-2SWRC23,Construction Procurement,construction procurement,"Brooklyn Tree-Damaged Sidewalk Reconstruction FY23 (Renewal BG-923M) - Community Boards 3, 4, 5, 8, 9, 15, 16, 17, 18",,true
7367,P-2FULMP2,Design,design,Fulton Mall Streetscape Reconstruction Phase II,2028-10-25T00:00:00.000,true
7368,P-4TRE20R,Close-out,close-out,Queens Street Tree Planting FY21 - Community Boards 12-13,2022-06-27T00:00:00.000,true
7369,P-4TRS21A,Close-out,close-out,Queens Street Tree Planting FY21 - Community Board 7 (QG-1019M),2022-05-18T00:00:00.000,true
7370,NDF-NMKE,Construction,construction,Nameoke Avenue Park and Public Restroom Building Design Services,2022-01-26T00:00:00.000,true
7371,P-6PNYR37,Close-out,close-out,"Bronx, Manhattan and Queens Reforestation FY18",2021-05-21T00:00:00.000,true
7372,P-211BNHT,Close-out,close-out,Bensonhurst Park Playground Reconstruction,2020-12-30T00:00:00.000,true
7373,P-4SAND02,Close-out,close-out,Spring Creek Greenstreets and Green Infrastructure Construction,2020-11-24T00:00:00.000,true
7374,P-201JAME,Close-out,close-out,Brooklyn General Site Work (BG-715MA),2020-10-01T00:00:00.000,true
7374,P-210SHRS,Close-out,close-out,Brooklyn General Site Work (BG-715MA),2020-10-01T00:00:00.000,true
7374,P-214KPKP,Close-out,close-out,Brooklyn General Site Work (BG-715MA),2020-10-01T00:00:00.000,true
7374,P-2HOOPER,Close-out,close-out,Brooklyn General Site Work (BG-715MA),2020-10-01T00:00:00.000,true
7375,P-1ANCH01,Close-out,close-out,St. Mary's Park Ballfields and Dog Run Reconstruction,2020-06-19T00:00:00.000,true
7376,P-1BWRCTR,Close-out,close-out,West Bronx Recreation Center AC Reconstruction,2020-01-28T00:00:00.000,true
7377,P-501CLRT,Close-out,close-out,Clove Lakes 5K Running Trail Construction,2020-01-13T00:00:00.000,true
7378,P-4BWIDEN,Close-out,close-out,Queens General Site Work (QG-1316M),2019-12-24T00:00:00.000,true
7379,P-2TRE18C,Close-out,close-out,"Brooklyn Street Tree Planting FY18 - Community Boards 6,7,10,12",2019-12-23T00:00:00.000,true
7380,P-2TRE18B,Close-out,close-out,"Brooklyn Street Tree Planting FY18 - Community Boards 5,14,18",2019-12-20T00:00:00.000,true
7381,P-108SPDU,Close-out,close-out,Spuyten Duyvil Playground Spray Shower Reconstruction,2019-10-23T00:00:00.000,true
7382,P-404NTPG,Close-out,close-out,Newtown Playground Reconstruction,2019-09-11T00:00:00.000,true
7383,P-109PAR2,Close-out,close-out,Parque de los Ninos Softball Field and Running Track Construction,2019-07-30T00:00:00.000,true
7384,P-302CJSC,Close-out,close-out,Seravalli Playground Public Restroom Building Reconstruction,2019-07-29T00:00:00.000,true
7385,P-30420S2,Close-out,close-out,Chelsea Green Construction,2019-07-11T00:00:00.000,true
7386,P-3PNYT12,Close-out,close-out,Manhattan Street Tree Planting FY19,2019-06-28T00:00:00.000,true
7387,P-4PNYT31,Close-out,close-out,Queens Street Tree Planting FY19 - Community Boards 1-5,2019-06-28T00:00:00.000,true
7388,P-1TRE19B,Close-out,close-out,Bronx Street Tree Planting FY19 - Community Boards 9-12,2019-06-28T00:00:00.000,true
7389,P-4CPIBOW,Close-out,close-out,Bowne Playground Reconstruction,2019-04-03T00:00:00.000,true
7390,P-6BLPB14,Close-out,close-out,Citywide Public Restroom Building and Facility Plumbing & HVAC Reconstruction (CNYG-1014M),2019-03-08T00:00:00.000,true
7391,P-302DPCA,Close-out,close-out,DeSalvio Playground Reconstruction,2019-02-14T00:00:00.000,true
7392,P-1TRE19A,Close-out,close-out,Bronx Street Tree Planting FY19 - Community Boards 1-8,2019-01-10T00:00:00.000,true
7393,P-3TRE17A,Close-out,close-out,Manhattan Street Tree Planting FY17,2018-10-22T00:00:00.000,true
7394,SANDY2-10,Close-out,close-out,North 5th Street Pier and Park Bulkhead Reconstruction (Hurricane Sandy),2018-09-05T00:00:00.000,true
7395,P-4PNYT27,Close-out,close-out,Queens Street Tree Planting FY17 - Community Boards 1-5,2018-06-29T00:00:00.000,true
7396,P-4TRE17A,Close-out,close-out,"Queens Street Tree Planting FY17 - Community Boards 6,9,10",2018-06-29T00:00:00.000,true
7397,P-309STNC,Close-out,close-out,Langston Hughes Playground Public Restroom Building Reconstruction,2018-05-31T00:00:00.000,true
7398,P-1CPIP52,Close-out,close-out,Playground 52 Reconstruction,2018-03-12T00:00:00.000,true
7399,P-4PLG15C,Close-out,close-out,"Austin, Giovanelli, and Utopia Playgrounds Reconstruction",2017-12-20T00:00:00.000,true
7400,P-4CPIGRS,Close-out,close-out,Grassmere Playground Reconstruction,2017-11-20T00:00:00.000,true
7401,P-313CPA2,Close-out,close-out,Arsenal Emergency Elevator Reconstruction,2017-09-15T00:00:00.000,true
7402,P-110CLPK,Close-out,close-out,Colucci Playground Seating Area Reconstruction,2017-08-02T00:00:00.000,true
7403,P-207SUNS,Close-out,close-out,Sunset Park Playground Reconstruction,2017-07-31T00:00:00.000,true
7404,P-4PNYT26,Close-out,close-out,"Queens Street Tree Planting FY16 - Community Boards 7,8,11,12",2017-05-13T00:00:00.000,true
7405,P-4TRE16B,Close-out,close-out,"Queens Street Tree Planting FY16 - Community Boards 9,10,13,14",2017-04-04T00:00:00.000,true
7406,P-300ZOO7,Close-out,close-out,Central Park Zoo Red Panda Exhibit Construction,2017-01-30T00:00:00.000,true
7407,P-210PTRK,Close-out,close-out,Patrick O'Rourke Playground Reconstruction,2016-09-28T00:00:00.000,true
7408,P-5TRE15A,Close-out,close-out,Staten Island Street Tree Planting FY15,2016-05-02T00:00:00.000,true
7409,IDA21-11,Pre-Design,pre-design,Randall's Island Pathway Reconstruction (Hurricane Ida),,true
7410,P-2CPIELS,Pre-Design,pre-design,Elizabeth Stroud Playground Reconstruction,,true
7411,P-218FBFG,Pre-Design,pre-design,Floyd Bennett Field Garden Reconstruction,,true
7412,P-2CPIVAD,Pre-Design,pre-design,Van Dyke Playground and Public Restroom Building Construction,,true
7413,P-501NSES,Pre-Design,pre-design,North Shore Esplanade Reconstruction,,true
7414,IDA21-13,Pre-Design,pre-design,Highbridge Park Interior Staircase Reconstruction (Hurricane Ida),,true
7415,P-5CPIKTM,Pre-Design,pre-design,Kaltenmeier Playground Reconstruction,,true
7416,P-409WELL,Pre-Design,pre-design,87th Avenue & 134th Street New Open Space Construction,,true
7417,P-4CPICHS,Design,design,Corona Health Sanctuary Playground Reconstruction,2030-03-24T00:00:00.000,true
7418,P-103ROOF,Pre-Design,pre-design,Crotona Park Tennis Center Roof Reconstruction,,true
7419,P-1CPIMMP,Pre-Design,pre-design,Morris Mesa Playground Reconstruction,,true
7420,P-1CPIMPG,Pre-Design,pre-design,Mott Playground and Public Restroom Building Construction,,true
7421,P-410TPFP,Pre-Design,pre-design,Tudor Park Flagpole Reconstruction,,true
7422,P-1CPIFYP,Pre-Design,pre-design,Fountain of Youth Playground Reconstruction,,true
7423,P-1HAFFP5,Pre-Design,pre-design,"Haffen Park Pool Furniture, Fixtures and Equipment Purchase",,true
7424,P-300ZOO8,Close-out,close-out,Central Park Zoo Dancing Crane Cafe Cooling System Installation,,true
7425,P-400ZOO7,Construction,construction,Queens Zoo Heating Plant Reconstruction,,true
7426,IDA21-07,Pre-Design,pre-design,Clove Lakes Park Trail Reconstruction (Hurricane Ida),,true
7427,IDA21-10,Pre-Design,pre-design,Greenbelt Old Mill Road Path Reconstruction (Hurricane Ida),,true
7428,IDA21-08,Pre-Design,pre-design,Clove Lakes Park Pathway Reconstruction (Hurricane Ida),,true
7429,IDA21-14,Pre-Design,pre-design,Riverside Park 140th Street Fence Reconstruction (Hurricane Ida),,true
7430,P-3HLSNKN,Pre-Design,pre-design,High Line 10th Avenue Square Sunken Overlook Reconstruction,,true
7431,P-6PKTREE,Pre-Design,pre-design,Park Trees Maintain Stem Count Lump Sum Funding,,true
7432,P-3CPIVLD,Pre-Design,pre-design,Vladeck Park Playground Reconstruction,,true
7433,P-409PRSP,Pre-Design,pre-design,Phil 'Scooter' Rizzuto Park Playground Sensory Panels Construction,,true
7434,P-200LEHH,Pre-Design,pre-design,Prospect Park Lefferts Historic House Storage Building Construction,,true
7435,IDA21-15,Pre-Design,pre-design,Crotona Park Pool House Mechanical and Electrical Equipment Reconstruction (Hurricane Ida),,true
7436,P-1JASPBB,Pre-Design,pre-design,Van Cortlandt Park Stadium Baseball Field 1 Reconstruction,,true
7437,IDA21-09,Pre-Design,pre-design,Greenbelt Blood Root Valley and LaTourette Park Bridges Reconstruction (Hurricane Ida),,true
7438,P-303TDRR,Design,design,Tompkins Square Park Dog Run Synthetic Turf Installation,,true
7439,IDA21-06,Pre-Design,pre-design,Bloomingdale Park Footbridge Reconstruction (Hurricane Ida),,true
7601,P-2TRS27B,Construction Procurement,construction procurement,"Brooklyn Street Tree Planting FY27 - Community Boards 11, 12, 17, 18",2030-12-09T00:00:00.000,true
7602,P-4TRS27B,Construction Procurement,construction procurement,Queens Street Tree Planting FY27 - Community Boards 12,2030-12-09T00:00:00.000,true
7603,P-1TRS27A,Construction Procurement,construction procurement,"Bronx Street Tree Planting FY27, CBs 8, 11, 12",2028-12-09T00:00:00.000,true
7604,P-5BBPAV,Close-out,close-out,Staten Island Basketball Court Reconstruction,2021-07-28T00:00:00.000,true
7605,P-5PRESPL,Close-out,close-out,Prescott Playground Reconstruction,2021-06-21T00:00:00.000,true
7606,P-1ECHOPK,Close-out,close-out,Echo Park Playground and Basketball Courts Reconstruction,2021-05-19T00:00:00.000,true
7607,P-1TRE18A,Close-out,close-out,Bronx Street Tree Planting FY18 - Community Boards 1-8,2021-01-29T00:00:00.000,true
7608,P-3TOMJPK,Close-out,close-out,Thomas Jefferson Park Playground Reconstruction,2021-01-08T00:00:00.000,true
7609,P-207SSPK,Close-out,close-out,Sunset Park Path Reconstruction,2020-10-01T00:00:00.000,true
7610,P-4PNYT29,Close-out,close-out,"Queens PlaNYC Street Tree Planting FY18 - Community Boards 7,8,11",2020-09-28T00:00:00.000,true
7611,P-210SHRE,Close-out,close-out,"Shore Park and Parkway Steel Fence Installation, Vegetation Removal and Erosion Control",2019-06-28T00:00:00.000,true
7612,P-6GRST01,Close-out,close-out,Brooklyn and Queens Greenstreet Construction FY12,2015-05-20T00:00:00.000,true
7613,P-4TRS27A,Construction Procurement,construction procurement,"Queens Street Tree Planting FY27 - Community Boards 7, 9, 10, 14",,true
7614,P-2TRS27A,Construction Procurement,construction procurement,"Brooklyn Street Tree Planting FY27 - Community Boards 6, 13",,true
7615,P-4TRS27C,Construction Procurement,construction procurement,Queens Street Tree Planting FY27 (Renewal for QG-424M) - Community Boards 11-13,,true
7616,P-2PROSPK,Pre-Design,pre-design,Prospect Park Picnic House and Tennis House Telecommunication Lines Installation,,true
7617,P-209WGPK,Pre-Design,pre-design,Wingate Park Telecommunication Line Installation,,true
7618,P-218CAPK,Pre-Design,pre-design,Canarsie Park Telecommunication Line Installation,,true
7619,P-6PROGBT,Pre-Design,pre-design,"Citywide Procurement of Grow Bag Trees from New York, Maryland or Virginia",,true
7620,SEED-142S,Pre-Design,pre-design,142nd Street and 107th Avenue New Park Construction,,true
7621,SEED-KING,Pre-Design,pre-design,Rufus King Park Paths Reconstruction and Dog Run Construction,,true
7622,SEED-PHCR,Pre-Design,pre-design,Proctor-Hopson Circle Reconstruction,,true
7623,SEED-MPPR,Pre-Design,pre-design,Marconi Park Public Restroom Building Demolition & Reconstruction,,true
7624,SEED-ASPK,Pre-Design,pre-design,Archie Spigner Park Reconstruction,,true
7625,SEED-PCCS,Pre-Design,pre-design,Prospect Cemetery Chapel of the Sisters Roof Reconstruction,,true
7626,SEED-QBBP,Pre-Design,pre-design,Queensbridge Baby Park Construction,,true
7627,SEED-QBRG,Pre-Design,pre-design,Queensbridge Park Reconstruction,,true
7628,P-4FMPFAC,Pre-Design,pre-design,Flushing Meadows Corona Park Playground for All Children Reconstruction,,true
7629,P-200SCMP,Pre-Design,pre-design,Prospect Park Shirley Chisholm Monument Construction,,true
7630,SEED-TILY,Pre-Design,pre-design,Captain Tilly Park Pathways Reconstruction,,true
7631,P-407OTFB,Pre-Design,pre-design,The Olde Town of Flushing Burial Ground Perimeter Fence and Pavement Reconstruction,,true
7632,SEED-OSQB,Pre-Design,pre-design,Queensboro Bridge Open Space Construction,,true
7633,SEED-RKPH,Pre-Design,pre-design,Rufus King Park Parkhouse Reconstruction,,true
7634,P-1SJRCAM,Pre-Design,pre-design,St. James Recreation Center Surveillance System Upgrade,,true
7635,P-408CPPB,Pre-Design,pre-design,Cunningham Park Pickleball Court Construction and Parking Lot Reconstruction,,true
7636,P-414VBWR,Pre-Design,pre-design,Vernam Barbadoes Wetland Restoration,,true
7637,P-306SPPK,Pre-Design,pre-design,Sutton Place Park Drinking Fountain and Perimeter Fencing Installation,,true
7638,P-501CLP1,Pre-Design,pre-design,Clove Lakes Park - Phase 2 Pavement Reconstruction,,true
7639,SEED-138S,Pre-Design,pre-design,138th Street and Hillside Avenue New Park Construction,,true
7640,P-1PBPTCS,Pre-Design,pre-design,Pelham Bay Park Turtle Cove Shoreline Restoration,,true
7641,P-302MERH,Pre-Design,pre-design,Merchant's House Museum Interior Restoration,,true
7642,P-203HVPK,Pre-Design,pre-design,Herbert Von King Park Telecommunication Line Installation,,true
7643,P-203SHAB,Pre-Design,pre-design,El Shabazz Playground Reconstruction,,true
,S136-264H,(Completed),completed,Staten Island 1 Garage Roof Replacement,,false
,S136-365,(Pending),pending,,,true
,S136-366G,(Completed),completed,S I Compost Bagging Building,,false
,S136-383T,(Completed),completed,CITYWIDE REPLACEMENT OF HVAC ROOF TOP UNITS,,false
,S136-419F,(Completed),completed,Bronx 3A Broom Garage water supply pipe repl,,false
,S136-439,(Lump Sum),lump sum,"DSNY FACILITY REHAB, CITYWIDE",,true
,S136-464A,(Completed),completed,Bronx 7/8 Garage Roof Replacement,,false
,S186-224A,(Equipment),equipment,Brooklyn 3 New Garage Initial Outfitting,,true
,S195-228J,(Completed),completed,Brooklyn Navy Yard Salt Storage Facility Rehabilitation,,false
,S216-240,(Lump Sum),lump sum,DSNY PIER WORK  RECONSTRUCTION CITYWIDE,,true
,SANDBK4EL,(Completed),completed,Hurricane Sandy Brooklyn 1/4 Electrical Replacement,,false
89,SANDBK4FA,Construction,construction,Hurricane Sandy Brooklyn 1/4 Fire Alarm Replacement,2027-03-01T00:00:00.000,true
90,SANDBX12C,Construction,construction,Hurricane Sandy Bronx 12 Garage Conduit Work,2029-10-01T00:00:00.000,true
91,SANDBX12G,Construction,construction,Hurricane Sandy Bronx 12 Garage R/R & Haz Mitigation,2029-10-01T00:00:00.000,true
92,SANDGPTWH,(Cancelled),cancelled,Hurricane Sandy GRNPT Warehouse R/R & Haz Mitigation,,false
93,SANDGPWHC,(Cancelled),cancelled,Hurricane Sandy GRNPT Warehouse Conduit Replacement,,false
94,SANDQ14EL,Close-out,close-out,Hurricane Sandy Queens 14 Electrical Replacement,2024-12-31T00:00:00.000,true
95,SAND26MBC,Design,design,Hurricane Sandy 26 St Manh Boro Rpr Shop Conduit Work,2027-09-30T00:00:00.000,true
96,SAND26MBS,Design,design,Hurricane Sandy 26 St Manh Boro R/R & Haz Mitigation,2027-09-30T00:00:00.000,true
97,SAND44BVC,Design,design,Hurricane Sandy 44 Beaver Street Conduit Replacement,2027-09-30T00:00:00.000,true
98,SAND44BVR,Design,design,Hurricane Sandy 44 Beaver St System Replacement,2027-09-30T00:00:00.000,true
99,S136-251E,Construction,construction,QUEENS CRS AIR COMPRESSORS REPLACEMENT,2026-06-30T00:00:00.000,true
102,S136-264Q,Close-out,close-out,Queens 6 Betts Ave Garage Roof Replacement,2025-09-30T00:00:00.000,true
103,S136-264Y,Construction,construction,Brooklyn Cioffe Borough Shop Roof Replacement,2026-09-30T00:00:00.000,true
105,S136-332M,Design,design,BRONX 6/6A GARAGE REHAB,2033-09-30T00:00:00.000,true
106,S136-332N,Design,design,QUEENS 8/10/12  GARAGE REHAB,2034-09-30T00:00:00.000,true
109,S136-380G,Close-out,close-out,Queens 14 Garage HVAC Rehabilitation,2023-12-31T00:00:00.000,true
111,S136-383G,Construction,construction,BROOKLYN CIOFFE SHOP HVAC REPLACEMENT,2026-06-30T00:00:00.000,true
112,S136-385E,Close-out,close-out,MANHATTAN 4/4A/7 GARAGE GLASS FACADE REHABILITATION,2025-10-31T00:00:00.000,true
113,S136-424,Construction,construction,"Bronx 12 Rehabilitation (Slabs, Roof, Fueling Enclosure)",2030-11-01T00:00:00.000,true
118,S136-432,Design,design,MANHATTAN 44 BEAVER ST REHABILITATION,2027-09-30T00:00:00.000,true
120,S136-437,Construction,construction,MANHATTAN 44 BEAVER ST SPRINKLER SYSTEM REPLACEMENT,2027-09-30T00:00:00.000,true
122,S136-440B,Construction,construction,Bronx 7/8 Garage Slab Replacement,2026-09-30T00:00:00.000,true
123,S136-441B,Construction Procurement,construction procurement,Manhattan 4/4A/7 Garage Broom Wash Drainage,2027-06-30T00:00:00.000,true
124,S136-441S,Construction,construction,Manhattan 4/4A/7 Garage Sprinkler System Upgrades,2026-02-28T00:00:00.000,true
127,S136-449B,Construction,construction,Queens 5/5A Site Drainage Rehabilitation,2028-09-30T00:00:00.000,true
130,S136-464B,Construction,construction,Brooklyn 8 Garage Roof and HVAC Replacement,2028-09-30T00:00:00.000,true
131,S136-464D,Construction,construction,Manhattan Henry St Roof Replacement,2026-10-31T00:00:00.000,true
132,S136-464G,Close-out,close-out,Bronx 3 Sec 31 Roof Replacement Washington Ave,2025-02-28T00:00:00.000,true
133,S136-464H,Close-out,close-out,Queens Flushing Ave Enforcement Garage Roof Replacement,2025-08-31T00:00:00.000,true
134,S186-224,Close-out,close-out,Brooklyn 3 Garage New Construction,2025-12-01T00:00:00.000,true
135,S195-227K,(Cancelled),cancelled,BROOKLYN 7/10  SALT SHED REPLACEMENT,2026-09-30T00:00:00.000,false
137,S248-423,Design,design,Bronx 9/10/11 Garage Replacement,2034-04-01T00:00:00.000,true
141,S136-366F,(Cancelled),cancelled,BROOKLYN Greenpoint Community Composting,2024-06-30T00:00:00.000,false
142,S216-401D,Design,design,E. 91 ST ST MTS PIER REHAB,2028-09-30T00:00:00.000,true
143,S216-402D,Close-out,close-out,North Shore MTS Dredging,2024-10-06T00:00:00.000,true
144,S216-403C,Close-out,close-out,Hamilton Avenue MTS Rehab,2026-03-01T00:00:00.000,true
145,S216-415C,Close-out,close-out,West 59th street MTS Dredging,2024-11-30T00:00:00.000,true
146,S216-403A,Design,design,Hamilton Avenue MTS Bulkhead,2028-03-01T00:00:00.000,true
4573,S136-265A,Construction Procurement,construction procurement,Brooklyn 12 Garage Damaged Brick Wall Fence Replacement,2027-06-30T00:00:00.000,true
4575,S136-366D,Design,design,Construct/Reconstruct composting sites Citywide,2026-06-30T00:00:00.000,true
4576,S136-380K,Construction,construction,Queens 7 A Hot Water Heaters Replacement,2026-05-31T00:00:00.000,true
4577,S136-428,Construction,construction,Brooklyn Lot Cleaning Parking Lot Rehabilitation Forbell St,2026-06-14T00:00:00.000,true
4579,S136-452,Design,design,MANHATTAN 128 WEST 17 ST REHAB,2034-06-30T00:00:00.000,true
4581,S136-470,Construction,construction,Manhattan 3 Garage Rehabilitation,2026-06-30T00:00:00.000,true
4583,APIDSBK11,Construction Procurement,construction procurement,DSNY ROADMAP ENERGY EFF - BK 11,2029-06-30T00:00:00.000,true
4584,APIDSMN12,Construction Procurement,construction procurement,DSNY ROADMAP ENERGY EFF - MN 12,2029-06-30T00:00:00.000,true
4585,APIDSSI02,Construction Procurement,construction procurement,DSNY ROADMAP ENERGY EFF - SI 02,2029-06-30T00:00:00.000,true
4664,S216-403D,Construction,construction,Hamilton Ave MTS Dredging,2027-06-30T00:00:00.000,true
4665,S136-452A,Design,design,MANHATTAN 128 WEST 17 ST REHAB,2034-06-30T00:00:00.000,true
5520,S111-395D,Design,design,DSNY Staten Island Transfer Station Scales,2030-11-30T00:00:00.000,true
5521,S136-431,Pre-Design,pre-design,Queens 1 Garage,,true
5522,S136-449D,Construction Procurement,construction procurement,Brooklyn 15 Oil Water Separator,2027-11-30T00:00:00.000,true
5523,S136-464E,Pre-Design,pre-design,Manhattan 8 215th St Garage Roof and Masonry Replacement,,true
5524,SANDMAN3C,Pre-Design,pre-design,Hurricane Sandy Manh 3 Garage Conduit Replacement,,true
5525,SANDMAN3G,Pre-Design,pre-design,Hurricane Sandy Manh 3 Garage Repl & Haz Mitigation,,true
5710,ACEDOS241,Construction,construction,DSNY Queens 14 Garage,2027-06-30T00:00:00.000,true
5712,S136-423A,Pre-Design,pre-design,Queens 11/13 Garage Rehabilitation,,true
5713,S136-436A,Pre-Design,pre-design,Brooklyn 6 Garage Rehabilitation,,true
5714,S136-467A,Construction,construction,Bronx 5  Backflow Preventer Assemblies Installation,2026-09-30T00:00:00.000,true
5715,S136-467B,Construction,construction,Queens 6 (Betts Ave)  Backflow Preventer Assemblies,2026-09-30T00:00:00.000,true
5796,ACEDOS242,Construction,construction,DSNY Admin. Offices - 10th Floor Electrification,2027-12-31T00:00:00.000,true
5801,S136-456D,Construction,construction,Bronx Lot Cleaning Demolition,2027-06-30T00:00:00.000,true
5802,S216-402G,Design,design,North Shore MTS Rehab - Dumping Slots,2033-06-30T00:00:00.000,true
5862,S136-442B,Pre-Design,pre-design,Queens North Borogh Repair Shop Slab and Roof Replacement,,true
7281,S136-366J,Pre-Design,pre-design,SI Compost Organics Processing Tent,,true
7351,S136-383R,Construction Procurement,construction procurement,DSNY SI 1&3 Completion of Construction,2026-08-31T00:00:00.000,true
7352,S136-383U,Pre-Design,pre-design,DSNY BK17 18 Completion of construction of Roof and HVAC,,true
7353,S136-449F,Construction Procurement,construction procurement,Queens 6 Replacement of existing sewage ejector system,2026-12-31T00:00:00.000,true
,126STDEPO,(Real Estate Transaction),real estate transaction,126th Street Depot,,true
,181STBID,(Completed),completed,181st BID Beautification,,false
,181STBID2,(Completed),completed,FA - 181st BID Streetscapes,,false
,25202301,(Real Estate Transaction),real estate transaction,LINCOLN SITE RECOVERY,,true
,73RDSTACQ,(Real Estate Transaction),real estate transaction,East 73rd Street CUNY Site Acquisition,,true
,8THSTREET,(Funding Agreement),funding agreement,FA - Village Alliance - Reconstruction of St. & Sidewalks,,true
,AKLBRENO,(Pre-Design),pre-design,Arthur Kill Lift Bridge (AKLB) Renovation Project,,true
,ALTFUELS,(Pending),pending,Hunts Point - Site -Alternative Fuels Station,,true
,AMMI2004,(Funding Agreement),funding agreement,FA - Museum of the Moving Image,,true
,AVENUEJ,(Completed),completed,Avenue J Revitalization,,false
,BATFACADE,(Pending),pending,BAT Facade Improvements,,true
,BATHGATE,(Pre-Design),pre-design,Bathgate Campus Improvements,,true
,BCTCLINW,(Pending),pending,Brooklyn Cruise Terminal - Clinton Wharf,,true
,BCTP12REP,(Pre-Design),pre-design,BCT PIER 12 Emergency Bulkhead Repairs,,true
,BCTSHOREP,(Pre-Design),pre-design,Brooklyn Cruise Terminal - Shore Power,,true
,BEDSTURP,(Completed),completed,FA - Bed-Stuy Restoration Corporation - Restoration Plaza,,false
,BMBSLIP5,(Pending),pending,,,true
,BMTCRANE,(Pre-Design),pre-design,BMT Pier 10 Crane Procurement,,true
,BMTMATCH,(Lump Sum),lump sum,BMT Grant Local Match,,true
,BMTPIER10,(Design),design,BMT Pier 10 Improvements,,true
,BMTPIER8,(Design),design,BMT Pier 8 South - Fender Repair/Replacement,,true
,BNY212MWB,(Pass-Through Fund),pass-through fund,BNYDC Building 212 MWBE Subdivision,,true
,BNY5THST,(Pass-Through Fund),pass-through fund,BNYDC 5th Street Reconstruction,,true
,BNY910SBB,(Pass-Through Fund),pass-through fund,"BNYDC Berths 9, 10 and Small Boat Basin Structural Work",,true
,BNYB120FS,(Pass-Through Fund),pass-through fund,BNYDC Building 120 Fire Alarm and Sprinklers Rehabilitation,,true
,BNYB12FSP,(Pass-Through Fund),pass-through fund,BNYDC Building 12 Fire Alarm and Sprinkler Rehabilitation,,true
,BNYB131FS,(Pass-Through Fund),pass-through fund,BNYDC Building 131 Fire Alarm and Sprinkler Rehabilitation,,true
,BNYB132RH,(Pass-Through Fund),pass-through fund,BNYDC Building 132 Rehabilitation,,true
,BNYB275FS,(Pass-Through Fund),pass-through fund,BNYDC Building 275 Fire Alarm and Sprinkler Rehabilitation,,true
,BNYB275RF,(Pass-Through Fund),pass-through fund,BNYDC Building 275 Roof and Facade Rehabilitation,,true
,BNYB280RF,(Pass-Through Fund),pass-through fund,BNYDC Building 280 Roof,,true
,BNYB292RH,(Pass-Through Fund),pass-through fund,BNYDC Building 292 Rehabilitation,,true
,BNYB3SUBD,(Pass-Through Fund),pass-through fund,BNYDC Building 3 Subdivision,,true
,BNYB50REH,(Pass-Through Fund),pass-through fund,BNYDC Building 50 Rehabilitation,,true
,BNYB5RFGD,(Pass-Through Fund),pass-through fund,BNYDC Building 5 Roof Guards Installation,,true
,BNYB62REH,(Pass-Through Fund),pass-through fund,BNYDC Building 62 Rehabilitation,,true
,BNYB62RFR,(Pass-Through Fund),pass-through fund,BNYDC Building 62 Roof and Facade Rehabilitation,,true
,BNYB772FL,(Pass-Through Fund),pass-through fund,BNYDC Building 77 - Second Floor Storage,,true
,BNYB77CTW,(Pass-Through Fund),pass-through fund,BNYDC Building 77 Cooling Tower Rehabilitation,,true
,BNYB77PSG,(Pass-Through Fund),pass-through fund,BNYDC Building 77 Production Space G,,true
,BNYB92MBE,(Pass-Through Fund),pass-through fund,BNYDC MBE RETAIL PILOTING AT BUILDING 92,,true
,BNYBD132,(Pass-Through Fund),pass-through fund,BNYDC Building 132 Roof Rehabilitation,,true
,BNYBDELEV,(Pass-Through Fund),pass-through fund,BNYDC Elevator Reconstruction and Replacement,,true
,BNYCUNY,(Pass-Through Fund),pass-through fund,BNYDC - CUNY Building 3 7th Floor Buildout,,true
,BNYDCSUBF,(Pass-Through Fund),pass-through fund,BNYDC Con Edison Substation F Upgrade,,true
,BNYDCWELD,(Pass-Through Fund),pass-through fund,BNYDC Welding Lab,,true
,BNYELCMTR,(Pass-Through Fund),pass-through fund,BNYDC Yardwide Building Electric Meters Installation,,true
,BNYFNCLIN,(Pass-Through Fund),pass-through fund,BNYDC Fence Line Restructuring,,true
,BNYHARBOR,(Pass-Through Fund),pass-through fund,BNYDC PS 331 NY Harbor School Trailer Installation,,true
,BNYHITN,(Pass-Through Fund),pass-through fund,BNYDC HITN Eco-Rooftop Production Studio,,true
,BNYINF-BD,(Pass-Through Fund),pass-through fund,BNYDC Infrastructure Building Rehab,,true
,BNYINF-WF,(Pass-Through Fund),pass-through fund,BNYDC Infrastructure Waterfront,,true
,BNYLL11,(Pass-Through Fund),pass-through fund,BNYDC Local Law 11 Compliance - Buildings 3 and 5,,true
,BNYMWBEEI,(Pass-Through Fund),pass-through fund,BNYDC MWBE Equity Incubator,,true
,BNYMWBEFO,(Pass-Through Fund),pass-through fund,BNYDC - MWBE Industrial Space Fit Out Funding,,true
,BNYOPENTR,(Pass-Through Fund),pass-through fund,BNYDC Open Space and Traffic Realignment,,true
,BNYPRATT2,(Pass-Through Fund),pass-through fund,BNYDC Pratt,,true
,BNYRPZBFL,(Pass-Through Fund),pass-through fund,BNYDC Installation of RPZ Backflow Devices,,true
,BNYSPKFIR,(Pass-Through Fund),pass-through fund,BNYDC Sprinkler and Fire Alarm System Upgrades,,true
,BNYSTEAM2,(Pass-Through Fund),pass-through fund,BNYDC Brooklyn STEAM Center BP,,true
,BNYTIFUND,(Pass-Through Fund),pass-through fund,BNYDC Tenant Improvement Fund,,true
,BNYUBFARM,(Pass-Through Fund),pass-through fund,BNYDC Urban Farm Incubator,,true
,BNYUPSTM,(Pass-Through Fund),pass-through fund,BNYDC Above Ground Steam Main,,true
,BPMCBUA,(Completed),completed,Brooklyn Medical Plaza - BPMC Bedford Armory Clinic,,false
,BUSHAHVAC,(Pre-Design),pre-design,Bush - MADE - Building A HVAC,,true
,BUSHMINYR,(Pre-Design),pre-design,Bush - MADE - Roundhouse,,true
,BUSHTCAFE,(On-Hold),on-hold,Bush - MADE - Cafe,,true
,BUSHUNTBD,(On-Hold),on-hold,Bush - MADE - Building D,,true
,BWAYJPACQ,(Real Estate Transaction),real estate transaction,Broadway Junction NYPD Precinct Relocation Acquisition,,true
,C5234A,(Pending),pending,Pier 11 Intermodal Ferry,,true
,C5235,(Completed),completed,East River Ferry Landings,,false
,CANTONBLK,(On-Hold),on-hold,Canton Court Bulkhead Replacement,,true
,CHATHAMSQ,(Pending),pending,Chatham Square Public Realm Improvements,,true
,CIVICHAL2,(Funding Agreement),funding agreement,Civic Hall: AI Applied Innovation Lab,,true
,CMPRENO,(Completed),completed,Chinatown Manpower Project - 4th Floor Renovation,,false
,CPCDRAIN,(Expense),expense,College Point - Drainage Rehab,,true
,CUNYBYSEA,(Completed),completed,Rockaway Streetscape (CUNY by the Sea),,false
,CWFSHOMEP,(Completed),completed,New York City Ferry - Homeport,,false
,DTBKLYNFM,(Completed),completed,Downtown Brooklyn Redevelopment - Fulton Mall,,false
,ECODOCKHC,(Completed),completed,ECO-DOCK AT HALLETS COVE,,false
,EDCDCAS,(Lump Sum),lump sum,EDC-managed New Needs for DCAS,,true
,EDCLUMP,(Lump Sum),lump sum,EDC Lump Sum,,true
,ERIVERSPB,(Completed),completed,East River Science Park - Bellevue Storage,,false
,ERIVERSPS,(Completed),completed,East River Science Park - Street work,,false
,ERVRWALL,(Completed),completed,East River Seawall Rehabilitation (BMB to Pier 16),,false
,ESSEX-C,(Completed),completed,Essex Street Retail Market--Building C,,false
,ESSEX-D,(Pending),pending,Essex Street Retail Market--Building D,,true
,F175-MP36,(Pending),pending,Rehab of Pier 36,,true
,FREIGHT23,(Pre-Design),pre-design,Freight NYC - 23rd Street Basin,,true
,FREIGHTDS,(Pre-Design),pre-design,Freight NYC - Downtown Skyport,,true
,FREIGHTSP,(On-Hold),on-hold,Freight NYC - Rail Transload,,true
,GE-343,(Completed),completed,Replacement of Siphons b/t Brooklyn & SI,,false
,GIF-RPI,(Pass-Through Fund),pass-through fund,Greenlight Innovation Fund-RPI,,true
,GIF-SURGE,(Funding Agreement),funding agreement,Greenlight Innovation Fund-Surge,,true
,GOVISB108,(Pass-Through Fund),pass-through fund,Governors Island - Building 108,,true
,GOVISB110,(Pass-Through Fund),pass-through fund,Governors Island - Building 110 Roof,,true
,GOVISB140,(Pass-Through Fund),pass-through fund,Governors Island - Building 140,,true
,GOVISB301,(Pass-Through Fund),pass-through fund,Governors Island - Building 301 Renovation,,true
,GOVISB324,(Pass-Through Fund),pass-through fund,Governors Island - Building 324 Stabilization,,true
,GOVISBLNP,(Pass-Through Fund),pass-through fund,Governors Island Building Stabilization - Nolan Park,,true
,GOVISBMB2,(Pass-Through Fund),pass-through fund,Governors Island BMB Slip5/6 Pile Cluster&Slip 6/7FenderRack,,true
,GOVISBMBF,(Pass-Through Fund),pass-through fund,Governors Island BMB Fender Racks,,true
,GOVISBMBL,(Pass-Through Fund),pass-through fund,Governors Island BMB Lighting,,true
,GOVISBNP2,(Pass-Through Fund),pass-through fund,Governors Island - Nolan Park Cultural Campus,,true
,GOVISBTRL,(Pass-Through Fund),pass-through fund,Governors Island Trailer Bathroom,,true
,GOVISELE2,(Pass-Through Fund),pass-through fund,Governors Island  Electric Projects,,true
,GOVISESUB,(Pass-Through Fund),pass-through fund,Governors Island - Electrical Substation,,true
,GOVISFCHG,(Pass-Through Fund),pass-through fund,Governors Island - Electric Ferry Rapid Charger,,true
,GOVISLIMA,(Pass-Through Fund),pass-through fund,Governors Island - Lima Pier Reconstruction,,true
,GOVISLND2,(Pass-Through Fund),pass-through fund,Governors Island Infrastructure Improvements,,true
,GOVISNYCX,(Pass-Through Fund),pass-through fund,Governors Island NY Climate Exchange Infrastructure,,true
,GOVISP101,(Pass-Through Fund),pass-through fund,Governors Island - Waterfront Recreation Hub at Pier 101,,true
,GOVISUNUT,(Pass-Through Fund),pass-through fund,Governors Island Underground Utilities,,true
,GOVISWLL2,(Pass-Through Fund),pass-through fund,Governors Island Seawall Rehabilitation,,true
,GOVISWTR2,(Pass-Through Fund),pass-through fund,Governors Island Potable Water System,,true
,GOVISYANK,(Pass-Through Fund),pass-through fund,Governors Island - Yankee Pier,,true
,GROCERY,(Pre-Design),pre-design,Citywide Grocery Stores,,true
,HBMA4501B,(Pending),pending,33rd Street West of 11th Avenue (Hudson Yards),,true
,HEARTLRC,(Funding Agreement),funding agreement,FA - HEARTS Center - Lincoln Recovery Center,,true
,HIGHLINE,(Completed),completed,High Line,,false
,HOMEPORT,(Completed),completed,Homeport Buildings & Infrastructure,,false
,HPAOU2EV,(Pre-Design),pre-design,Hunts Point - Freight Electric Vehicle Charging Hub,,true
,HPMTINFRA,(Pre-Design),pre-design,Hunts Point Marine Terminal Infrastructure Development,,true
,HPPRINGLE,(Pre-Design),pre-design,Hunts Point - Produce Market - Site - Pringle Switch Upgrade,,true
,HUNTSGATE,(Pre-Design),pre-design,Hunts Point - Security Gate,,true
,HWD10214,(Completed),completed,Hudson Sq Streetscape Improvements,,false
,HWKFHAWF,(Pre-Design),pre-design,Hamilton Ave - DOT Asphalt Plant (Waterfront),,true
,HWQ1209,(Pending),pending,Utopia Parkway Safety Improvements & Seawall Repair,,true
,HWQ20AVWF,(Pending),pending,East River Waterfront  - 20th Avenue Street End,,true
,HWQFHRPWF,(Pre-Design),pre-design,Harper St - DOT Asphalt Plant (Waterfront),,true
,INFNEIG-H,(Lump Sum),lump sum,Neighborhood Fund - Hold,,true
,INFRANEIG,(Lump Sum),lump sum,Neighborhood Fund,,true
,INFRASEED,(Lump Sum),lump sum,SEED Fund Lump Sum,,true
,JAMAAECT,(Completed),completed,GDJC - Atlantic Avenue Extension - Construction,,false
,JAMAVE1,(Completed),completed,Jamaica / Metropolitan Avenue Revitalization,,false
,JAMSTATN,(Completed),completed,FA - GJDC Station Plaza,,false
,JAMSUTPHI,(Completed),completed,FA - GJDC Sutphin Underpass,,false
,JULIABURG,(Funding Agreement),funding agreement,1680 Lexington Avenue - Julia De Burgo Latino Cultural Ct.,,true
,KINGBRARM,(Pre-Design),pre-design,Kingsbridge Armory Renovations,,true
,LAMRQGRNT,(Pre-Design),pre-design,La Marqueta - Community Development Grant,,true
,LIGHTHOUS,(Completed),completed,National Lighthouse Museum,,false
,LOWMANHUD,(Completed),completed,East River Waterfront,,false
,LS-BNY303,(Pass-Through Fund),pass-through fund,Center for Planetary Health-BNY Building 303,,true
,LS-C4PH,(Pre-Design),pre-design,Center for Planetary Health,,true
,LS-CCNY1,(Funding Agreement),funding agreement,Life Sciences - City College of New York,,true
,LS-GOTHAM,(Funding Agreement),funding agreement,Gotham Foundry-Materials Science RFEI,,true
,LS-STEM,(Pre-Design),pre-design,New York City Translational Stem Cell Research Facility,,true
,MAIMRE,(Pre-Design),pre-design,Maimonides Park Rehabilitation,,true
,MCTROOFSV,(Pending),pending,MCT Piers & Viaduct Roofs,,true
,MOCADAMUS,(Funding Agreement),funding agreement,FA - Mocada Museum - Construction & Reconstruction,,true
,NDF-EHWF1,(Funding Agreement),funding agreement,NDF - East Harlem SBS Workforce1 Center,,true
,NDF-INWCC,(Funding Agreement),funding agreement,NDF - Inwood Cultural Center,,true
,NDF-LAMAR,(Pre-Design),pre-design,NDF - La Marqueta Redevelopment,,true
,NHARLEMGW,(Pre-Design),pre-design,North Harlem Greenway,,true
,NRELUMP,(Lump Sum),lump sum,Lump Sum - Asset Management,,true
,NYCF34ST,(Pre-Design),pre-design,NYC Ferry - E 34th St Landing Reconstruction,,true
,NYCFEMISS,(Equipment),equipment,NYC Ferry - Vessel Tier IV Emissions Upgrades,,true
,NYCFSHELT,(Pre-Design),pre-design,NYC Ferry - Ferry Point Park Shuttle Shelter,,true
,NYCFSHUTT,(Equipment),equipment,NYC Ferry -  Ferry Point Park Shuttle,,true
,NYCFSWING,(Equipment),equipment,NYC Ferry - Swing Barge,,true
,NYCFTVM,(Equipment),equipment,NYC Ferry - Ticket Validating Machines & Open Loop,,true
,NYSE,(Completed),completed,Financial District Security Improvements,,false
,OFFSHRWND,(Pre-Design),pre-design,Offshore Wind - Development and Manufacturing,,true
,P-102LADY,(Pending),pending,Floating Pool Lady Restoration,,true
,P-209MTPP,(Pending),pending,Mount Prospect Park Improvements,,true
,P-213SCR1,(Pending),pending,Scarangella Park PRB Construction,,true
,P-215SHBS,(Pending),pending,Sheepshead Bay Shoreline Infrastructure Reconstruction,,true
,P-2CIB22H,(Pending),pending,Coney Island Beach and Boardwalk (Phase 1),,true
,P-2GPWB07,(Completed),completed,GPWB - Box Street and Newtown Barge Parks,,false
,P-2GPWB08,(Completed),completed,GPWB - 65 Commercial St Soccer Pk-MTA Reloc. & Park Develop.,,false
,P-2GPWNB,(Completed),completed,GPWB - Newtown Barge Park,,false
,P-301BATW,(Completed),completed,Battery Park - Wharf,,false
,P-307RIVP,(Pending),pending,RIVERSIDE PARK,,true
,P-401AST,(Pre-Design),pre-design,ASTORIA PARK SHORELINE,,true
,P-401HPS,(Pre-Design),pre-design,HUNTERS POINT SOUTH SHORELINE,,true
,P-401RANP,(Pending),pending,RAINEY PARK SHORELINE,,true
,P-410BYR1,(Pending),pending,Edward Byrne Park Playground PRB,,true
,P-6NEWYN1,(Completed),completed,New Yankee Stadium,,false
,PASSSHIP2,(Completed),completed,Passenger Ship Terminal - Cruise Industry Develp.,,false
,PCEMETERY,(Funding Agreement),funding agreement,FA - GJDC Prospect Cemetery Chapel,,true
,PENISUPH1,(Funding Agreement),funding agreement,THE PENINSULA PHASE I,,true
,PIER6PILE,(Completed),completed,Pier 6 Pile Rehabilitation,,false
,PIER90,(Completed),completed,Pier 90 Manhattan Cruise Terminal HVAC Improvements,,false
,PTBKWHMKT,(Pending),pending,Brooklyn Wholesale Meat Market,,true
,PUBLICPLA,(Completed),completed,Public Place Site Work,,false
,PV034GRUV,(Funding Agreement),funding agreement,AMNH - Gilder Center Green Bldg.,,true
,PV050ELMO,(Completed),completed,MMI - New Gallery for Henson Collection,,false
,PV230-ACF,(Funding Agreement),funding agreement,FA - WCS NEW YORK AQUARIUM - Animal Care Facility,,true
,PV264FULT,(Pending),pending,Brooklyn Academy of Music (BAM),,true
,PV264HART,(Completed),completed,Brooklyn Academy of Music (BAM),,false
,PV467M125,(Pre-Design),pre-design,Mart 125 Development,,true
,PV503FACD,(Funding Agreement),funding agreement,CH - CARNEGIE HALL Historic Facade Restoration,,true
,PWDSIBPCT,(Funding Agreement),funding agreement,Van for the Staten Island Borough President's Clean Team --,,true
,QNSPLJACK,(Completed),completed,Long Island City-Jackson Ave,,false
,QWESTC,(On-Hold),on-hold,Hunters Point South Phase II,,true
,REDHOOKDE,(Pre-Design),pre-design,Red Hook Development,,true
,ROOSEOPER,(Funding Agreement),funding agreement,Roosevelt Island Operating Corp - Blackwell House,,true
,SAND1113,(Completed),completed,HHC FEMA PMP BELLEVUE EXISTING VERTICAL TRANSPORTATION,,false
,SAND2601C,(Completed),completed,CIH: RELOCATE OUTPATIENT RADIOLOGIC IMAGING SERVICES,,false
,SAND6701,(Completed),completed,COLER : DESIGN & CONSTRUCTION FOR NEW GENERATOR,,false
,SANDB3416,(Pass-Through Fund),pass-through fund,Sandy - BNYDC - PW 3416 - Berth 6 Concrete Slab,,true
,SANDB4123,(Pass-Through Fund),pass-through fund,Sandy - BNYDC - PW 4123 Rehabilitation,,true
,SANDB4269,(Pass-Through Fund),pass-through fund,BNYDC Sandy - PW 4269 - B270 Boilers,,true
,SANDB4270,(Pass-Through Fund),pass-through fund,Sandy - BNYDC - PW 4270 - BNYDC SITE-WIDE CONDUIT - PAAP,,true
,SANDB4271,(Pass-Through Fund),pass-through fund,Sandy - BNYDC - PW 4271 - Substations No. 292 and No. 542,,true
,SANDB4272,(Pass-Through Fund),pass-through fund,"Sandy - BNYDC - PW 4272 - Berths 8, 8A",,true
,SANDB4273,(Pass-Through Fund),pass-through fund,Sandy - BNYDC - PW 4273 - Steam Back-Up Plant - Bldg #41A,,true
,SANDB4274,(Pass-Through Fund),pass-through fund,Sandy - BNYDC - PW 4274 - Dry Dock 1,,true
,SANDB4275,(Pass-Through Fund),pass-through fund,Sandy - BNYDC - PW 4275 - SUB STATION G BUILDING 386,,true
,SANDB4307,(Pass-Through Fund),pass-through fund,Sandy - BNYDC - PW 4307 Substation B,,true
,SANDB4388,(Pass-Through Fund),pass-through fund,Sandy - BNYDC - PW 4388 - Boiler Replacement,,true
,SANDB4582,(Pass-Through Fund),pass-through fund,"Sandy - BNYDC - PW 4582 - BERTH 9,9A",,true
,SANDB4583,(Pass-Through Fund),pass-through fund,Sandy - BNYDC - PW 4583 - BERTH 10 & 10A,,true
,SANDBNYAM,(Pass-Through Fund),pass-through fund,Sandy - BNYDC Hurricane Sandy Asset Management Repairs,,true
,SANDBNYEC,(Pass-Through Fund),pass-through fund,Sandy - BNYDC Hurricane Sandy Electrical Repairs,,true
,SANDBNYWF,(Pass-Through Fund),pass-through fund,Sandy - BNYDC Hurricane Sandy Waterfront Repair,,true
,SANDEDCG5,(Pre-Design),pre-design,Tompkinsville Esplanade - FEMA 428 Group 5,,true
,SANDHOME,(Pre-Design),pre-design,Repairs to Homeport as a result of Hurricane Sandy,,true
,SANDSMC,(On-Hold),on-hold,Hurricane Sandy - Saw Mill Creek Marsh Restoration,,true
,SANDTGI,(Pass-Through Fund),pass-through fund,Governors Island Hurricane Sandy Repairs,,true
,SANDTGIBM,(Pass-Through Fund),pass-through fund,Governors Island - Hurricane Sandy BMB Repair,,true
,SANDTGIEL,(Pass-Through Fund),pass-through fund,Governors Island - Hurricane Sandy Electrical Repairs,,true
,SANDTWOBR,(Pending),pending,CITYWIDE RESILENCY MEASURES-Lower Manhattan Two Bridges SIRR,,true
,SANDYNYA,(Funding Agreement),funding agreement,WCS - New York Aquarium Sandy Renovation,,true
,SBMTAUTO,(Completed),completed,SBMT - Axis,,false
,SBMTBKHD,(Completed),completed,South Brooklyn Marine Terminal - 39th St. Bulkhead,,false
,SBSRELOCA,(Completed),completed,SBS FY18 Relocation to 1 Liberty Plaza,,false
,SEAVIEW,(Funding Agreement),funding agreement,FA - Seaview Senior Housing - Met Council,,true
,SEEDESPL,(Pre-Design),pre-design,LIC: SEED - 4-Party Esplanade,,true
,SEED-JNP,(Lump Sum),lump sum,JNP: Lump Sum,,true
,SEED-LICL,(Lump Sum),lump sum,LIC: Lump Sum,,true
,SEEDVERN,(Pre-Design),pre-design,LIC: SEED NYCPS Vernon Building & Waterfront Site,,true
,SHEEPBULK,(Completed),completed,Sheepshead Bay Bulkhead,,false
,SIRRAIL,(Completed),completed,Staten Island Railroad Arlington Yard & Travis Extension,,false
,SIRRBRDG,(Completed),completed,Staten Island Railroad- Bridges & Trestles,,false
,SIYDRAIN,(Pending),pending,Staten Island Yankees Roadway Drainage,,true
,SKYPORT,(Pre-Design),pre-design,Skyport Garage and Marina Rehabilitation,,true
,STHMARINE,(Completed),completed,South Brooklyn Marine Terminal,,false
,SUNSETPAR,(Completed),completed,Sunset Park Waterfront Redevelopment,,false
,VETMEM,(Pending),pending,Post 9/11 Veterans Memorial,,true
,W125THST,(Completed),completed,West 125th Street Garage,,false
,W125TRANS,(Completed),completed,West 125th Street/Manhattanville,,false
,WATERLUMP,(Lump Sum),lump sum,Lump Sum - Waterfront Improvements,,true
,WCSNONPW,(Funding Agreement),funding agreement,WCS - NYA Sandy Renovation Non FEMA Eligible,,true
,WHARLMPK,(On-Hold),on-hold,West Harlem Piers Park,,true
,WHARLMPRN,(Pre-Design),pre-design,West Harlem Piers Renovation,,true
,WHITEPLRD,(Pending),pending,White Plains Road BID,,true
,WILLETPH2,(Funding Agreement),funding agreement,FA - Willets Point Phase 2,,true
,WILLETS23,(Funding Agreement),funding agreement,Willets Point Redevelopment - Relocation Services,,true
,WILLETSEN,(Completed),completed,Willets Point Environmental,,false
,WILLTFAON,(Funding Agreement),funding agreement,FA - Willet's Point Onsite Infrastructure,,true
,YANKDEMO,(Completed),completed,Yankee Stadium Project,,false
4,BATRPZDEP,(Completed),completed,BAT Campus RPZ,2026-06-30T00:00:00.000,false
5,BATBEYOND,Close-out,close-out,BAT Building A Phase V Ground Floor Activation (Phase 1),2024-10-21T00:00:00.000,true
6,BAT4LAN,Close-out,close-out,BAT Pier 4 Ferry Landing Upgrades,2026-12-31T00:00:00.000,true
7,NDF-IBMOD,Construction,construction,ENY Industrial Interior /exterior building improvements,2026-12-01T00:00:00.000,true
9,RCBBALLPK,Construction,construction,SI Minor League Stadium Seating (Phase 2 and Phase 3),2026-12-01T00:00:00.000,true
10,911MEMOR,Close-out,close-out,9/11 Memorial Electrical upgrades and landscaping,2026-06-09T00:00:00.000,true
13,HWRLASEWF,Construction Procurement,construction procurement,Lipsett Avenue Street End,2027-05-14T00:00:00.000,true
14,SANDR2BRG,Construction,construction,FTA  - Flex Barges,2027-06-30T00:00:00.000,true
15,SANDRLE34,Close-out,close-out,FTA - E34th Improvements,2026-02-27T00:00:00.000,true
17,WLPIER7,Construction Procurement,construction procurement,Bush Terminal Pier 7 Demolition,2028-02-29T00:00:00.000,true
18,ARTHURAVE,Construction,construction,Arthur Avenue Market Renovation,2026-12-01T00:00:00.000,true
20,PIER36,Construction Procurement,construction procurement,Pier 36 Topside Deck Repairs and Substructure Rehabilitation,2029-07-31T00:00:00.000,true
20,PIER36STR,Construction Procurement,construction procurement,Pier 36 Topside Deck Repairs and Substructure Rehabilitation,2029-07-31T00:00:00.000,true
20,PIERS35N6,Construction Procurement,construction procurement,Pier 36 Topside Deck Repairs and Substructure Rehabilitation,2029-07-31T00:00:00.000,true
21,WLPMCTPH4,Construction Procurement,construction procurement,MCT Substructure Rehabilitation Phase IV,2027-09-08T00:00:00.000,true
22,STUYBULK2,Close-out,close-out,Stuyvesant Cove Bulkhead Rehabilitation,2024-12-31T00:00:00.000,true
24,HUNTSFISH,Construction,construction,HPFFM Fire Alarm Modifications & Trench Drain Replacement,2032-11-20T00:00:00.000,true
26,SANDHPRX2,Construction,construction,600 Food Center Drive- Hunts Point Resiliency (HPER) Emergency Generator,2026-09-01T00:00:00.000,true
26,SANDHPRXD,Construction,construction,600 Food Center Drive- Hunts Point Resiliency (HPER) Emergency Generator,2026-09-01T00:00:00.000,true
28,P-3ERE22J,Design,design,107th Street Pier and Bobby Wagner Walk Reconstruction,2029-05-31T00:00:00.000,true
29,P-309RVP2,Construction Procurement,construction procurement,79th Street Boat Basin,2028-12-31T00:00:00.000,true
29,SAND79BAS,Construction Procurement,construction procurement,79th Street Boat Basin,2028-12-31T00:00:00.000,true
30,NDF-NWOOD,Design,design,Academy Street and North Cove,2030-06-30T00:00:00.000,true
31,P-2GPWBOX,Construction Procurement,construction procurement,Box Street / Newtown Barge Parks,2029-12-31T00:00:00.000,true
32,PV471SWA2,Construction,construction,Bronx Museum of the Arts,2026-10-31T00:00:00.000,true
33,BKBRESP,Close-out,close-out,Brooklyn Bridge Esplanade,2026-03-01T00:00:00.000,true
34,BUSHDEVSP,Pre-Design,pre-design,Bush Terminal 39/40 & 45 Development Site Preparation,,true
35,BUSHUTIL,Construction,construction,"Bush Terminal Made in NY (MiNY) – Site Improvements (Waterfront,Streetscapes,& Utility Infrastructure)",2026-09-01T00:00:00.000,true
37,HWQ187A,Close-out,close-out,College Point - 132nd Street - Linden Place Extension,2025-06-15T00:00:00.000,true
38,CONEYWEST,Close-out,close-out,Coney West,2025-06-30T00:00:00.000,true
39,PV467-BEY,Design,design,DCLA - Percent For Art - Monuments,2028-12-31T00:00:00.000,true
39,PV467-PCT,Design,design,DCLA - Percent For Art - Monuments,2028-12-31T00:00:00.000,true
40,GREEN,Close-out,close-out,DEP Green Infrastructure,2024-12-31T00:00:00.000,true
40,GXHP07-02,Close-out,close-out,DEP Green Infrastructure,2024-12-31T00:00:00.000,true
41,HL82PHL,Close-out,close-out,DOH Public Health Lab Relocation,2025-12-31T00:00:00.000,true
42,PV264CINE,Close-out,close-out,Downtown Brooklyn Cultural District (DBCD) South Site Development,2024-05-31T00:00:00.000,true
42,PV467SOST,Close-out,close-out,Downtown Brooklyn Cultural District (DBCD) South Site Development,2024-05-31T00:00:00.000,true
42,PV467STFO,Close-out,close-out,Downtown Brooklyn Cultural District (DBCD) South Site Development,2024-05-31T00:00:00.000,true
43,SANDG1HP,Construction,construction,FEMA 428 - Homeport Resiliency Projects,2027-05-27T00:00:00.000,true
43,SANDG1HS,Construction,construction,FEMA 428 - Homeport Resiliency Projects,2027-05-27T00:00:00.000,true
46,SAND3705,Close-out,close-out,H+H Metropolitan Hospital,2024-11-21T00:00:00.000,true
47,SAND2605,Close-out,close-out,HHC FEMA - Coney Island Hospital,2025-12-31T00:00:00.000,true
48,P-3HIGHLL,Close-out,close-out,High Line Improvement Fund Projects,2025-12-31T00:00:00.000,true
49,NYCFHP2,Construction,construction,Homeport II,2027-09-30T00:00:00.000,true
50,SANDBATTR,Construction,construction,LMCR- Battery,2027-09-30T00:00:00.000,true
51,LCNPARK,Construction,construction,Lower Concourse Initiative,2026-09-15T00:00:00.000,true
51,SWBXINFRA,Construction,construction,Lower Concourse Initiative,2026-09-15T00:00:00.000,true
51,SWBXLCN,Construction,construction,Lower Concourse Initiative,2026-09-15T00:00:00.000,true
52,NDF-3HRGL,Construction,construction,Manhattan Greenway - Harlem River,2029-04-03T00:00:00.000,true
52,P-3HRP132,Construction,construction,Manhattan Greenway - Harlem River,2029-04-03T00:00:00.000,true
53,AHGREEN,Close-out,close-out,Manhattan Greenway East Midtown/Andrew Haswell Green,2024-12-31T00:00:00.000,true
53,MANHGREEN,Close-out,close-out,Manhattan Greenway East Midtown/Andrew Haswell Green,2024-12-31T00:00:00.000,true
54,HOMEPORT2,Construction,construction,New Stapleton Waterfront Phase 2 & 3,2027-12-31T00:00:00.000,true
54,SANDSIHP2,Construction,construction,New Stapleton Waterfront Phase 2 & 3,2027-12-31T00:00:00.000,true
55,SAND3705,Close-out,close-out,NYC Health and Hospitals Metropolitan Hospital,2024-11-21T00:00:00.000,true
56,CWFSBARGE,Construction Procurement,construction procurement,NYCF Hunters Point South,2028-12-31T00:00:00.000,true
56,NYCFBARGE,Construction Procurement,construction procurement,NYCF Hunters Point South,2028-12-31T00:00:00.000,true
57,LNEA16PRT,Close-out,close-out,NYPL Carnegie - Port Richmond,2024-12-31T00:00:00.000,true
58,LNEA16125,Close-out,close-out,NYPL Carnegie- 125th Street,2024-06-30T00:00:00.000,true
59,LNEA16FWT,Close-out,close-out,NYPL Carnegie- Fort Washington,2024-12-30T00:00:00.000,true
60,LNEA16HPT,Close-out,close-out,NYPL Carnegie- Hunt’s Point,2024-06-24T00:00:00.000,true
61,LNEA16MLR,Close-out,close-out,NYPL Carnegie- Melrose,2024-12-31T00:00:00.000,true
62,P-1ORCHPA,Construction,construction,Orchard Beach Pavilion Reconstruction,2026-12-31T00:00:00.000,true
63,PIER42CNT,Close-out,close-out,Pier 42 Park,2024-03-31T00:00:00.000,true
64,RAISESHOR,Construction,construction,Raise Shorelines Citywide,2031-12-31T00:00:00.000,true
64,RS-CIC,Construction,construction,Raise Shorelines Citywide,2031-12-31T00:00:00.000,true
64,RS-PH1,Construction,construction,Raise Shorelines Citywide,2031-12-31T00:00:00.000,true
64,TRAVLIFT,Construction,construction,Raise Shorelines Citywide,2031-12-31T00:00:00.000,true
64,TRAVSIDEW,Construction,construction,Raise Shorelines Citywide,2031-12-31T00:00:00.000,true
65,SANDHWMO,Construction,construction,Reconstruction of Water Street,2027-04-30T00:00:00.000,true
65,WATERST,Construction,construction,Reconstruction of Water Street,2027-04-30T00:00:00.000,true
66,REDHOOK,Construction,construction,Red Hook Library,2026-10-23T00:00:00.000,true
67,SOLAR2,Close-out,close-out,Solar 2 Facility Construction,2025-12-31T00:00:00.000,true
68,JAMSTPLZ,Construction Procurement,construction procurement,Station Plaza,2028-11-01T00:00:00.000,true
69,SNSTFRGH2,Close-out,close-out,Sunset Park Infrastructure,2025-12-31T00:00:00.000,true
70,NDF-TOMPK,Construction,construction,Tompkinsville Esplanade and Pier,2027-12-29T00:00:00.000,true
70,SANDG4DOC,Construction,construction,Tompkinsville Esplanade and Pier,2027-12-29T00:00:00.000,true
71,DTBKWSPK,Close-out,close-out,Willoughby Square Open Space,2024-05-01T00:00:00.000,true
2658,BUSHUNTAC,Close-out,close-out,Bush Terminal Made in NY (MiNY) – Unit A & C Rehab.,2024-12-31T00:00:00.000,true
4717,PV463ABC2,Construction,construction,ABC No Rio,2026-08-07T00:00:00.000,true
4718,HBGRWESPN,(On-hold),on-hold,UN Esplanade,2028-12-01T00:00:00.000,true
4719,P-2BUSHDE,Close-out,close-out,CitiStorage,2025-01-13T00:00:00.000,true
4720,P-4QNSWAY,Construction Procurement,construction procurement,QueensWay Phase 1 - Met Hub,2028-09-01T00:00:00.000,true
4721,WLPIER6,Construction,construction,Bush Terminal Pier 6,2027-06-01T00:00:00.000,true
5526,MOOREROOF,Construction Procurement,construction procurement,Moore Street Market Improv.,2028-12-01T00:00:00.000,true
5527,PIER4,Construction Procurement,construction procurement,BAT Pier 4 Substructure Rehabilitation,2026-12-31T00:00:00.000,true
5528,SIBULK,Construction,construction,Staten Island Esplanade Emergency Bulkhead Repair,2026-12-31T00:00:00.000,true
5529,8890PHA3,(Completed),completed,Piers 88 & 90 Cluster Encapsulation Project Phase 3,2026-05-31T00:00:00.000,false
5530,PIER94ENC,Construction,construction,MCT Pier 94 Substructure Rehabilitation,2028-03-09T00:00:00.000,true
5531,34STHELI,Construction,construction,East 34th Street Heliport Substructure Rehabilitation,2027-09-01T00:00:00.000,true
5533,SANDRBCT,Design,design,Ferry Landings Resilience Upgrades - BCT,2028-08-11T00:00:00.000,true
5534,600FCDRNV,Construction,construction,600 FCD - Facade and Paving,2029-12-31T00:00:00.000,true
5535,EDXHPGEN,Construction,construction,Hunts Point Meat Market Capital Improvements,2033-05-30T00:00:00.000,true
5535,HPBOILER,Construction,construction,Hunts Point Meat Market Capital Improvements,2033-05-30T00:00:00.000,true
5535,HPCMFRIDG,Construction,construction,Hunts Point Meat Market Capital Improvements,2033-05-30T00:00:00.000,true
5535,HUNTMEAT2,Construction,construction,Hunts Point Meat Market Capital Improvements,2033-05-30T00:00:00.000,true
5536,SANDG3BAT,Construction Procurement,construction procurement,BAT FEMA 428 South Brooklyn Resiliency Projects (B.A.T & Bush Terminal),2027-12-31T00:00:00.000,true
5537,HWQBCH6WF,Design,design,Beach 6th and Beach 8th Street Ends Rehabilitation,2026-12-20T00:00:00.000,true
5537,HWQBCH8WF,Design,design,Beach 6th and Beach 8th Street Ends Rehabilitation,2026-12-20T00:00:00.000,true
5538,P79MBR,Close-out,close-out,Pier 79 South to Middle Main Barge Rehabilitation,2025-07-01T00:00:00.000,true
5539,PIER79REH,Close-out,close-out,Pier 79 Float to Barge Rehabilitation,2025-07-01T00:00:00.000,true
5803,BROADWAYJ,Design,design,Broadway Junction-Van Sinderen streetscape improvements,2031-12-31T00:00:00.000,true
5803,SEEDVANST,Design,design,Broadway Junction-Van Sinderen streetscape improvements,2031-12-31T00:00:00.000,true
5804,SPARCCUNY,Design,design,Brookdale,2030-11-30T00:00:00.000,true
5805,P-200PPE1,Construction,construction,Prospect Park Vale,2027-09-01T00:00:00.000,true
5805,P-200PPL1,Construction,construction,Prospect Park Vale,2027-09-01T00:00:00.000,true
5805,P-200PPU1,Construction,construction,Prospect Park Vale,2027-09-01T00:00:00.000,true
5806,P-109SVSK,Construction Procurement,construction procurement,Bronx Pk Skate Pk,2027-03-30T00:00:00.000,true
5806,P-111BXSK,Construction Procurement,construction procurement,Bronx Pk Skate Pk,2027-03-30T00:00:00.000,true
5806,P-208BRSK,Construction Procurement,construction procurement,Bronx Pk Skate Pk,2027-03-30T00:00:00.000,true
5807,LMCRFIDI,(On-hold),on-hold,FIDI Seaport resilient waterfront,2028-12-31T00:00:00.000,true
5808,INWDGRWAY,(On-hold),on-hold,Inwood Greenway,2028-11-01T00:00:00.000,true
5809,HPPRODUCE,Pre-Design,pre-design,Hunts Point Produce Market,,true
5809,HUNTSPROD,Pre-Design,pre-design,Hunts Point Produce Market,,true
5810,CONEYWIRD,Design,design,Coney West - Abe Stark Ice Rink Demolition & Redevelopment,2029-06-30T00:00:00.000,true
7282,BKCRUISE,Construction Procurement,construction procurement,Brooklyn Cruise Terminal Substructre Rehab,2027-04-23T00:00:00.000,true
7283,BUSHMINYC,Construction Procurement,construction procurement,Bush - MADE - Building C,2028-08-28T00:00:00.000,true
7285,HWQ102WF,Pre-Design,pre-design,102nd Street Waterfront - Hawtree Basin,,true
7286,HWQSHORWF,Pre-Design,pre-design,Shore Road Waterfront - Kenmore Road to Grosvenor Street,,true
7287,NYCFACCES,(Cancelled),cancelled,NYC Ferry - SOGR - Landing Assessment and Upgrades,,false
7288,PIER12PH2,Pre-Design,pre-design,Brooklyn Cruise Terminal Pier 12 Substructure Rehab phase2,,true
7289,SANDCD15,Construction Procurement,construction procurement,PIER 36 ELECTRICAL CONDUIT,2027-06-20T00:00:00.000,true
7290,SANDCD9,Construction procurement,construction procurement,HARBOR CHARLIE,2027-02-23T00:00:00.000,true
7291,SANDRLLIC,Design,design,FA Resiliency - LIC Gantry State Park,2026-12-15T00:00:00.000,true
7292,SBMTOSW,Construction,construction,SBMT Offshore Wind,2026-09-30T00:00:00.000,true
7293,SBMTSIM,Design,design,South Brooklyn Marine Terminal - Sims Electrical Upgrades,2030-12-01T00:00:00.000,true
7294,SEEDPIER1,(Lump Sum),lump sum,SI Pier 1 Rehabilitation SEED Funding,2028-05-15T00:00:00.000,true
7294,SIPIER1RE,Design,design,SI Pier 1 Rehabilitation SEED Funding,2028-05-15T00:00:00.000,true
7295,STGEOREBP,Design,design,St. George Esplanade Renovations,2028-05-31T00:00:00.000,true
7296,WLBKWSMM,Design,design,BROOKLYN WHOLESALE MEAT MARKET,2028-01-18T00:00:00.000,true
7297,P79ROOFRP,Design,design,Pier 79 Roof Repair,2028-06-01T00:00:00.000,true
7298,HWKBCCTWF,Pre-Design,pre-design,Beacon Court Waterfront Street End,,true
7299,HWKDAREWF,Pre-Design,pre-design,Plumb Beach Channel Waterfront - Dare Court Street End,,true
7300,HWKFANEWF,Pre-Design,pre-design,Shell Bank Creek - Fane Court Street End,,true
7301,NYCFBAYRI,Pre-Design,pre-design,NYC Ferry - SOGR - Bay Ridge Landing,,true
7302,NYCFNOWIL,Pre-Design,pre-design,NYC Ferry - SOGR - North Williamsburg Landing,,true
7303,NYCFROCKA,Pre-Design,pre-design,NYC Ferry - SOGR - Rockaway Landing,,true
7304,NYCFROOSE,Pre-Design,pre-design,NYCF- Roosevelt Island Rehabilitation,,true
7305,SLIPEBARG,Design,design,Slip E Barge Replacement,2027-07-01T00:00:00.000,true
7306,WLBKWSMM,Pre-Design,pre-design,BROOKLYN WHOLESALE MEAT MARKET,,true
7354,FUTURE5TH,Design,design,Future of Fifth project,2031-01-30T00:00:00.000,true
7355,LN26SEWCR,(Transferred),transferred,NYPL - Seward Park,2027-06-01T00:00:00.000,true
7356,BALLPKIMP,(On-hold),on-hold,SIUH Ballpark Capital Improvements,2026-11-01T00:00:00.000,true
7357,HP-FOOD,Design,design,Hunts Point - Resiliency - Food Security Mitigation - Design,2030-03-15T00:00:00.000,true
7358,HUNTSAOU2,Pre-Design,pre-design,Hunts Point - Site - A Operable Unit 2 and Building G Design,,true
7359,BATAGFLA,Construction Procurement,construction procurement,BAT Building A Phase V - Ground FI Activation - Part 2,2027-10-29T00:00:00.000,true
7360,BATAIMPS,Construction,construction,BAT Building A Improvements (4th Fl & RTUs),2026-12-30T00:00:00.000,true
7361,BATAPH6RE,Construction,construction,BAT Building A Phase VI Redevelopment,2028-08-06T00:00:00.000,true
7362,BATBIMPRV,Design,design,BAT Building B Fire Alarm Upgrades,2028-09-29T00:00:00.000,true
7363,BATBIMPS,Construction,construction,BAT Building B Improvements (Boilers & RPZs),2027-04-30T00:00:00.000,true
7364,BATCIHLC,Design,design,BATWorks,2028-09-22T00:00:00.000,true
7365,BATENVEL,Construction,construction,BAT Building A  Envelope Repairs,2027-10-31T00:00:00.000,true
7366,BATIMPRO,Construction,construction,BAT Building B Elevator Improvements,2027-12-31T00:00:00.000,true
,ACEFDN231,(Pending),pending,Building Automation Controls at EC276,,true
,ACEFDN902,(Completed),completed,FDNY - 7 FDNY Fire Houses Upgrade,,false
,F175CHL20,(Pending),pending,Chiller replacement - LC20,,true
,F175CHM14,(Pending),pending,Chimney Restoration - EC14,,true
,F175DRMC6,(Pending),pending,Overhead Door - MC-6 Safety Battalion,,true
,F175-EC65,(Pending),pending,Engine Company  65 Renovation,,true
,F175FMUSM,(Pending),pending,Renovation at Fire Museum,,true
,F175HBKCO,(Pending),pending,New HVAC Compressors - Brooklyn CO.,,true
,F175RF161,(Completed),completed,ROOF AND WATERPROOFING - EC161,,false
,F175RF264,(Pending),pending,Roof and Waterproofing Project - EC264,,true
,F175RTU45,(Pending),pending,RTU replacement -EMS45,,true
,F175SE263,(Pending),pending,Sewer line replacement - EC263,,true
,F175TPE45,(Pending),pending,Trenches and pavement restoration at EC 45,,true
,F175UPSCO,(Pending),pending,Uninterruptible Power Supply (UPS) replacement at the 5 COs,,true
,F175WE291,(Pending),pending,Exterior and Interior Renovations - EC291,,true
,F175WS270,(Pending),pending,Water Service Relay - SQ270,,true
,F1GAZ2601,(Pending),pending,Gazebo - Manhole project on Meeker avenue & McGuiness Blvd,,true
,F204CLEAR,(Pending),pending,Clearspan Building at Randall's Island,,true
,F204CMPRS,(Pending),pending,MSU Compressors project,,true
,F204-DEMO,(Pending),pending,FORT TOTEN DEMOLITION,,true
,F204FT420,(Pending),pending,Fort Totten  Building 420 Renovation,,true
,F204FTGAS,(Pending),pending,Fort Totten Natural Gas project,,true
,F204PPANE,(Pending),pending,Propane gas lines replacement at Randalls Island,,true
,F204RAND1,(Pending),pending,Dry Pipe System Replacement  - RI Bldg#1,,true
,F204RAND9,(Pending),pending,Randall's Island Building 9 Sewer Service,,true
,F204RF333,(Pending),pending,Roofing replacement at  Fort Totten Building # 333,,true
,FD175D270,(Pending),pending,OVERHEAD DOOR REPLACEMENT -SQ 270,,true
,FD175DRS3,(Cancelled),cancelled,SPEED DOOR - EMS STATION 3,,false
,FD175DRS4,(Cancelled),cancelled,SPEED DOOR - EMS STATION 4,,false
,FD175DRS8,(Cancelled),cancelled,SPEED DOOR - EMS STATION 8,,false
,FD175DS20,(Cancelled),cancelled,SPEED DOOR - EMS STATION 20,,false
,FD175DS32,(Cancelled),cancelled,SPEED DOOR - EMS STATION 32,,false
,FD175DS47,(Cancelled),cancelled,SPEED DOOR  - EMS STATION 47,,false
,FD175G301,(Pending),pending,GENERATOR - EC 301,,true
,FD175M156,(Pending),pending,MULTI COMPONENT RENOVATIONS - EC 156,,true
,FD175M329,(Pending),pending,MULTI COMPONENT RENOVATIONS - EC 329,,true
,FD175MB95,(Pending),pending,Water Main Break Replacement - EC95,,true
,FD175MC62,(Pending),pending,MULTI COMPONENT RENOVATIONS - EC 62,,true
,FD175MC96,(Pending),pending,MULTI COMPONENT RENOVATIONS - EC 96,,true
,FD175WHZT,(Pending),pending,WINDOWS REPLACEMENT - HAZMAT OPERATION BUILDING AT RANDALLS,,true
,FR175G166,(Completed),completed,Generator - EC166,,false
,SEED-EC72,(Pending),pending,BMN EC72 - Exterior Restoration and  Waterproofing,,true
3400,SANDHM266,Design,design,HURRICANE SANDY HAZMAT MITIGATION - EC266,2028-03-30T00:00:00.000,true
3402,SANDHMES4,Design,design,HURRICANE SANDY HAZMAT MITIGATION - EMS 4 STATION,2028-03-30T00:00:00.000,true
3405,ACEFDN202,Construction Procurement,construction procurement,FDNY - PV Installation at 4 Facilities,2027-12-31T00:00:00.000,true
3406,F175CHILL,Construction Procurement,construction procurement,Chiller replacement at Bronx and Queens CO s,2027-12-31T00:00:00.000,true
3407,F175EC287,Construction,construction,Engine Company 287,2027-01-14T00:00:00.000,true
3408,F175EMS4M,Design,design,MULTI COMPONENT RENOVATIONS - EMS 4,2028-03-30T00:00:00.000,true
3409,F175EMS58,Construction Procurement,construction procurement,EMS 58 Construction,2028-11-30T00:00:00.000,true
3410,F175FASBK,Design,design,Fire Alarm System at Brooklyn CO,2026-10-31T00:00:00.000,true
3411,F175FE163,Design,design,APPARATUS FLOOR - EC163,2028-02-28T00:00:00.000,true
3412,F175FE221,Design,design,APPARATUS FLOOR - EC221,2028-05-31T00:00:00.000,true
3413,F175FE260,Construction,construction,APPARATUS FLOOR - EC260,2027-02-15T00:00:00.000,true
3414,F175FE294,Construction,construction,APPARATUS FLOOR - EC294,2028-01-01T00:00:00.000,true
3416,F175FMHVC,Construction,construction,FLEET MAINTENANCE HVAC SYSTEM UPGRADE,2026-12-31T00:00:00.000,true
3417,F175KIT42,Construction,construction,KITCHEN REPLACEMENT - EC42,2026-10-31T00:00:00.000,true
3418,F175KTE22,(Completed),completed,KITCHENT RENOVATION - EC22,2025-02-28T00:00:00.000,false
3419,F175MC152,Pre-Design,pre-design,Multi-Component Renovations - EC152,,true
3420,F175MC153,Construction,construction,Multi-Component Renovations - EC153,2026-12-31T00:00:00.000,true
3421,F175MC159,Close-out,close-out,Multi-Component Renovations - EC159,2026-01-30T00:00:00.000,true
3423,F175MC266,(On-hold),on-hold,Multi-Component Renovations - EC266,2027-12-30T00:00:00.000,true
3424,F175MC304,Design,design,Multi-Component Renovations - EC304,2028-02-01T00:00:00.000,true
3425,F175MC307,(On-hold),on-hold,Multi-Component Renovations - EC307,2028-01-01T00:00:00.000,true
3426,F175MCE33,(On-hold),on-hold,Multi-Component Renovations - EC33,,true
3427,F175MCE74,Close-out,close-out,Multi-Component Renovations - EC74,2024-03-30T00:00:00.000,true
3428,F175MCE91,(Withdrawn),withdrawn,Multi-Component Renovations - EC91,,true
3431,F175WN266,Construction Procurement,construction procurement,WINDOW REPLACEMENT - EC266,2027-02-28T00:00:00.000,true
3433,F175WP301,Construction,construction,Waterproofing - EC301,2026-10-31T00:00:00.000,true
3434,F175WP303,Close-out,close-out,Waterproofing - EC303,2026-12-31T00:00:00.000,true
3435,F175WP325,(Completed),completed,Roofing and Waterproofing - EC325,2025-11-30T00:00:00.000,false
3437,F175WU299,(Completed),completed,Cellar Reconstruction - EC299,2025-11-30T00:00:00.000,false
3438,F175XIN82,Construction,construction,Exterior and Interior Renovations - EC 82,2026-10-31T00:00:00.000,true
3442,F204TRAN1,Design,design,Randall's Island Utility Upgrade,2029-09-30T00:00:00.000,true
3443,F204TRAN2,Construction,construction,Fort Totten EVOC Course Renovation,2026-03-01T00:00:00.000,true
3444,F204TRAN3,Design,design,Fort Totten Building 318/332 Renovations,2029-03-30T00:00:00.000,true
3450,FD175G153,Construction,construction,Generator - EC153,2026-12-01T00:00:00.000,true
3451,FD175G161,Construction,construction,Generator  - EC161,2026-09-30T00:00:00.000,true
3455,FD175G246,(Completed),completed,Generator  - EC246,2026-01-15T00:00:00.000,false
3459,FD175G295,Design,design,Generator  - EC295,2028-12-01T00:00:00.000,true
3460,FD175G307,Design,design,Generator  - EC307,2028-04-15T00:00:00.000,true
3461,FD175GE16,Construction,construction,Generator  - EC16,2027-03-01T00:00:00.000,true
3462,FD175GE40,Construction,construction,Generator  - EC40,2026-12-21T00:00:00.000,true
3463,FD175GE74,Close-out,close-out,Generator  - EC74,2024-03-30T00:00:00.000,true
3464,FD175GE89,Construction,construction,Generator  - EC89,2026-11-30T00:00:00.000,true
3465,FD175GE95,Construction,construction,Generator  - EC95,2026-12-31T00:00:00.000,true
3467,FD175GE96,Construction,construction,Generator - EC96,2027-02-28T00:00:00.000,true
3468,FD175K221,Design,design,KITCHENT RENOVATION - EC221,2028-12-30T00:00:00.000,true
3469,FD175K316,(On-hold),on-hold,KITCHENT RENOVATION - EC316,,true
3470,FD175KT96,Construction Procurement,construction procurement,KITCHEN - EC96,2027-12-31T00:00:00.000,true
3474,FD175WN22,(Completed),completed,Windown Replacement - EC22,2025-03-31T00:00:00.000,false
3476,FD175WN28,(Completed),completed,Window Replacement - EC28,2025-11-30T00:00:00.000,false
3480,FQ175G260,Construction,construction,Generator - EC260,2027-02-15T00:00:00.000,true
3482,FQ175K307,Design,design,KITCHEN RENOVATION - EC307,2028-04-15T00:00:00.000,true
3483,FX175GE42,Construction,construction,Generator - EC42,2026-12-31T00:00:00.000,true
3486,ID21WDR82,Construction,construction,Ida Storm Water Damage Restoration - EC82,2026-10-31T00:00:00.000,true
3488,SANDHM265,Design,design,HURRICANE SANDY HAZMAT MITIGATION-EC265,2028-03-30T00:00:00.000,true
5540,ACEFDN203,Design,design,FDNY - Wind Turbine,2027-12-31T00:00:00.000,true
5543,F175FTANK,Design,design,Fleet Tank Room,2028-07-30T00:00:00.000,true
5544,F175M9EWF,Design,design,Marine 9 East Wave Fence Attenuator,2028-09-30T00:00:00.000,true
5545,F175MC288,(On-hold),on-hold,MULTI-COMPONENT RENOVATIONS - SQ288,2029-12-01T00:00:00.000,true
5546,F175MR1WF,Pre-Design,pre-design,Marine 1 Wave Fence Attentuator,,true
5547,F175RFMR9,Pre-Design,pre-design,Marine 9 Roof Renovation,,true
5548,F175SPACE,Design,design,Fleet Services' Space at 58-80 Borden Avenue,2028-09-15T00:00:00.000,true
5549,F1FTRENOV,(Withdrawn),withdrawn,FT TOTTEN BUILDING RENOVATION,2026-06-30T00:00:00.000,true
5552,ID21WD299,(Completed),completed,Ida Storm Water Damage Restoration - EC299,2025-11-30T00:00:00.000,false
5553,SANDHM246,(Completed),completed,HURRICANE SANDY HAZMAT MITIGATION - EC246,2025-05-01T00:00:00.000,false
5554,F175CHLL2,Design,design,Chiller replacement at Manhattan CO,2028-06-30T00:00:00.000,true
5555,F175FE295,Design,design,APPARATUS FLOOR - EC295,2028-12-01T00:00:00.000,true
5556,FD175D152,Construction,construction,OVERHEAD DOOR - EC 152,2026-12-30T00:00:00.000,true
5557,FD175D156,Construction,construction,OVERHEAD DOOR - EC 156,2026-12-31T00:00:00.000,true
5558,FD175D231,Construction,construction,OVERHEAD DOOR - EC 231/LADDER 120,2027-03-01T00:00:00.000,true
5559,FD175D288,Construction,construction,OVERHEAD DOOR - SQUAD 288,2027-12-08T00:00:00.000,true
5564,FD175D326,Construction,construction,OVERHEAD DOOR - EC 326 / LADDER 160,2026-12-31T00:00:00.000,true
5565,FD175DR70,(Completed),completed,OVERHEAD DOOR - EC 70/LADDDER 53,2026-04-01T00:00:00.000,false
5566,FD175G155,(Cancelled),cancelled,Generator - EC155/LADDER 78,,false
5568,FD175G254,Construction,construction,GENERATOR  - EC254,2027-05-30T00:00:00.000,true
5569,FD175G318,Design,design,GENERATOR - EC 318,2027-11-01T00:00:00.000,true
5570,FD175G320,Design,design,GENERATOR - EC 320 / LADDER 167,2027-11-01T00:00:00.000,true
5571,FD175GE97,Design,design,GENERATOR - EC 97,2027-12-31T00:00:00.000,true
5572,FD175W288,Construction Procurement,construction procurement,WINDOWS REPLACEMENT - SQUAD 288,2026-12-08T00:00:00.000,true
,02200901,(Pending),pending,CENTRAL OFFICE: PRIMARY CARE INITIATIVE,,true
,02201601,(Pending),pending,HHC PRIMARY HEALTH CLINICS,,true
,02201602,(Pending),pending,UPGRADE IDF AND MDF ROOMS (LAN ENVIRONMENTALS),,true
,02201723,(Pending),pending,METROPOLITAN: ONECITY CONTACT CENTER,,true
,02201804,(Pending),pending,LIC OUTFIT OFFICE SPACE,,true
,02201901,(Pending),pending,H+H: RENOVATE AND OUTFIT OFFICES AT 50 WATER STREET,,true
,02202101,(Pending),pending,SYSTEM WIDE ELEVATOR DOOR LOCK MONITORING,,true
,022021PM,(Pending),pending,PM/CM Services,,true
,02202401,(Pending),pending,Central Office-Community Pharmacy -Phase 1,,true
,02202402,(Pending),pending,GOTHAM SECURITY SYSTEM,,true
,02202403,(Pending),pending,SYS-EE EXT Envelope,,true
,02202405,(Pending),pending,SYS-EE M- Eletrical,,true
,02202406,(Pending),pending,SYS-FP-Fire Protection,,true
,02202407,(Pending),pending,SYS-C-Clinical Infrastructure,,true
,11200912,(Pending),pending,"BELLEVUE: EMERGENCY PIPE INSTALLATION, 22ND FLOOR",,true
,11201803,(Pending),pending,BELLEVUE EXPAND HEIGHT OF GUARDRAILS IN THE ACB ATRIUM,,true
,11201903,(Pending),pending,BELLEVUE: RENOVATION AND UPGRADE OF TRAUMA SLOTS IN ADULT ED,,true
,11202101,(Pending),pending,BELLEVUE: REPLACE EMERGENCY DEPT NURSES STATION,,true
,11202104,(Pending),pending,Bellevue: Bldg H (16th Fl) - New Infusion Center (Interior R,,true
,11202106,(Pending),pending,BELLEVUE PHARMACY COMPOUNDING USP 797/800 COMPLIANCE,,true
,11202201,(Pending),pending,BELLEVUE FIRE ALARM PANELS REPLACEMENT- MAIN HOSPITAL,,true
,11202202,(Pending),pending,BELLEVUE SOUTH STAND PIPE REPLACEMENT- HOSPITAL BLD,,true
,11202204,(Pending),pending,BELLEVUE FORENSIC PSYCH-19E,,true
,11202205,(Pending),pending,BELLEVUE REPLACE FIRE PUMP,,true
,11202206,(Pending),pending,BELLEVUE CHS OUTPOSTED THERAPEUTIC UNITS,,true
,11202209,(Pending),pending,BEL: ANTI LIGATURE RENOVATIONS TO BH UNITS,,true
,11202402,(Pending),pending,BEL - ED ambulance bay,,true
,11202403,(Pending),pending,BEL - ED expansion phase 2,,true
,11202406,(Pending),pending,Bellevue: Adult CPEP,,true
,11202445,(Pending),pending,Bellevue: Pneumatic tube system at all location at H buildin,,true
,11202608,(Pending),pending,Bellevue : Pediatric Intensive Care Unit,,true
,11202609,(Pending),pending,"Bellevue H Building- P,Q, Elevator Modernization",,true
,11202615,(Pending),pending,Bellevue - ED Expansion: CPEP,,true
,11202622,(Pending),pending,Bellevue - NICU Expansion,,true
,12201501,(Pending),pending,GOUVERNEUR: ROBERTO CLEMENTE CENTER RENOVATION,,true
,12201601,(Pending),pending,JUDSON HEALTH CENTER ROOF REPLACEMENT,,true
,12201702,(Pending),pending,GOUVERNEUR INSTALL SECONDARY WATER DISINFECTION SYSTEM,,true
,12201801,(Pending),pending,GOUVERNEUR REHABILITATE FACADE-CYCLE 7B AMENDED AND CYCLE 8B,,true
,12201802,(Pending),pending,"GOUVERNEUR: Installation of Exhaust Fan, 5th Floor Air",,true
,12201804,(Pending),pending,"JUDSON, REMOVE AND REPLACE FIRE LINE",,true
,12201902,(Pending),pending,GOUVERNEUR: RENOVATE COURTYARD,,true
,12201903,(Pending),pending,JUDSON INSTALL CHIMNEY LINER,,true
,12202001,(Pending),pending,GOUVERNEUR:DIESEL GENERATOR PIPE REPLACEMENT,,true
,12202101,(Pending),pending,GOUVERNEUR EXPRESS CARE,,true
,12202201,(Pending),pending,GOUVERNEUR: POST ACUTE DIALYSIS DENS,,true
,12202202,(Pending),pending,NYC H+H--GOUVERNEUR HOSPITAL-PATIENT/RESIDENT OUTDOOR GARDEN,,true
,12202401,(Pending),pending,RENOVATE SHOWER ROOMS FOR RESIDENTS,,true
,12202402,(Pending),pending,GOTHAM HEALTH--UPGRADE ADA ACCESS WITH VERTICAL WHEEL LIFT,,true
,12202403,(Pending),pending,GOUVENEUR: INDEPENDENT COOLING FOR PHARMACY,,true
,13201101,(Pending),pending,HARLEM: RELOCATE SYDENHAM CLINIC FROM 125TH TO 118TH STREET,,true
,13201301,(Pending),pending,HARLEM: RENOVATE POST PARTUM UNIT,,true
,13201502,(Pending),pending,HARLEM: UPGRADE ELECTRICAL SYSTEM,,true
,13201602,(Pending),pending,HARLEM: REHABILITATE THE  EXTERIOR FACADE OF MLK BLG - LL 11,,true
,13201603,(Pending),pending,"HARLEM: WP DECANTING, ONR DEMOLITION, & NEW DATA CENTER",,true
,13201803,(Pending),pending,HARLEM: KOUNTZ PAVILION STAIRWELL REHABILITATION,,true
,13201902,(Pending),pending,HARLEM HOSPITAL:  FIRE ALARM SYSTEM UPGRADE,,true
,13202001,(Pending),pending,HARLEM: RELOCATE VARIOUS DEPARTMENTS FROM THE WP,,true
,13202101,(Pending),pending,HARLEM ELEVATOR  HVAC UPGRADE,,true
,13202102,(Pending),pending,Harlem: Cooling Tower Replacement,,true
,13202201,(Pending),pending,HARLEM CONDENSER WATER PIPING REPLACEMENT,,true
,13202202,(Pending),pending,HARLEM: ANTI-LIGATURE RISK AND PATIENT SAFETY PROJECT,,true
,13202246,(Pending),pending,HARLEM: Retinal Camera (NICU),,true
,13202301,(Pending),pending,HARLEM Community Pharmacy,,true
,13202401,(Pending),pending,Harlem: 18th Floor Roof Replacement,,true
,13202402,(Pending),pending,Harlem - Ron Brown Cooling Tower Cell 1 & 2,,true
,13202403,(Pending),pending,Harlem: Kountz Pavilion Emergency Power Distribution,,true
,18201515,(Pending),pending,SYDENHAM: RENOVATE WOMEN'S HEALTH SERVICES - MAMMOGRAPHY,,true
,18201801,(Pending),pending,SYDENHAM: ERODED WALL REPLACEMENT,,true
,18202001,(Pending),pending,SYDENHAM: RETAIL PHARMACY RENOVATION,,true
,18202201,(Pending),pending,SYDENHAM BATHROOM RENOVATION,,true
,20201501,(Pending),pending,BELVIS: PEDIATRIC SUITE MODERNIZATION,,true
,20201801,(Pending),pending,BELVIS: REPLACEMENT OF MAIN ENTRANCE DOORS,,true
,20202301,(Pending),pending,Gotham Belvis Facade Renovation,,true
,20202501,(Pending),pending,GOTHAM HEALTH - BELVIS: RECEPTION AND LOBBY UPGRADES,,true
,21201601,(Pending),pending,JACOBI: LOCAL LAW 11 COMPLIANCE,,true
,21201751,(Pending),pending,JACOBI: PURCHASE NEW MRI & Construction,,true
,21202101,(Pending),pending,JACOBI: HVAC SYSTEM LAB UPGRADE,,true
,21202108,(Pending),pending,JACOBI COMPOUNDING USP 797/800 COMPLIANCE,,true
,21202109,(Pending),pending,JACOBI: Post-Partum Renovation in Building # 1,,true
,21202110,(Pending),pending,JACOBI: 11E OR ROOMS UPGRADE,,true
,21202111,(Pending),pending,JACOBI: SPRINKLER SYSTEM UPGRADE BUILDING 4,,true
,21202112,(Pending),pending,JACOBI: FIRE ALARM SYSTEM BLDG 1,,true
,21202144,(Pending),pending,JACOBI : NUCLEAR CAMERA & Construction,,true
,21202242,(Pending),pending,JACOBI: Central Sterile  & Construction,,true
,21202301,(Pending),pending,Jacobi: Hyperbaric Area Upgrade,,true
,21202601,(Pending),pending,Electric Vehicle (EV) Chargers,,true
,22200601,(Pending),pending,ENY: CAPITAL IMPROVEMENTS,,true
,22200801,(Pending),pending,ENY RENOVATE THIRD FLOOR CLINICAL AREAS,,true
,22201610,(Pending),pending,RENOVATE BROWNSVILLE CHILD HEALTH CLINIC,,true
,22201611,(Pending),pending,RENOVATE CROWN HEIGHTS CHILD HEALTH CLINIC,,true
,22201901,(Pending),pending,ENY: MODERNIZE 2 PASSENGER ELEVATORS,,true
,22202001,(Pending),pending,ENY WATER SYSTEM STRUCTURAL RESTORATION,,true
,22202201,(Pending),pending,ENY: BATHROOM ADA,,true
,22202202,(Pending),pending,EAST NEW YORK WATER INFILTRATION,,true
,22202203,(Pending),pending,ENY: Generator Replacement,,true
,22202302,(Pending),pending,ENY: Bolier Replacement,,true
,22202401,(Pending),pending,ENY GOTHAM HEALTH PHARMACY--PHARMACY - WAITING AREA UPGRADE,,true
,22202502,(Pending),pending,"NYC HEALTH + HOPSITALS/GOTHAM HEALTH, EAST NEW YORK: OPTOMET",,true
,22202503,(Pending),pending,"NYC HEALTH + HOSPITALS/GOTHAM HEALTH, EAST NEW YORK: HVAC EN",,true
,22202504,(Pending),pending,"NYC HEALTH + HOSPITALS/GOTHAM HEALTH, EAST NEW YORK: RENOVAT",,true
,22202602,(Pending),pending,Gotham East New York Cooling System,,true
,23202001,(Pending),pending,MCKINNEY FRONT LOBBY RENOVATIONS,,true
,23202101,(Pending),pending,MCKINNEY: FIRE ALARM,,true
,23202401,(Pending),pending,Resident Bathroom Upgrades: 16 Bathrooms/ McKinney,,true
,23202402,(Pending),pending,SSM - Rear Service Entry Security,,true
,23202441,(Pending),pending,SSM - Telemetry Expansion,,true
,23202601,(Pending),pending,MCKINNEY Healing Garden Renovation,,true
,23202602,(Pending),pending,MCKINNEY Wellness Market Enhancement,,true
,24201610,(Pending),pending,RENOVATE TREMONT HEALTH CLINIC,,true
,24201901,(Pending),pending,NCB: FACADE REHABILITATION & WINDOW REPLACEMENT,,true
,24201920,(Pending),pending,NCB: REPLACE DISHWASHER,,true
,24202001,(Pending),pending,NCB - ELEVATOR UPGRADE,,true
,24202102,(Pending),pending,NCB: NEW EMERGENCY GENERATOR,,true
,24202104,(Pending),pending,NCB OR RENOVATIONS,,true
,24202202,(Pending),pending,NCB: RADIOLOGY DR ROOM,,true
,24202204,(Pending),pending,NCB OUTPOSTED UNITS,,true
,24202205,(Pending),pending,NCB: FIRE ALARM REPLACEMENT,,true
,24202206,(Pending),pending,NCB: EMERGENCY POWER SEPARATION,,true
,24202207,(Pending),pending,NCB: SPRINKLER SYSTEM REPLACEMENT,,true
,24202208,(Pending),pending,NCB: BOILER REPLACEMENT,,true
,24202346,(Pending),pending,NORTH CENTRAL BRONX: UPGRADE MRI UNIT,,true
,25201401,(Pending),pending,LINCOLN: RENOVATE ADOLESCENT CLINIC,,true
,25201602,(Pending),pending,LINCOLN: REPLACE UNDERGROUND FUEL TANKS,,true
,25201604,(Pending),pending,LINCOLN: EXTERIOR FACADE RESTORATION - LL11 COMPLIANCE,,true
,25201701,(Pending),pending,LINCOLN: EES UPGRADE,,true
,25201801,(Pending),pending,LINCOLN: REFURBISH BOILER Nos. 1-3,,true
,25201805,(Pending),pending,LINCOLN: REHABILITATE ELECTRICAL DISTRIBUTION SYSTEM,,true
,25201807,(Pending),pending,LINCOLN: UPGRADE ELEVATORS 18 & 19,,true
,25201901,(Pending),pending,LINCOLN: RETAIL PHARMACY RENOVATION,,true
,25201942,(Pending),pending,LINCOLN: PURCHASE MRI & CONSTRUCT SUITE,,true
,25202001,(Pending),pending,LINCOLN CONSTRUCT INPATIENT PHARMACY VAULT,,true
,25202002,(Pending),pending,LINCOLN MEDICAL CENTER - DEVELOP A BRIDGE CLINIC,,true
,25202003,(Pending),pending,LINCOLN: INSTALLATION OF ENTRANCE TURNSTILES,,true
,25202106,(Pending),pending,LINCOLN PHARMACY COMPOUNDING USP 797/800 COMPLIANCE,,true
,25202202,(Pending),pending,LINCOLN FIRE ALARM SYSTEM UPGRADE,,true
,25202203H,(Pending),pending,LIN: PARKING GARAGE RENOVATION,,true
,25202204,(Pending),pending,LINCOLN: LOADING DOCK & UNDERGROUND DRAINAGE RECON,,true
,25202402,(Pending),pending,Lincoln Switchgear Replacement,,true
,25202403,(Pending),pending,LIN - Central Sterile,,true
,25202404,(Pending),pending,Lincoln Roof Replacement,,true
,25202405,(Pending),pending,Lincoln Amb Care,,true
,25202406,(Pending),pending,LIN-RECOVERY CENTER-RISE,,true
,25202407,(Pending),pending,LINCOLN: Omncicell Project,,true
,25202501,(Pending),pending,LINCOLN Replace Surge Tanks,,true
,25202502,(Pending),pending,Replace Condenser water Piping,,true
,25202503,(Pending),pending,LIN - Replace Sidewalks,,true
,26201101,(Pending),pending,GOTHAM: CONSTRUCT VANDERBILT AVENUE HEALTH CENTER AT S.I.,,true
,26201402,(Pending),pending,SBH ADD DEHUMIDICATION & ADD'L COOLING CAPACITY TO THE ORs,,true
,26202001,(Pending),pending,SBH MODERNIZE  9 ELEVATORS IN MAIN BUILDING,,true
,26202101,(Pending),pending,CONEY ROOF REPLACEMENT MAIN BUILDING,,true
,26202103,(Pending),pending,SBH DENTAL SUITE,,true
,26202104,(Pending),pending,SBH AMBULATORY CARE CENTER,,true
,26202201,(Pending),pending,NYC H&H CONEY ISLAND HOSPITAL - INTEGRATED WOMEN'S HEALTH,,true
,26202301,(Pending),pending,"SBH: Roof Renovation, patrol car, recording system",,true
,26202302,(Pending),pending,GOTHAM: VANDERBILT DENTAL SUITE,,true
,26202341,(Pending),pending,SBH Purchase new Patient Transportation Bus,,true
,26202401,(Pending),pending,SOUTH BROOKLYN HEALTH'S OUTPATIENT INFUSION CENTER,,true
,26202402,(Pending),pending,SOUTH BROOKLYN HEALTH - COLLABORATIVE LEARNING CENTER,,true
,26202405,(Pending),pending,SBH: Renovation of L&D and Ante-Partum Unit,,true
,26202406,(Pending),pending,SBH: Renovation of Mother-Baby & NICU,,true
,26202607,(Pending),pending,SBH- 3 New Cardiac Cath Suite,,true
,27201201,(Pending),pending,CUMBERLAND: RENOVATE CHEMICAL DEPENDENCY DEPARTMENT,,true
,27201301,(Pending),pending,CUMBERLAND: RENOVATE PEDIATRIC PRACTICE DEPARTMENT,,true
,27201515,(Pending),pending,CUMBERLAND: RENOVATE WOMEN'S HEALTH SVCS DEPT.,,true
,27201610,(Pending),pending,RENOVATE BEDFORD HEALTH CLINIC,,true
,27201702,(Pending),pending,CUMBERLAND: CONSTRUCT NEW DENTAL FACILITY,,true
,27201802,(Pending),pending,CUMBERLAND: BEHAIVORAL HEALTH INTEGRATION INTO PRIMARY CARE,,true
,27201803,(Pending),pending,CUMBERLAND: FACADE REHABILITATION BUILDING B & C,,true
,27202343,(Pending),pending,CUM -New X-Ray Equipment,,true
,27202401,(Pending),pending,Renovate Pediatric Primary Care Clinics at Gotham Health,,true
,29201610,(Pending),pending,KCHC: LOCAL LAW -11 COMPLIANCE - BLDG T,,true
,29201611,(Pending),pending,KCHC: LOCAL LAW 11 COMPLIANCE - BLDG ABC,,true
,29201612,(Pending),pending,"KCHC: BLDG ""P"" FACADE REMEDIATION - LOCAL LAW 11 COMPLIANCE",,true
,29201615,(Pending),pending,KCHC: INSTALL A MODULAR COGENERATION HEAT & POWER SYSTEM,,true
,29201801,(Pending),pending,KINGS: Express Care (CRFP),,true
,29201802,(Pending),pending,KCHC: REPLACEMENT OF C6 HEMODIALYSIS WATER TREATMENT SYSTEM,,true
,29202001,(Pending),pending,KINGS REHABILITATE STEAM TUNNEL UNDER WINTHROP STREET,,true
,29202101,(Pending),pending,KINGS RESTORATION OF WEST SMOKE STACK,,true
,29202102,(Pending),pending,KINGS: WELLNESS CENTER,,true
,29202103,(Pending),pending,KINGS P BUILDING MORGUE,,true
,29202104,(Pending),pending,KINGS BUILDING D ELECTRICAL UPGRADES,,true
,29202105,(Pending),pending,KINGS: BlLDG S WATER BALANCING,,true
,29202111,(Pending),pending,KINGS: CATH LAB CONVERSION TO OR,,true
,29202114,(Pending),pending,KINGS PHARMACY COMPOUNDING USP 797/800 COMPLIANCE,,true
,29202201,(Pending),pending,Kings Replacement of Water Feeder Pipes for the Boilers Oper,,true
,29202203,(Pending),pending,KINGS: E BLDG ELEVATOR MODERNIZATION,,true
,29202204,(Pending),pending,NYC H&H KINGS COUNTY - MOTHER-BABY/NICU RENOVATION:  RENOVAT,,true
,29202205,(Pending),pending,Kings Demolition of pedestrian bridge btwn buildings P & K,,true
,29202302,(Pending),pending,KINGS: ROOF REPLACEMENT- CENTRALIZED KITCHEN BLDG,,true
,29202303,(Pending),pending,KINGS: Dental Practice Renovation E-BLDG,,true
,29202401,(Pending),pending,KINGS: DA Tank Modernization,,true
,29202402,(Pending),pending,Kings: KIN -S1 Trauma Room Upgrade,,true
,29202403,(Pending),pending,KCHC: C Bldg Ground X-Ray,,true
,29202404,(Pending),pending,KIN - S-03 - New Low Level CT,,true
,29202443,(Pending),pending,KINGS COUNTY LINAC MACHINE--PURCHASE OF A REPLACEMENT LINAC,,true
,29202509,(Pending),pending,NYC HEALTH + HOSPITALS/KINGS COUNTY: EXPANDING TRAUMA BAY UN,,true
,29202602,(Pending),pending,KINGS COUNTY HOSPITAL : PRIMARY CARE CLINIC RENOVATION,,true
,33201301,(Pending),pending,ELMHURST RENOVATION OF ADULT ER,,true
,33201505,(Pending),pending,ELMHURST: PURCHASE & INSTALL BIPLANE/CT SCANNER,,true
,33201602,(Pending),pending,"EHC PARAPET & CORNER FACADE REHAB  A,B,D,E, J AND O&G ANNEX.",,true
,33201610,(Pending),pending,RENOVATE JUNCTION BLVD CHILD HEALTH CLINIC,,true
,33201804,(Pending),pending,ELMHURST: REHABILITATE N & S STAIRWELLS IN PARKING GARAGE,,true
,33201901,(Pending),pending,ELMHURST L&D ROOMS AND MFM UNIT SUITE RENOVATIONS (D5),,true
,33202002,(Pending),pending,ELMHURST: CONSTRUCT AMBULATORY CENTER (B2),,true
,33202003,(Pending),pending,ELMHURST: Upgrade of Emergency Electrical System,,true
,33202102,(Pending),pending,ELMHURST: MED SURG,,true
,33202104,(Pending),pending,ELMURST MODERNIZE FREIGHT ELEVATORS,,true
,33202108,(Pending),pending,ELM 2+12+13 Fl. Roofs,,true
,33202111,(Pending),pending,ELM A5: Certified Pediatric/NICU-Relocation,,true
,33202112,(Pending),pending,ELMHURST ELEVATOR MODERNIZATION CARS 1-5,,true
,33202201,(Pending),pending,ELMHURST CONVERSION OF CYSTO ROOMS TO FULL ORS,,true
,33202202,(Pending),pending,ELM E1: Oncology Suite Renovation,,true
,33202203,(Pending),pending,ELMHURST FIRE SYSTEMS UPGRADE,,true
,33202204,(Pending),pending,ELM E4: NEURO CRITICAL CARE UNIT,,true
,33202205,(Pending),pending,ELMHURST ROOF REPLACEMENT (8 Roofs),,true
,33202207,(Pending),pending,ELMHURST:  ENTRY WAY RENOVATIONS,,true
,33202302,(Pending),pending,Elmhurst: Renovate J1 infectious disease clinic,,true
,33202303,(Pending),pending,Elmhurst: Install New Cooling Tower,,true
,33202402,(Pending),pending,ELMHURST HOSPITAL CATH LAB--REPLACE CATH LAB 1,,true
,33202403,(Pending),pending,ELMHURST HOSPITAL MRI SUITE--2ND MRI SUITE,,true
,33202404,(Pending),pending,ELM:(E2) Surgical Sub-Speciality Suite,,true
,33202407,(Pending),pending,ELM -PLC Transfer Switch,,true
,33202606,(Pending),pending,ELMHURST HOSPITAL : CONSTRUCT NEW PET CT SUITE,,true
,33202611,(Pending),pending,H+H Elmhurst Hospital - OR Equipment Purchase,,true
,34200202,(Pending),pending,QUEENS CONSTRUCT SOUND BARRIER FOR COOLING SYS & COMPRESSOR,,true
,34200203,(Pending),pending,QUEENS CONSTRUCT A LEAD-LINED BRACHYTHERAPY ROOM,,true
,34200304,(Pending),pending,QUEENS EXPANSION OF DIABETES CENTER,,true
,34201401,(Pending),pending,QUEENS RENOVATIONS TO RELOCATE ACUTE DIALYSIS PROG.,,true
,34201502,(Pending),pending,QUEENS BOILER CONTROLS REPLACEMENT,,true
,34201741,(Pending),pending,QHC: IR SUITE RENOVATION,,true
,34201901,(Pending),pending,QUEENS SIDEWALK REPLACEMENT,,true
,34202101,(Pending),pending,QUEENS CONSTRUCT PARKING GARAGE,,true
,34202102,(Pending),pending,QUEENS BUILDING F ROOF REPLACEMENT,,true
,34202301,(Pending),pending,QUEENS: Dialysis Space Construction,,true
,34202302,(Pending),pending,Queens Hospital: MRI Purchase and Renovation,,true
,34202303,(Pending),pending,QUEENS: Retail Pharmacy,,true
,34202304,(Pending),pending,QUEENS: Pharmacy Decanting,,true
,34202305,(Pending),pending,Queens T-Building Basement Fit-Out,,true
,34202401,(Pending),pending,QUEENS: QUE -Steam Generator,,true
,34202404,(Pending),pending,QUEENS: Replace and Upgrade Chiller Unit,,true
,34202405,(Pending),pending,QUE- SIMULATON CENTER,,true
,37200802,(Pending),pending,METROPOLITAN: REPLACE UNDERGROUND HIGH PRESSURE STEAM MAINS,,true
,37201301,(Pending),pending,METROPOLITAN COMPLETE RENOVATION OF SIXTH FLOOR 6C MAIN BLDG,,true
,37201501,(Pending),pending,METROPOLITAN COMPREHENSIVE LGBTQ HEALTH CENTER,,true
,37201601,(Pending),pending,MHC: EXTERIOR FACADE RESTORATION CAMPUS-WIDE,,true
,37201901,(Pending),pending,MET REPLACE MEDIUM PRESSURE STEAM CONDENSATE RETURN RISER,,true
,37202001,(Pending),pending,METROPOLITAN : REPLACE MRI AT MODULAR MRI BUILDING,,true
,37202002,(Pending),pending,METROPOLITAN: WINDOW REPLACEMENT,,true
,37202003,(Pending),pending,MET: EMERGENCY POWER SEPARATION AND UPGRADES,,true
,37202041,(Pending),pending,METROPOLITAN: NUCLEAR  CAMERA,,true
,37202102,(Pending),pending,METROPOLITAN CHILLER PLANT UPGRADE,,true
,37202103,(Pending),pending,METROPOLITAN FIRE PROTECTION UPGRADES,,true
,37202108,(Pending),pending,METROPOLITAN: FIRE ALARM SYSTEM,,true
,37202202,(Pending),pending,METROPOLITAN: OUTPATIENT REHAB RENOVATION,,true
,37202203,(Pending),pending,METROPOLITAN: INDOOR/OUTDOOR RESPITE SPACE RENOVATION,,true
,37202341,(Pending),pending,METROPOLITAN: CT scanner,,true
,37202401,(Pending),pending,METROPOLITAN HOSPITAL RADIOLOGY DEPARTMENT IMPROVEMENTS,,true
,37202402,(Pending),pending,METROPOLITAN: Observation Unit,,true
,37202403,(Pending),pending,METROPOLITAN: OMNICELL PROJECT,,true
,37202404,(Pending),pending,MET - Infant Protection System,,true
,37202405,(Pending),pending,Metropolitan Optmetry Ward,,true
,42201301,(Pending),pending,MORRISANIA: RENOVATE DENTAL SUITE,,true
,42201515,(Pending),pending,MORRISANIA: RENOVATE WOMEN'S HEALTH SERVICES - RADIOLOGY,,true
,42202202,(Pending),pending,MORRISANIA: ELEVATOR SYSTEM MODERNIZATION,,true
,42202401,(Pending),pending,"GOTHAM HEALTH, MORRISANIA COMMUNITY RESOURCE CENTER--CONSTRU",,true
,42202402,(Pending),pending,MORISSANIA: ASTHMA PEDIATRIC SUITE,,true
,42202501,(Pending),pending,MOR-Housing for Health,,true
,48200803,(Pending),pending,WOODHULL: OB UNIT EXPANSION,,true
,48201402,(Pending),pending,WOODHULL:  ESTABLISH CPEP,,true
,48201505,(Pending),pending,WOODHULL: INSTALL PERMANENT EMERGENCY POWER FEEDER,,true
,48201515,(Pending),pending,WOODHULL: RENOVATE WOMEN'S HEALTH SVCS - RADIOLOGY,,true
,48201516,(Pending),pending,WOODHULL: AMBULATORY CARE RENOVATIONS (8-300),,true
,48201610,(Pending),pending,RENOVATE BUSHWICK COMMUNICARE,,true
,48201701,(Pending),pending,WOODHULL: AIR HANDLER UNITS UPGRADE,,true
,48201801,(Pending),pending,"WOODHULL: REPLACE MAIN SERVICE SWITCHES FOR ATS 1, 2 AND 5",,true
,48201803,(Pending),pending,WOODHULL: TURBOCHARGER REPLACEMENT FOR EMD GENERATOR #1,,true
,48201901,(Pending),pending,WOODHULL: CPEP RENOVATION,,true
,48201902,(Pending),pending,WOODHULL: EMERGENCY DEPARTMENT RENOVATION,,true
,48201903,(Pending),pending,WOODHULL: RETAIL PHARMACY RENOVATION,,true
,48202003,(Pending),pending,WOODHULL: Dinex Buildout and Installation,,true
,48202040,(Pending),pending,WOODHULL CHILLER REPLACEMENT,,true
,48202102,(Pending),pending,WOODHULL: ELECTRICAL UPGRADES,,true
,48202106,(Pending),pending,WOODHULL GENERATOR REPLACEMENT,,true
,48202107,(Pending),pending,WOODHULL OIL SPILL REMEDIATION,,true
,48202108,(Pending),pending,WOODHULL DECANTING/RELOCATION (CHS OTxHU),,true
,48202201,(Pending),pending,WOODHULL: NEW WOMEN'S HEALTH PAVILLION (7-300),,true
,48202202,(Pending),pending,WOODHULL INTERVENTIONAL RADIOLOGY- SPECIAL PROCEDURE UNIT,,true
,48202203,(Pending),pending,WOODHULL: OTXHU FULL ROOF REPLACEMENT,,true
,48202205,(Pending),pending,WOODHULL OUTPOSTED THERAPEUTIC UNITS (CHS OTxHU),,true
,48202206,(Pending),pending,NYC H&H WOODHULL HOSPITAL - LABOR & BIRTHING SUITE RENOVATIO,,true
,48202207,(Pending),pending,WOODHULL: FIRE ALARM SYSTEM UPGRADES,,true
,48202208,(Pending),pending,WOODHULL: Boiler Plant Replacment,,true
,48202209,(Pending),pending,WOODHULL: EES UPGRADES,,true
,48202301,(Pending),pending,Woodhull: Demolition of 3 Cooling Towers,,true
,48202402,(Pending),pending,Woodhull: Bulkhead,,true
,48202515,(Pending),pending,NYC HEALTH + HOSPITALS/WOODHULL: HVAC UPGRADE IN NON-STERILE,,true
,48202516,(Pending),pending,NYC HEALTH + HOSPITALS/WOODHULL: CEILING UPGRADES FOR INFRA-,,true
,50202405,(Pending),pending,ROB - Flooring Replacement,,true
,52202401,(Pending),pending,JUD - Main Entrance Lighting & Security,,true
,57202601,(Pending),pending,Gotham Health/ Roosevelt-Space Configuration,,true
,57202602,(Pending),pending,H+H Gotham Hospital - Renovations for the Consultation room,,true
,60202201,(Pending),pending,GOTHAM - Far Rockaway Primary Care Center,,true
,60202401,(Pending),pending,Rockaway Project,,true
,67200802,(Pending),pending,COLER: CONSTRUCT LOW PRESSURE STEAM BOILER PLANT,,true
,67200901,(Pending),pending,COLER: RENOVATE THE NURSING FACILITY DAY ROOM,,true
,67201070,(Pending),pending,COLER: UPGRADE SPRINKLER SYSTEM,,true
,67201170,(Pending),pending,COLER: WINDOW REPLACEMENT AND ROOF/FACADE REHABILITATION,,true
,67202201,(Pending),pending,NYC H+H--COLER HOSPITAL-FIRE ALARM UPGRADE:  INSTALLATION OF,,true
,67202202,(Pending),pending,COLER: COOLING TOWER REPLACEMENT,,true
,67202401,(Pending),pending,COLER HOSPITAL ATRIUM--RENOVATE DAMAGED 3RD FLOOR ATRIUM,,true
,67202402,(Pending),pending,COLER UPGRADES TO ELECTRICAL PANELS,,true
,67202404,(Pending),pending,BSC - Elevator Modernization,,true
,67202405,(Pending),pending,BSC - HVAC Upgrade,,true
,67202504,(Pending),pending,H+H COLER HOSPITAL : ROOFTOP HVAC,,true
,68202102,(Pending),pending,CARTER: NEW CENTRALIZED BUILDING MANAGEMENT CONTROL SYSTEM,,true
,68202103,(Pending),pending,CARTER PHARMACY COMPOUNDING USP 797/800 COMPLIANCE,,true
,68202201,(Pending),pending,CARTER ROOF TANK REPLACEMENT,,true
,68202202,(Pending),pending,CARTER FACADE REHABILITATION,,true
,68202601,(Pending),pending,HJC : AUTOMATIC TRANSFER SWITCH ATS REPLACEMENT,,true
,69202101,(Pending),pending,"NEPONSIT DEMOLITION, RESTORATION AND NEW LIFE GUARD FACILITY",,true
,71202301,(Pending),pending,"PARSONS: SPACE MODERNIZATION FOR DENTAL, OPTOMETRY, AND PC",,true
,73202301,(Pending),pending,SPRINGFIELD: AIR HANDLING UNIT- HVAC ROOF TOP UNIT,,true
,73202401,(Pending),pending,SPR - Patient Registration Renovation,,true
,73202402,(Pending),pending,SPR - Exam Room Renovations,,true
,73202442,(Pending),pending,SPR - Lobby Renovation,,true
,74202401,(Pending),pending,Medication Alcove Renovation,,true
,74202601,(Pending),pending,"Gotham Health, LeFrak - Medication Recove Renovation",,true
,75200902,(Pending),pending,SEAVIEW: RENOVATION OF ISOLATION BUILDING,,true
,75201502,(Pending),pending,SEAVIEW EMERGENCY GENERATOR REPLACEMENT,,true
,75201801,(Pending),pending,SEAVIEW CAMPUS ROAD REPAVING - PHASE 2,,true
,75202201,(Pending),pending,SEAVIEW SHOWER ROOMS REPLACEMENT,,true
,75202202,(Pending),pending,SEAVIEW PEDIATRIC CENTER,,true
,75202401,(Pending),pending,SEAVIEW KITCHEN UPDATE--KITCHEN UPDATE,,true
,75202402,(Pending),pending,SEAVIEW HOSPITAL: UPGRADE TO OCCUPATIONAL ROOM,,true
,75202403,(Pending),pending,SEAVIEW HOSPITAL: UPGRADE TO PHYSICAL THERAPY ROOM,,true
,75202404,(Pending),pending,SEA -Renovate Therapy Gym,,true
,75202405,(Pending),pending,SEA - KITCHEN UPDATE,,true
,75202501,(Pending),pending,SEA VIEW - BOILER SYSTEM RE-TUBING: RE-TUBING THREE BOILERS.,,true
,75202601,(Pending),pending,SEAVIEW- Grace Kitchen Renovation,,true
,76202601,(Pending),pending,Gotham Ridgewood Exterior Enhancement Security Screens,,true
,77202301,(Pending),pending,WOODSIDE: SPACE MODERNIZATION FOR ADMINISTRATIVE OFFICES,,true
,77202401,(Pending),pending,WDS - Medication Room Renovation,,true
,78202301,(Pending),pending,SOUTH QUEENS: HVAC MODERNIZATION,,true
,78202401,(Pending),pending,"Comprehensive renovation of 2nd floor; update of layouts, ou",,true
,82202501,(Pending),pending,"NYC HEALTH + HOSPITALS/GOTHAM HEALTH, BROWNSVILLE: HVAC UPGR",,true
,83202401,(Pending),pending,BCH - 03 - Staff Work Area Renovation,,true
,ACEHHC401,(Pending),pending,WOODHULL MEDICAL & MENTAL HEALTH CENTER ENERGY UPGRADE,,true
,ACEHHC407,(Pending),pending,Cumberland : Boiler Plant Replacement,,true
,ACEHHC408,(Pending),pending,COLER BOILER REPLACEMENT,,true
,ACEHHC409,(Pending),pending,LINCOLN  ENERGY UPGRADE,,true
,ACEHHC602,(Pending),pending,BELLEVUE LIGHTING AND CONTROLS UPGRADE,,true
,ACEHHC606,(Pending),pending,JMC ENERGY CONSERVATION MEASURES,,true
,ACEHHC803,(Pending),pending,QUEENS: ENERGY EFFICIENCY UPGRADES,,true
,ACEHHC901,(Pending),pending,LINCOLN ENERGY UPGRADES PHASE 2,,true
,CV192440,(Pending),pending,COVID 19: (NCB: X-Ray COVID 19),,true
,E24-0004,(Pending),pending,Elmhurst Hospital,,true
,E24-0005,(Pending),pending,Gouverneur Hospital,,true
,GABIHHC,(Pending),pending,GROUP ATTACHMENT BASED INTERVENTION,,true
,GOUV/MJR,(Pending),pending,GOUVERNEUR:  MAJOR MODERNIZATION,,true
,HOENERGY,(Pending),pending,Holding Code- Energy Projects,,true
,SAND1117,(Pending),pending,BHC: MEP MITIGATION,,true
,SAND1121,(Pending),pending,BHC: Elevate Security Systems,,true
,SAND1122,(Pending),pending,Bellevue H-Building Machine Room Cooling,,true
,SAND2605,(Pending),pending,SBH: MAJOR MITIGATION PROJECT,,true
,SAND3706,(Pending),pending,MHC: INSTALL ELECTRIC AND CHILLER QUICK CONNECTS,,true
,SAND67E,(Pending),pending,COLER RECONSTRUCTION AS A RESULT OF SANDY - CATEGORY E,,true
,SANDCOFW,(Pending),pending,Coler Flood Mitigation,,true
,SANDNEW,(Pending),pending,MISC CORPORATE-WIDE RECONSTRUCTION AS A RESULT OF SANDY,,true
,SEED-QN26,(Pending),pending,JNP: Queens Hospital,,true
,TKYHHC012,(Pending),pending,HHC -  Bellevue BMS Upgrade,,true
,TKYHHC013,(Pending),pending,COLER: LIGHTING UPGRADE,,true
,TKYHHC014,(Pending),pending,QUEENS: LIGHTING UPGRADE,,true
,TKYHHC17,(Pending),pending,Jacobi Medical Center Lighting Upgrade,,true
,TKYHHC903,(Pending),pending,BELLEVUE COMBINED HEAT AND POWER (CHP),,true
,TKYHHC904,(Pending),pending,HARLEM BOILER PLANT REPLACEMENT AND COMBINED HEAT AND POWER,,true
,TKYHHC905,(Pending),pending,NCB ENERGY EFFICIENY MEASURES,,true
,TKYHHC906,(Pending),pending,HHC - East New York Comprehensive Energy Upgrade,,true
,TKYHHC907,(Pending),pending,"Woodhull 5th Floor Roof Replacement, Bond+ Cap",,true
,TKYHHC908,(Pending),pending,HHC - McKinney Nursing Center Comp Energy Upgrade,,true
,TKYHHC910,(Pending),pending,HHC - Kings County D Building BMS Upgrade,,true
,WFF-HHC,(Pending),pending,HHC Fixture Replacement in City-owned Hospitals,,true
,REDHOOK,(Pending),pending,,,true
,SEAVIEW,(Pending),pending,,,true
,AGSIROREH,(Pending),pending,SIROVICH CENTER ROOF REHAB,,true
,HR25103FC,(Pending),pending,Construction: 103-00 Foster Ave Lease Renewal,,true
,HR258AVBO,(Pending),pending,Construction: 400 8th Ave Back Office,,true
,HR25EFOY,(Pending),pending,HRA FACILITIES & EQUIPMENT  OUTYEARS FOR UPGRADES,,true
,HR25FOSD2,(Pending),pending,102-50 Foster Ave Warehouse Space Construction,,true
,HR25FOST2,(Pending),pending,Construction at 102-50 Foster Ave to accomodate warehouses,,true
,HR25MUSSC,(Pending),pending,Construction: 88-11 165th Street Lease Renewal,,true
,HR25NORC,(Pending),pending,Construction: 32-20 Northern Blvd Consolidation,,true
,HR25PTMFC,(Pending),pending,Construction: 102-50 Foster Ave Print to Mail Relocation,,true
,HR25TREMC,(Pending),pending,555 E Tremont Construction,,true
,HR25VAND,(Pending),pending,470 Vanderbilt Renovations to accommodate staff from 15 MTC,,true
,HR25WBRWY,(Pending),pending,Construction:151 W Broadway Relocation,,true
,HRCNBDST,(Pending),pending,"Bedford Stuyvesant MSC Boiler Replacement, 1958 Fulton St",,true
,HRCNSJMS2,(Pending),pending,South Jamaica MSC renovation.,,true
,HRCNSJMSC,(Pending),pending,South Jamaica MSC renovation,,true
,NDF-JEROM,(Pending),pending,,,true
,PO79-PBXS,(Pending),pending,BUILDING RENOVATION  AT PATROL BOROUGH BRONX SOUTH,,true
3122,PO79LOCK,(Completed),completed,CITYWIDE LOCKER ROOM RENOVATION,,false
3123,PO79-MED,Pre-Design,pre-design,MEDICAL DIVISION RELOCATION,,true
3124,PO79PA13,Design,design,Elevator,2029-06-26T00:00:00.000,true
3125,PO79PA13,Design,design,Electrical Upgrade,2029-11-14T00:00:00.000,true
3126,PO79PA13,Pre-Design,pre-design,ROOF,,true
3127,PO79PA13,Design,design,ADA,2029-10-16T00:00:00.000,true
3128,PO79PADRS,Pre-Design,pre-design,POLICE ACADEMY DOORS & SMOKE PURGE SYSTEM,,true
3130,PO79RNSA,(Cancelled),cancelled,RODMAN'S NECK SOUND ABATEMENT,,false
3134,POD106COM,Pre-Design,pre-design,106TH PCT - UPGRADE COMMUNITY ROOM,,true
3136,POD47RENO,(Completed),completed,Renovate/Upgrade 47th Precinct.,2025-12-20T00:00:00.000,false
3138,POD50ELGE,Construction Procurement,construction procurement,50TH PCT REPLACE ELEVATORS AND GENERATORS,2028-10-28T00:00:00.000,true
3142,PO-KVEST,(Completed),completed,PEOPLE'S PRECINCTS VESTIBULE REDESIGN,,false
3143,PO-KVEST,(Cancelled),cancelled,PEOPLE'S PRECINCTS VESTIBULE REDESIGN,,false
3145,PO-KVEST,(Cancelled),cancelled,77 PCT,,false
3146,SANDCD08,Construction Procurement,construction procurement,TRANSIT DISTRICT 23 ELECTRICAL,2029-07-31T00:00:00.000,true
3147,SANDCD10,Construction Procurement,construction procurement,HARBOR GEORGE,2029-07-31T00:00:00.000,true
3148,SANDCD13,Construction Procurement,construction procurement,PROPERTY CLERK ELECTRICAL CONDUIT,2026-12-20T00:00:00.000,true
3149,SANDCD3,Construction Procurement,construction procurement,POLICE SERVICE AREA 1 (PSA1),2029-07-31T00:00:00.000,true
3150,SANDCD4,Construction Procurement,construction procurement,FLOYD BENNETT FIELD ELECTRICAL,2028-07-31T00:00:00.000,true
3151,SANDCD5,Construction Procurement,construction procurement,TRANSIT DISTRICT 34 ELECTRICAL,2029-07-31T00:00:00.000,true
3152,SANDCD6,Construction Procurement,construction procurement,HARBOR LAUNCH RANDALL'S ISLAND ELECTRICAL,2029-07-31T00:00:00.000,true
3153,SANDCD7,Construction Procurement,construction procurement,POLICE SERVICE AREA 4 (PSA4),2029-07-31T00:00:00.000,true
3154,SANDCONDT,Construction Procurement,construction procurement,ELECTRICAL CONDUIT REPLACEMENT (SANDY),2026-12-20T00:00:00.000,true
3155,SANDELEC2,Construction Procurement,construction procurement,PSA 1 ELECTRICAL SYSTEM REHABILITATION (SANDY),2026-12-20T00:00:00.000,true
3156,SANDWARE,Design,design,23RD STR WAREHOUSE RECONSTRUCTION,2032-02-18T00:00:00.000,true
3157,PO005PRP1,Pre-Design,pre-design,NEW PROPERTY CLERK FACILITY,,true
3159,PO79 PAL,(Cancelled),cancelled,POLICE ATHLETIC LEAGUE MASONRY,,false
3160,PO7911FR,Close-out,close-out,11 FRONT STR RENOVATION,2025-06-10T00:00:00.000,true
3161,PO79120AC,Construction,construction,120TH PCT - NEW HVAC SYSTEM,2026-09-15T00:00:00.000,true
3162,PO79137CS,Pre-Design,pre-design,137 centre street renovation,,true
3163,PO791PPDR,(Cancelled),cancelled,One Police Plaza Doors,,false
3164,PO791PPF,Design,design,EMERGENCY RECONSTRUCTION OF 1 POLICE PLAZA FACADE,2031-12-30T00:00:00.000,true
3165,PO79-52P,(Cancelled),cancelled,52ND PRECINCT RENOVATION,,false
3167,PO79-ADA,Design,design,7 PCT,2029-03-10T00:00:00.000,true
3168,PO79-ADA,Design,design,50 PCT,2029-03-10T00:00:00.000,true
3169,PO79-ADA,Design,design,67 PCT,2029-05-16T00:00:00.000,true
3170,PO79-ADA,Design,design,25 PCT,2029-03-10T00:00:00.000,true
3171,PO79-ADA,Design,design,90 PCT,2028-10-16T00:00:00.000,true
3172,PO79-ADA,Design,design,105 PCT,2028-10-16T00:00:00.000,true
3173,PO79-ADA,Design,design,114 PCT,2028-10-16T00:00:00.000,true
3174,PO79-ADA,Design,design,121 PCT,2028-10-16T00:00:00.000,true
3175,PO79-ADA,Pre-Design,pre-design,22/CPP,,true
3176,PO79-ADA,Pre-Design,pre-design,48 PCT,,true
3177,PO79-ADA,Pre-Design,pre-design,61 PCT,,true
3178,PO79-ADA,Pre-Design,pre-design,107 PCT,,true
3179,PO79-ADA,Pre-Design,pre-design,30 PCT,,true
3180,PO79-ADA,Pre-Design,pre-design,83 PCT,,true
3181,PO79-ADA,Pre-Design,pre-design,112 PCT,,true
3182,PO79-ADA2,Pre-Design,pre-design,MTS/14 PCT,,true
3183,PO79-ADA2,Pre-Design,pre-design,19 PCT,,true
3184,PO79-ADA2,Pre-Design,pre-design,34 PCT,,true
3185,PO79-ADA2,Pre-Design,pre-design,41 PCT,,true
3186,PO79-ADA2,Pre-Design,pre-design,42 PCT,,true
3187,PO79-ADA2,Pre-Design,pre-design,46 PCT,,true
3188,PO79-ADA2,Pre-Design,pre-design,47 PCT,,true
3189,PO79-ADA2,Pre-Design,pre-design,49 PCT,,true
3190,PO79-ADA2,Pre-Design,pre-design,69 PCT,,true
3191,PO79-ADA2,Pre-Design,pre-design,78 PCT,,true
3192,PO79-ADA2,Pre-Design,pre-design,109 PCT,,true
3193,PO79-ADA2,Pre-Design,pre-design,113 PCT,,true
3194,PO79-ADA2,Pre-Design,pre-design,122 PCT,,true
3195,PO79-ADA2,Pre-Design,pre-design,44 PCT,,true
3196,PO79-ADA2,Pre-Design,pre-design,60 PCT,,true
3197,PO79-ADA2,Pre-Design,pre-design,66 PCT,,true
3198,PO79-ADA2,Pre-Design,pre-design,72 PCT,,true
3199,PO79-ADA2,Pre-Design,pre-design,75 PCT,,true
3200,PO79-ADA2,Pre-Design,pre-design,84 PCT,,true
3201,PO79-ADA2,Pre-Design,pre-design,101 PCT,,true
3202,PO79-ADA2,Pre-Design,pre-design,106 PCT,,true
3203,PO79-ADA2,Pre-Design,pre-design,108 PCT,,true
3204,PO79-ADA2,Pre-Design,pre-design,20 PCT,,true
3205,PO79-ADA2,Pre-Design,pre-design,45 PCT,,true
3206,PO79-ADA2,Pre-Design,pre-design,123 PCT,,true
3207,PO79BATH,(Completed),completed,CITYWIDE BATHROOM RENOVATION,,false
3208,PO79BATH,(Completed),completed,PSA2,,false
3214,PO79BMAHH,Design,design,HWY # 3 SEPTIC TANK,2029-01-26T00:00:00.000,true
3215,PO79BMAHI,Close-out,close-out,"BOILER REPLACEMENT AT 68TH, 76TH AND 102ND PCTS",2025-05-30T00:00:00.000,true
3216,PO79BMAHI,Close-out,close-out,68 PCT,2025-05-30T00:00:00.000,true
3217,PO79BMAHI,Close-out,close-out,76 PCT,2025-05-30T00:00:00.000,true
3218,PO79BMAHI,(Cancelled),cancelled,102 PCT,,false
3219,PO79BMAHM,Design,design,101ST PCT HANDICAP RAMP,2028-10-16T00:00:00.000,true
3220,PO79BMAHO,Construction,construction,"HVAC REPLACEMENT FOR 20TH, 24TH AND 25TH PCTS",2026-12-15T00:00:00.000,true
3221,PO79BMAHO,Construction,construction,20 PCT,2026-12-15T00:00:00.000,true
3222,PO79BMAHO,Close-out,close-out,24 PCT,,true
3223,PO79BMAHO,Close-out,close-out,25 PCT,,true
3224,PO79BMAHS,Construction,construction,FIRING RANGE RECONSTRUCTION AT CONEY ISLAND,2026-11-01T00:00:00.000,true
3225,PO79BMAHX,(Completed),completed,63RD BATHROOM RENOVATION,2024-12-31T00:00:00.000,false
3226,PO79BMAHY,Design,design,26 PCT,2029-09-07T00:00:00.000,true
3227,PO79BMAHY,Design,design,42 PCT,2029-09-07T00:00:00.000,true
3228,PO79BMAHY,Design,design,46 PCT,2029-09-07T00:00:00.000,true
3231,PO79BMAII,Pre-Design,pre-design,FACADE AT NYPD'S FORENSIC LABORATORY,,true
3233,PO79BMAIZ,Construction Procurement,construction procurement,24th Precinct Facade,2029-10-31T00:00:00.000,true
3235,PO79BMAJF,Design,design,32ND PCT PARKING LOT,2033-01-15T00:00:00.000,true
3236,PO79BMAJJ,Construction,construction,7TH PRECINCT HVAC REPLACEMENT,2026-12-15T00:00:00.000,true
3238,PO79BMAJQ,Pre-Design,pre-design,1 Police Plaza Auditorium,,true
3240,PO79BMAJX,Design,design,46th PRECINCT ADA RAMP,2028-10-16T00:00:00.000,true
3241,PO79BMAJZ,(Completed),completed,"49TH, 115TH & MTN PCT HVAC REPLACEMENT",,false
3242,PO79BMAJZ,Construction,construction,49th PCT,2026-12-30T00:00:00.000,true
3243,PO79BMAJZ,Construction,construction,115 PCT,2026-12-30T00:00:00.000,true
3244,PO79BMAJZ,(Completed),completed,MTN,2023-09-29T00:00:00.000,false
3245,PO79BMAKB,Close-out,close-out,REPLACEMENT OF GASOLINE PIPES AT HARBOR GEORGE,2025-05-30T00:00:00.000,true
3246,PO79BMAKC,Pre-Design,pre-design,ELEVATOR REHABILITATION FOR MIDTOWN NORTH PCT,,true
3247,PO79BMAKD,(Completed),completed,RODMAN'S NECK BATHROOM TRAILERS,,false
3249,PO79BMAKG,Pre-Design,pre-design,FBF AVIATION AND DRIVER TRAINING UNIT ROOF REHABILITATION,,true
3251,PO79BMAKI,Pre-Design,pre-design,MTS,,true
3252,PO79BMAKI,(Cancelled),cancelled,HWY 3,,false
3253,PO79BMAKI,Pre-Design,pre-design,75 PCT,,true
3254,PO79BMAKI,Pre-Design,pre-design,77 PCT,,true
3256,PO79BMAKK,Close-out,close-out,REHABILITATION OF 48TH PCT ELEVATOR,2025-04-15T00:00:00.000,true
3258,PO79BMAKM,Design,design,PSA4 HVAC,2028-11-30T00:00:00.000,true
3259,PO79BMAKN,Close-out,close-out,SRG4,,true
3260,PO79BMAKN,Design,design,SRG4,2027-12-26T00:00:00.000,true
3261,PO79BMAKO,Construction Procurement,construction procurement,ROOF REPLACEMENT AT 49TH PCT,2028-09-30T00:00:00.000,true
3262,PO79BMAKP,(On-hold),on-hold,1PP STORM DRAIN,,true
3263,PO79BMAKX,Pre-Design,pre-design,IAB HVAC REPLACEMENT,,true
3265,PO79BMAKZ,Construction,construction,MOUNTED TROOP F AUGER COMPACTOR AND CONCRETE PAD,2026-09-25T00:00:00.000,true
3266,PO79BMALA,Pre-Design,pre-design,5TH PRECINCT CONSTRUCTION RENOVATION,,true
3267,PO79BMALC,(Completed),completed,BOILERS REPLACEMENT AT 52 & 108 PCT,,false
3268,PO79BMALC,Pre-Design,pre-design,52 PCT,,true
3269,PO79BMALC,Design,design,108 PCT,2029-08-01T00:00:00.000,true
3270,PO79BMALE,(Completed),completed,"Electric Upgrade and Generator at the 68th, 108th, and 120th Pcts.",,false
3271,PO79BMALE,Pre-Design,pre-design,68 PCT,,true
3272,PO79BMALE,Pre-Design,pre-design,108 PCT,,true
3273,PO79BMALE,Pre-Design,pre-design,120 PCT,,true
3274,PO79BMALG,(Completed),completed,101ST AND 103RD PRECINCT ROOF AND FACADE,,false
3275,PO79BMALG,Construction Procurement,construction procurement,101 PCT,2028-08-14T00:00:00.000,true
3276,PO79BMALG,Construction Procurement,construction procurement,103 PCT,2028-08-14T00:00:00.000,true
3278,PO79BMALI,(Completed),completed,FT. TOTTEN TANKS REPLACEMENT,,false
3279,PO79-BMS,Pre-Design,pre-design,BMS PROJECTS,,true
3280,PO79BMUPS,Close-out,close-out,ONE POLICE PLAZA UPS,2023-12-30T00:00:00.000,true
3283,PO79CWAC,(Completed),completed,CITYWIDE HVAC PROGRAM,,false
3284,PO79CWAC,Construction,construction,45 PCT,2026-12-15T00:00:00.000,true
3285,PO79CWAC,Construction,construction,46 PCT,2026-12-15T00:00:00.000,true
3286,PO79CWAC,Pre-Design,pre-design,1 PCT,,true
3287,PO79CWAC,Pre-Design,pre-design,CTTF,,true
3288,PO79CWAC,Pre-Design,pre-design,PAL,,true
3289,PO79CWAC,Design,design,88 PCT,2028-10-16T00:00:00.000,true
3290,PO79CWAC,Design,design,HWY 3,2028-08-26T00:00:00.000,true
3291,PO79CWAC,Pre-Design,pre-design,100 PCT,,true
3292,PO79CWAC,Pre-Design,pre-design,103 PCT,,true
3294,PO79FTTIL,Pre-Design,pre-design,K9 RELOCATION FROM BAT TO FORT TILDEN,,true
3295,PO79-GEN,(Completed),completed,PRECINCT GENERATORS LIFE CYCLE REPLACEMENTS,,false
3296,PO79-GEN,Pre-Design,pre-design,30 PCT,,true
3297,PO79-GEN,Pre-Design,pre-design,70 PCT,,true
3298,PO79-GEN,Pre-Design,pre-design,24 PCT,,true
3299,PO79-GEN,Pre-Design,pre-design,112 PCT,,true
3300,PO79-GEN,Pre-Design,pre-design,34 PCT,,true
3301,PO79-GEN,Pre-Design,pre-design,63 PCT,,true
3302,PO79-GEN,Pre-Design,pre-design,CAC,,true
3303,PO79-GEN,Pre-Design,pre-design,69 PCT,,true
3304,PO79-GEN,Pre-Design,pre-design,76 PCT,,true
3305,PO79-GEN,Pre-Design,pre-design,77 PCT,,true
3306,PO79-GEN,Pre-Design,pre-design,"FORT TOTTEN, BLDG 610 (TARU)",,true
3307,PO79-GEN,Pre-Design,pre-design,SRG4,,true
3308,PO79HCFDR,Design,design,HARBOR CHARLIE FLOATING DOCKS RENOVATION,2029-12-31T00:00:00.000,true
3309,PO79HQBB,Close-out,close-out,1 POLICE PLAZA SECURITY BARRIERS & BOOTHS,2025-03-30T00:00:00.000,true
3310,PO79HWAVE,Design,design,NYPD harbor George wave screen replacent,2028-09-15T00:00:00.000,true
4587,PO79LOCK,Design,design,104th Pct. Locker Room rehabilitation,2029-01-14T00:00:00.000,true
4588,PO79LOCK,Design,design,32nd Pct. Locker Room rehabilitation,2027-05-15T00:00:00.000,true
4590,PO-KVEST,(Completed),completed,PEOPLE'S PRECINCTS VESTIBULE REDESIGN,,false
4591,PO-Q106,Pre-Design,pre-design,106th Precinct Renovation,,true
4660,PO79112H,Pre-Design,pre-design,112 PCT,,true
4661,POD106REN,Construction Procurement,construction procurement,106 PCT,2029-02-16T00:00:00.000,true
4662,PO79LABB,Close-out,close-out,Police Laboratory,2024-08-08T00:00:00.000,true
5573,APINYPD02,Pre-Design,pre-design,DCAS funding for PO79137CS,,true
5574,PO79BMAKW,Pre-Design,pre-design,245 Glenmore Roof Replacement,,true
5575,PO79LABFR,Construction Procurement,construction procurement,Renovation of FAS firing range,2028-10-16T00:00:00.000,true
5576,PO-Q109,(Completed),completed,109th Pct. Locker Room Upgrade,,false
5716,ACEPOL241,Design,design,POLICE HQ LED LIGHTING AND CONTROLS UPGRADE,2028-02-02T00:00:00.000,true
5717,PO79ELE13,Design,design,13TH PRECINCT ELEVATOR REHABILITATION,2029-06-26T00:00:00.000,true
5718,SANDCD1,Construction Procurement,construction procurement,FRONT STREET PROPERTY CLERK,2029-07-31T00:00:00.000,true
5719,SANDCD2,Construction Procurement,construction procurement,MOUNTED TROOP E,2029-07-31T00:00:00.000,true
5720,PO79CWAC,Pre-Design,pre-design,104 PCT,,true
5811,PO79BMALK,Pre-Design,pre-design,49th Precinct Locker Room,,true
5812,PO79BTOWP,Pre-Design,pre-design,Bronx Tow Pound Renovation,,true
5860,PO79IAB,Pre-Design,pre-design,IAB Relocation,,true
7307,PO-D19TH,Design,design,19th Pct. Building Improvements,2028-08-20T00:00:00.000,true
7308,P-101SMSC,(Pending),pending,St. Mary's Park Argus Security Cameras - CD 1,,true
7599,HAM26TWSC,(Pending),pending,ITB,,true
,LN18ALRFW,(Pending),pending,Allerton - New Roof and Windows,,true
,LN18BEADA,(Pending),pending,BELMONT- ADA-compliant Restrooms,,true
,LN18RDADA,(Pending),pending,Riverdale - ADA-compliant Bathroom Renovation,,true
,LN22HUDPK,(Pending),pending,Hudson Park - Comprehensive Renovation,,true
,LN24GDNEW,(Pending),pending,GRAND CONCOURSE - New Branch Construction,,true
,LN25CIHVR,(Pending),pending,CITY ISLAND: HVAC and Roof Replacement,,true
,LN25CLHVA,(Pending),pending,MORNINGSIDE HEIGHTS: HVAC Replacement,,true
,LN26GRKCR,(Pending),pending,GREAT KILLS - Comprehensive Renovation,,true
,LN26WHWIN,(Pending),pending,WASHINGTON HEIGHTS - Windows Replacement,,true
,LN27SVCR,(Pending),pending,SOUNDVIEW - Comprehensive Renovation,,true
,LNBEREXRE,(Pending),pending,Belmont - Exterior Renovation,,true
,LNBERHVAC,(Pending),pending,Belmont - HVAC /Mechnical Systems Upgrade,,true
,LNLCGEDEN,(Pending),pending,EDENWALD - Comprehensive Renovation,,true
,LNLCGTSCN,(Pending),pending,Tompkins Square Library Comprehensive Renovation - CONS,,true
,LNRA18RCH,(Pending),pending,Richmondtown - New Boiler,,true
,LNVNADABA,(Pending),pending,Pelham Pkwy/Van Nest - ADA-compliant Bathroom,,true
,L23LPAFAS,(Pending),pending,LPA - Fire Alarm System Replacement,,true
,L23SCHOMB,(Pending),pending,SCHOMBURG CENTER - Decarbonization Project,,true
,L27LPROOF,(Pending),pending,Library for the Peforming Arts - Roof Replacement,,true
,L27SCHOMB,(Pending),pending,"SCHOMBURG - Courtyard, HVAC & Fire Alarm",,true
,LRLCGSCHR,(Pending),pending,SCHOMBURG - ADA Restrooms,,true
,DATACENTR,(Pending),pending,FISA Alternative Data Center,,true
,LQ122-GEN,(Pending),pending,SYSTEMWIDE - General Projects/Infrastructure,,true
,LQBCHREAD,(Pending),pending,BROAD CHANNEL: Library Seating Area,,true
,LQBC-RES,(Pending),pending,BROAD CHANNEL- Resiliency,,true
,LQBC-ROOF,(Pending),pending,BROAD CHANNEL: New roof,,true
,LQBP-XCES,(Pending),pending,SYSTEMWIDE - BP Excess Funding,,true
,LQBR-ROOF,(Pending),pending,BROADWAY - ROOF,,true
,LQCA19LHS,(Pending),pending,LANGSTON HUGHES:BMS SYSTEM,,true
,LQCA20MGR,(Pending),pending,McGoldrick: New Roof,,true
,LQCC-XCES,(Pending),pending,SYSTEMWIDE - CC Excess Funding,,true
,LQCEL-AUD,(Pending),pending,Central - Auditorium Renovation,,true
,LQCELHVAC,(Pending),pending,"CENTRAL: Facade Restoration, Replace HVAC, Roof Replacement",,true
,LQEFRENOV,(Pending),pending,EAST FLUSHING - Branch Renovation,,true
,LQFL-REP,(Pending),pending,"Flushing - Replacement of Roof, HVAC, and Cooling Tower",,true
,LQFLSVELV,(Pending),pending,Flushing Library - Service Elevator Modernization,,true
,LQGL-RES,(Pending),pending,Glendale - Resiliency,,true
,LQGORN-25,(Pending),pending,Glen Oaks - Site Renovation,,true
,LQHILRENO,(Pending),pending,HILLCREST: Renovation,,true
,LQLAHEXTR,(Pending),pending,LANGSTON HUGHES: Exterior Restoration,,true
,LQLERENOV,(Pending),pending,LEFFERTS - Branch Renovation,,true
,LQNN_27,(Pending),pending,FY27 NNs - QPL,,true
,LQNO-HVAC,(Pending),pending,NORTH HILLS - HVAC,,true
,LQPHRS-23,(Pending),pending,Poppenhusen - Resiliency,,true
,LQPMRN-23,(Pending),pending,Pomonok - Branch Renovation,,true
,LQPOMHVAC,(Pending),pending,POMONOK - HVAC System Replacement,,true
,LQQA21CTQ,(Pending),pending,Court Square - New Library Fit Out,,true
,LQQBH-RES,(Pending),pending,QUEENSBORO HILL - Resiliency,,true
,LQQV-TECH,(Pending),pending,QUEENS VILLAGE: Improvements,,true
,LQRVRN-25,(Pending),pending,Rochdale Village - Interior Renovation,,true
,LQSE-ROOF,(Pending),pending,SEASIDE: New Roof,,true
,LQSE-WIN,(Pending),pending,SEASIDE: Windows and Doors,,true
,LQSHORTFA,(Pending),pending,SYSTEMWIDE - Project Shortfalls,,true
,LQSTW-RES,(Pending),pending,STEINWAY- Resiliency,,true
,LQSTWSOLR,(Pending),pending,STEINWAY: Solar Panels,,true
,LQWHRN-26,(Pending),pending,Woodhaven - Branch Renovation,,true
,LQWP-MASO,(Pending),pending,WINDSOR PARK - MASONRY,,true
,LQWP-TECH,(Pending),pending,WINDSOR PARK: Improvement,,true
,LQWSRN-23,(Pending),pending,Whitestone - Branch Renovation,,true
,LQWS-TEEN,(Pending),pending,WOODSIDE: Renovation,,true
,LQWSTTECH,(Pending),pending,WHITESTONE: Technology Initiative,,true
